customer_id,age,income,employment_type,education,marital_status,region,credit_score,loan_amount,tenure_years,existing_loans,default
C00001,59,231999,Business,Not Graduate,Married,East,719,1643526,2,1,1
C00002,49,274910,Self-Employed,Not Graduate,Married,North,785,854660,10,2,0
C00003,35,364231,Business,Graduate,Single,East,610,635009,2,0,0
C00004,63,894552,Salaried,Graduate,Married,North,547,712746,2,1,0
C00005,28,395917,Salaried,Not Graduate,Married,West,428,843294,10,0,0
C00006,41,358306,Business,Not Graduate,Single,North,561,614396,2,0,1
C00007,59,208341,Salaried,Not Graduate,Single,West,639,141788,20,1,0
C00008,39,329223,Salaried,Graduate,Married,North,793,518239,10,2,1
C00009,43,254022,Salaried,Not Graduate,Married,South,710,294437,15,2,0
C00010,31,281691,Self-Employed,Not Graduate,Single,West,677,1859875,15,0,0
C00011,31,466950,Self-Employed,Graduate,Married,East,613,916572,5,2,0
C00012,44,369341,Salaried,Graduate,Married,East,597,1050467,3,0,0
C00013,56,950527,Business,Not Graduate,Married,East,776,732561,15,0,0
C00014,60,718629,Business,Graduate,Married,East,668,1953586,15,1,0
C00015,44,336381,Salaried,Graduate,Married,South,460,99966,2,0,0
C00016,23,292854,Salaried,Graduate,Married,South,589,235846,10,1,0
C00017,42,824216,Self-Employed,Graduate,Single,Central,572,1371106,1,1,1
C00018,22,933801,Self-Employed,Not Graduate,Married,Central,600,651516,2,1,0
C00019,44,164816,Salaried,Graduate,Single,Central,700,1089524,2,3,1
C00020,64,461291,Salaried,Graduate,Single,Central,640,1244873,20,0,0
C00021,50,395005,Salaried,Graduate,Married,North,643,1508485,10,0,0
C00022,58,592498,Salaried,Not Graduate,Married,West,768,1432917,1,0,1
C00023,22,1060446,Salaried,Not Graduate,Married,East,587,93021,1,2,0
C00024,41,355817,Self-Employed,Graduate,Single,North,817,431059,5,2,0
C00025,53,175025,Self-Employed,Not Graduate,Married,South,589,199333,2,1,0
C00026,32,574096,Self-Employed,Graduate,Single,East,658,470594,20,1,0
C00027,42,826937,Salaried,Graduate,Single,West,624,953606,3,0,0
C00028,64,385890,Self-Employed,Graduate,Married,West,661,826934,15,0,0
C00029,45,322137,Salaried,Not Graduate,Single,South,690,136755,2,2,0
C00030,47,363390,Salaried,Graduate,Married,East,689,979441,3,3,1
C00031,62,648613,Self-Employed,Not Graduate,Married,Central,582,1164906,3,0,0
C00032,48,360588,Self-Employed,Graduate,Married,East,548,752726,10,1,0
C00033,36,512954,Salaried,Graduate,Single,East,875,908754,2,0,0
C00034,35,447983,Self-Employed,Graduate,Single,West,606,1987326,10,0,0
C00035,64,427658,Business,Not Graduate,Married,South,712,619601,5,0,0
C00036,23,606573,Self-Employed,Graduate,Married,East,505,284729,3,0,0
C00037,57,356695,Self-Employed,Graduate,Married,North,624,807071,1,1,1
C00038,27,364483,Business,Not Graduate,Single,North,638,1387752,3,0,0
C00039,41,633440,Self-Employed,Graduate,Married,South,692,1583755,5,1,0
C00040,29,283759,Self-Employed,Not Graduate,Single,Central,404,198430,3,2,1
C00041,59,297717,Salaried,Graduate,Married,East,664,1091431,10,0,0
C00042,38,250912,Salaried,Graduate,Married,East,546,1946718,2,2,1
C00043,24,648265,Self-Employed,Graduate,Single,West,679,1456046,1,0,1
C00044,45,421950,Self-Employed,Graduate,Married,East,556,1446877,10,0,0
C00045,34,244965,Salaried,Graduate,Married,Central,573,492037,15,0,0
C00046,29,649666,Business,Graduate,Married,East,625,78365,2,1,0
C00047,46,344553,Salaried,Graduate,Married,East,555,1373909,1,0,1
C00048,22,298864,Self-Employed,Graduate,Married,West,607,1568541,5,0,1
C00049,40,405122,Salaried,Graduate,Married,North,542,1630112,3,0,1
C00050,48,860634,Salaried,Not Graduate,Single,North,485,1102945,1,0,1
C00051,27,370373,Business,Graduate,Single,Central,741,506979,20,0,0
C00052,64,573149,Salaried,Graduate,Single,South,533,1913613,15,1,0
C00053,28,613653,Salaried,Graduate,Single,South,633,1934624,5,1,0
C00054,55,540080,Salaried,Graduate,Married,West,717,1546271,2,0,0
C00055,34,783857,Salaried,Graduate,Married,East,594,415863,20,1,0
C00056,37,321836,Self-Employed,Graduate,Married,West,575,1270531,1,1,1
C00057,56,276647,Business,Graduate,Single,North,670,1655919,5,1,0
C00058,60,274214,Salaried,Graduate,Married,Central,750,1822667,2,0,1
C00059,24,414566,Self-Employed,Graduate,Married,South,544,1477400,20,1,1
C00060,22,288898,Self-Employed,Graduate,Single,East,636,319594,20,0,0
C00061,26,472783,Business,Not Graduate,Married,South,494,1232573,10,1,0
C00062,62,458009,Business,Graduate,Married,North,614,523267,3,0,0
C00063,24,699665,Self-Employed,Graduate,Married,East,653,100272,5,3,1
C00064,49,504344,Salaried,Graduate,Married,North,573,1103886,20,1,0
C00065,38,366858,Salaried,Graduate,Married,South,608,1130393,10,0,1
C00066,46,532257,Salaried,Not Graduate,Married,South,523,1606926,15,1,0
C00067,64,278288,Self-Employed,Not Graduate,Single,North,656,536160,15,0,0
C00068,54,434884,Self-Employed,Not Graduate,Married,East,745,1536320,2,4,1
C00069,30,510798,Self-Employed,Graduate,Married,North,551,1023283,20,0,1
C00070,56,468922,Self-Employed,Not Graduate,Married,East,593,790176,20,1,0
C00071,34,533267,Salaried,Graduate,Single,West,695,132641,1,0,0
C00072,51,331101,Self-Employed,Graduate,Married,West,759,1838019,20,1,0
C00073,35,742972,Salaried,Graduate,Married,East,515,1830246,3,0,1
C00074,28,1004475,Salaried,Graduate,Single,North,634,1638321,2,0,0
C00075,34,215086,Salaried,Graduate,Married,East,675,92311,5,0,0
C00076,43,256012,Business,Graduate,Married,South,640,1250534,20,2,0
C00077,60,451074,Salaried,Graduate,Married,North,427,1568904,3,1,1
C00078,41,394175,Business,Graduate,Single,East,695,1542669,20,1,0
C00079,36,1038601,Salaried,Graduate,Single,South,786,1746437,10,5,0
C00080,38,488406,Salaried,Not Graduate,Married,Central,660,409571,3,4,1
C00081,44,827898,Business,Graduate,Married,South,557,1921189,10,0,0
C00082,46,175939,Self-Employed,Not Graduate,Single,East,603,1262910,2,0,1
C00083,45,638180,Salaried,Not Graduate,Single,North,809,443238,20,1,0
C00084,61,320621,Salaried,Graduate,Single,North,731,837560,1,0,1
C00085,49,318317,Business,Graduate,Married,West,707,1702386,15,1,0
C00086,35,395631,Salaried,Graduate,Married,East,682,1261970,3,2,1
C00087,21,233033,Self-Employed,Graduate,Married,South,590,98929,1,1,0
C00088,45,539961,Salaried,Not Graduate,Married,South,631,655984,1,0,1
C00089,27,482058,Salaried,Graduate,Married,East,642,427389,15,0,0
C00090,29,498713,Salaried,Not Graduate,Married,South,699,846240,3,2,0
C00091,44,659451,Self-Employed,Graduate,Single,Central,785,1718012,20,0,0
C00092,21,874713,Self-Employed,Not Graduate,Married,West,750,496098,3,0,0
C00093,64,375618,Salaried,Graduate,Married,North,522,858157,1,1,1
C00094,28,548426,Self-Employed,Not Graduate,Married,South,670,1433254,5,0,0
C00095,44,504763,Business,Not Graduate,Married,Central,716,1400670,5,0,1
C00096,31,524356,Business,Graduate,Single,East,705,1842890,3,1,0
C00097,37,527903,Salaried,Graduate,Single,South,593,133576,1,3,0
C00098,28,905032,Salaried,Graduate,Married,East,900,70557,1,1,0
C00099,55,359743,Business,Not Graduate,Single,Central,535,596113,2,0,0
C00100,55,222663,Salaried,Graduate,Single,Central,552,1369718,1,1,1
C00101,53,323177,Salaried,Graduate,Married,North,671,86080,15,1,0
C00102,25,622046,Business,Graduate,Married,East,840,1881679,5,2,1
C00103,62,447082,Salaried,Graduate,Single,West,574,1287445,2,0,0
C00104,59,358462,Salaried,Graduate,Single,North,626,1769738,20,1,0
C00105,61,272549,Salaried,Graduate,Single,East,746,543844,15,0,0
C00106,48,488736,Business,Graduate,Married,East,648,1665271,20,3,0
C00107,27,591269,Salaried,Graduate,Married,Central,619,1218859,5,0,0
C00108,29,507698,Business,Graduate,Single,Central,700,63338,15,1,0
C00109,28,394747,Self-Employed,Graduate,Married,East,674,650577,10,1,0
C00110,32,472592,Salaried,Graduate,Single,Central,742,1563312,3,2,1
C00111,54,471360,Salaried,Graduate,Single,East,766,1772831,10,1,0
C00112,53,481838,Salaried,Not Graduate,Married,East,677,228982,3,0,0
C00113,43,259642,Self-Employed,Graduate,Single,North,676,1207943,5,2,0
C00114,44,483495,Salaried,Graduate,Married,North,669,378042,5,0,0
C00115,57,362845,Business,Graduate,Married,West,694,970958,10,1,0
C00116,55,706641,Salaried,Graduate,Single,North,654,1740350,15,1,0
C00117,64,469683,Salaried,Graduate,Married,South,649,1447260,20,1,0
C00118,60,644329,Salaried,Not Graduate,Married,South,757,1593351,3,1,0
C00119,42,386233,Self-Employed,Graduate,Married,Central,786,1837073,3,0,1
C00120,47,392553,Salaried,Graduate,Married,South,514,493853,2,1,0
C00121,55,866669,Salaried,Not Graduate,Married,North,650,1878919,1,1,1
C00122,21,538396,Business,Graduate,Single,West,588,710709,15,1,0
C00123,55,320766,Self-Employed,Graduate,Married,East,622,876395,15,0,0
C00124,57,662409,Self-Employed,Graduate,Single,West,686,1043087,2,1,0
C00125,34,348019,Self-Employed,Graduate,Single,North,710,1499542,5,0,0
C00126,23,489707,Self-Employed,Not Graduate,Married,North,639,407073,10,1,0
C00127,21,1011053,Salaried,Graduate,Single,North,477,1776399,15,0,0
C00128,25,232332,Salaried,Graduate,Single,Central,563,649223,3,2,1
C00129,46,408765,Business,Graduate,Married,South,730,1812728,2,1,1
C00130,34,531640,Salaried,Graduate,Married,North,403,850118,10,0,0
C00131,59,624130,Self-Employed,Not Graduate,Single,East,756,1598131,20,0,0
C00132,47,253075,Salaried,Graduate,Single,South,696,1162104,10,0,0
C00133,29,221658,Salaried,Not Graduate,Single,South,768,1722675,15,1,0
C00134,35,722763,Salaried,Graduate,Single,Central,632,558907,1,2,0
C00135,35,319915,Salaried,Not Graduate,Married,West,464,1383507,3,2,1
C00136,46,313944,Self-Employed,Graduate,Married,South,688,982280,10,1,0
C00137,62,888786,Salaried,Graduate,Married,South,764,427757,20,0,0
C00138,33,456510,Salaried,Not Graduate,Married,North,733,1062567,3,0,0
C00139,52,457854,Business,Graduate,Married,East,590,762787,15,0,1
C00140,59,408027,Salaried,Not Graduate,Married,North,657,1883005,2,0,1
C00141,52,255048,Business,Graduate,Married,East,602,1203463,20,0,0
C00142,24,599627,Business,Graduate,Married,South,576,1159662,10,2,0
C00143,50,531922,Business,Not Graduate,Married,East,735,938663,20,0,0
C00144,57,477305,Business,Not Graduate,Married,North,542,1354070,15,0,0
C00145,43,419850,Salaried,Not Graduate,Married,North,569,558889,10,0,0
C00146,59,387881,Business,Not Graduate,Married,West,550,1686172,20,0,0
C00147,35,667048,Business,Graduate,Single,Central,515,327941,2,0,0
C00148,63,415159,Business,Graduate,Married,West,663,1366022,20,1,0
C00149,49,429841,Salaried,Not Graduate,Married,South,754,506388,3,0,0
C00150,56,561547,Business,Graduate,Married,East,633,612347,3,0,0
C00151,33,485814,Self-Employed,Not Graduate,Married,North,514,181980,10,0,1
C00152,52,926365,Self-Employed,Graduate,Married,North,725,1814188,15,1,0
C00153,27,200262,Salaried,Graduate,Single,North,801,1572451,2,1,1
C00154,42,506337,Salaried,Graduate,Married,North,591,193949,5,2,0
C00155,48,322054,Business,Graduate,Single,South,606,326383,3,0,0
C00156,22,289543,Salaried,Graduate,Married,Central,696,1054475,20,1,0
C00157,62,360166,Salaried,Graduate,Single,West,795,77313,5,1,0
C00158,26,453434,Business,Not Graduate,Single,West,603,1068394,20,0,0
C00159,48,462582,Salaried,Graduate,Single,North,530,1140679,10,0,0
C00160,48,223510,Salaried,Graduate,Married,North,706,229480,5,1,1
C00161,64,346803,Salaried,Not Graduate,Single,East,721,1575043,15,0,0
C00162,64,502097,Salaried,Not Graduate,Single,North,650,1187347,20,1,0
C00163,40,298158,Salaried,Graduate,Single,West,599,1224804,15,0,0
C00164,50,267894,Salaried,Not Graduate,Single,East,739,141665,20,0,0
C00165,31,160290,Salaried,Graduate,Single,East,697,846966,5,1,0
C00166,48,328260,Self-Employed,Not Graduate,Single,North,580,1928068,15,0,1
C00167,45,263726,Business,Not Graduate,Married,East,654,1902197,3,0,1
C00168,59,284142,Salaried,Graduate,Married,Central,528,1708931,10,1,1
C00169,53,391476,Salaried,Not Graduate,Married,North,711,847399,5,0,0
C00170,21,337755,Salaried,Not Graduate,Married,Central,626,787351,20,0,0
C00171,47,261762,Business,Graduate,Married,North,610,901995,3,0,0
C00172,33,170735,Business,Graduate,Married,Central,647,320804,20,2,0
C00173,61,506885,Salaried,Graduate,Single,North,653,1479391,5,0,1
C00174,23,620804,Salaried,Graduate,Married,West,730,534091,20,0,1
C00175,59,370076,Self-Employed,Not Graduate,Single,North,703,179909,3,0,0
C00176,26,392542,Self-Employed,Graduate,Married,West,635,1531615,15,0,0
C00177,28,442973,Salaried,Graduate,Married,South,718,499058,15,1,0
C00178,47,900272,Self-Employed,Not Graduate,Single,South,686,190688,10,1,0
C00179,29,218497,Self-Employed,Not Graduate,Married,North,611,1174552,20,1,0
C00180,57,367133,Business,Not Graduate,Married,West,638,1856072,15,0,0
C00181,53,203844,Salaried,Graduate,Single,West,636,1278386,2,1,1
C00182,62,520759,Business,Graduate,Married,East,695,1373827,3,2,1
C00183,64,414661,Salaried,Graduate,Married,East,616,1815340,3,1,1
C00184,44,484729,Self-Employed,Graduate,Single,Central,614,1717046,5,2,1
C00185,35,473972,Self-Employed,Graduate,Single,East,827,1866017,10,1,0
C00186,52,690947,Salaried,Not Graduate,Married,North,734,928219,1,2,0
C00187,52,563633,Self-Employed,Graduate,Married,East,581,1900962,15,0,0
C00188,44,642889,Salaried,Graduate,Single,East,701,329087,1,2,0
C00189,61,273897,Salaried,Graduate,Married,North,660,1139301,2,6,1
C00190,32,756854,Salaried,Not Graduate,Single,North,685,1930442,10,0,0
C00191,59,319635,Salaried,Graduate,Married,Central,662,1970759,3,0,1
C00192,22,328013,Salaried,Graduate,Married,West,757,584398,1,0,1
C00193,23,499757,Business,Graduate,Married,East,681,548864,2,0,0
C00194,57,506795,Salaried,Graduate,Married,South,644,1377182,10,0,0
C00195,37,273119,Salaried,Not Graduate,Single,West,743,1439952,2,2,1
C00196,22,409226,Salaried,Graduate,Single,North,670,759441,15,1,0
C00197,22,864326,Salaried,Graduate,Married,East,660,496015,1,0,0
C00198,48,228490,Salaried,Not Graduate,Single,Central,678,640855,5,1,1
C00199,43,863154,Salaried,Graduate,Married,South,641,532517,5,1,0
C00200,57,396819,Salaried,Graduate,Married,West,650,1805160,10,1,0
C00201,52,154509,Salaried,Graduate,Single,East,597,1488145,2,0,1
C00202,53,239179,Self-Employed,Graduate,Married,North,582,892495,3,1,1
C00203,21,286769,Self-Employed,Not Graduate,Single,West,560,1211970,1,1,1
C00204,39,334112,Salaried,Graduate,Married,South,524,1940248,5,1,1
C00205,22,422049,Salaried,Graduate,Single,North,570,1966360,5,0,0
C00206,64,131063,Business,Graduate,Single,South,634,198940,2,1,0
C00207,46,481211,Salaried,Not Graduate,Married,East,659,1043477,5,0,1
C00208,52,275187,Business,Not Graduate,Married,West,625,393133,20,1,0
C00209,26,827144,Salaried,Not Graduate,Married,Central,437,1120798,2,0,1
C00210,52,391766,Salaried,Graduate,Married,East,791,129794,1,0,0
C00211,24,676224,Self-Employed,Not Graduate,Married,East,747,1686788,2,2,1
C00212,31,729166,Business,Graduate,Married,Central,690,674142,5,0,0
C00213,37,720335,Salaried,Graduate,Single,Central,821,1963521,2,0,0
C00214,58,342873,Salaried,Not Graduate,Single,North,562,834326,5,0,0
C00215,44,340905,Salaried,Not Graduate,Single,South,819,891081,15,1,0
C00216,25,399816,Business,Not Graduate,Single,East,563,415130,10,1,0
C00217,54,589073,Self-Employed,Not Graduate,Single,North,671,818103,5,1,0
C00218,26,351578,Salaried,Not Graduate,Single,North,535,920181,20,2,0
C00219,42,419295,Salaried,Graduate,Married,East,651,283127,20,0,0
C00220,31,500377,Salaried,Graduate,Single,South,684,554434,20,1,0
C00221,36,294430,Salaried,Graduate,Married,Central,636,1239871,20,0,0
C00222,53,286172,Salaried,Graduate,Married,East,714,1277814,5,0,0
C00223,29,412001,Self-Employed,Not Graduate,Married,South,658,89369,5,0,0
C00224,26,437302,Salaried,Not Graduate,Single,Central,602,922811,10,2,0
C00225,36,537803,Salaried,Graduate,Married,West,598,1954400,15,2,0
C00226,49,598600,Self-Employed,Not Graduate,Married,East,722,1897669,3,0,0
C00227,23,269796,Salaried,Graduate,Married,East,591,1769527,5,1,1
C00228,40,306987,Salaried,Not Graduate,Single,South,732,383862,3,0,0
C00229,56,285832,Salaried,Not Graduate,Single,North,760,760595,1,0,1
C00230,39,835346,Salaried,Graduate,Single,North,499,320114,15,0,0
C00231,46,419105,Business,Graduate,Single,South,751,97922,2,0,0
C00232,23,445636,Self-Employed,Graduate,Married,East,835,1592190,3,0,0
C00233,39,454066,Salaried,Not Graduate,Married,East,672,867187,20,1,0
C00234,40,320599,Salaried,Graduate,Single,East,703,1077903,15,2,0
C00235,52,894411,Salaried,Graduate,Single,West,743,695214,1,0,0
C00236,27,532299,Self-Employed,Graduate,Single,North,625,69416,15,1,0
C00237,61,450365,Salaried,Graduate,Single,West,666,63672,2,1,0
C00238,53,269045,Salaried,Not Graduate,Married,East,531,526684,5,0,0
C00239,60,262270,Salaried,Not Graduate,Married,North,662,178145,5,0,0
C00240,59,384997,Salaried,Graduate,Single,East,694,752356,20,0,0
C00241,38,322869,Self-Employed,Graduate,Single,East,696,1959103,5,3,1
C00242,60,273662,Business,Graduate,Married,South,745,50064,10,0,0
C00243,21,374395,Business,Graduate,Single,North,580,118835,10,0,0
C00244,31,401357,Salaried,Graduate,Married,East,602,1300033,10,1,0
C00245,48,471560,Self-Employed,Graduate,Married,Central,820,1346371,20,0,0
C00246,45,352651,Self-Employed,Graduate,Married,Central,636,1502847,10,1,0
C00247,43,281132,Business,Graduate,Single,East,668,399738,1,1,1
C00248,51,285553,Salaried,Graduate,Single,South,643,691204,20,1,0
C00249,50,763629,Self-Employed,Graduate,Married,East,576,1967524,15,1,0
C00250,62,251880,Salaried,Graduate,Single,Central,796,901098,1,0,1
C00251,55,520961,Self-Employed,Not Graduate,Single,North,602,1293922,5,0,0
C00252,27,558939,Salaried,Graduate,Married,South,548,954726,2,1,1
C00253,36,418916,Self-Employed,Not Graduate,Married,East,609,1371586,10,1,0
C00254,46,980210,Business,Not Graduate,Married,Central,469,1102465,15,1,0
C00255,22,554473,Salaried,Graduate,Single,North,591,1216770,2,1,1
C00256,21,1013891,Salaried,Graduate,Married,Central,562,1223290,20,0,0
C00257,32,330057,Salaried,Graduate,Single,South,705,1015730,20,1,0
C00258,25,332609,Salaried,Graduate,Single,West,589,1654199,1,1,1
C00259,57,560952,Salaried,Graduate,Married,East,729,1149123,10,1,0
C00260,52,393304,Salaried,Graduate,Single,North,775,207234,20,0,0
C00261,29,944630,Business,Not Graduate,Single,South,720,794809,1,1,1
C00262,61,515950,Salaried,Graduate,Single,South,630,730047,1,1,1
C00263,55,276493,Self-Employed,Graduate,Married,West,662,1983764,3,0,1
C00264,39,202487,Business,Not Graduate,Married,West,512,323139,15,1,1
C00265,36,427108,Business,Not Graduate,Married,East,637,499704,1,1,1
C00266,23,425021,Self-Employed,Graduate,Married,East,572,1101207,5,0,0
C00267,40,509504,Salaried,Graduate,Married,South,712,187039,20,2,0
C00268,44,762845,Business,Graduate,Married,East,881,924726,1,2,0
C00269,53,718988,Salaried,Graduate,Single,East,694,1447998,10,2,0
C00270,44,340951,Business,Not Graduate,Single,West,470,638759,20,0,0
C00271,31,247157,Self-Employed,Graduate,Married,South,617,349260,20,1,0
C00272,28,253887,Self-Employed,Graduate,Single,Central,661,1977124,5,0,1
C00273,56,317565,Salaried,Graduate,Single,Central,657,1526019,1,0,1
C00274,58,375108,Self-Employed,Graduate,Married,North,584,1755878,5,0,1
C00275,60,507513,Business,Graduate,Married,West,672,621952,1,0,1
C00276,40,308526,Business,Not Graduate,Married,North,538,733429,15,2,0
C00277,55,501910,Salaried,Graduate,Married,South,564,1185918,5,1,0
C00278,45,520694,Business,Graduate,Married,Central,708,64407,2,1,0
C00279,55,471891,Salaried,Graduate,Married,Central,558,1212502,3,1,0
C00280,45,266231,Self-Employed,Not Graduate,Single,Central,698,371345,5,0,0
C00281,49,546080,Self-Employed,Not Graduate,Married,North,526,916525,10,0,1
C00282,38,1128693,Salaried,Not Graduate,Single,East,808,497564,3,1,0
C00283,38,494179,Salaried,Not Graduate,Single,North,580,1835917,3,0,1
C00284,22,117138,Self-Employed,Not Graduate,Married,Central,629,1640742,1,0,1
C00285,55,773279,Salaried,Graduate,Single,West,679,133100,5,1,0
C00286,36,322469,Salaried,Graduate,Single,West,599,1963637,15,0,0
C00287,61,1226371,Self-Employed,Graduate,Married,North,662,1547212,20,2,0
C00288,56,466196,Business,Graduate,Single,North,701,544308,3,1,0
C00289,53,207292,Self-Employed,Not Graduate,Married,South,736,1321635,10,1,0
C00290,24,174710,Salaried,Graduate,Single,North,721,1666032,15,0,0
C00291,53,884593,Salaried,Graduate,Single,North,634,1348972,15,2,0
C00292,34,727709,Self-Employed,Graduate,Married,Central,636,1873345,10,0,0
C00293,41,1204660,Self-Employed,Graduate,Married,East,861,367006,20,0,0
C00294,40,444593,Self-Employed,Graduate,Married,Central,735,1057126,10,2,0
C00295,28,431301,Business,Graduate,Married,East,567,1049529,1,1,1
C00296,27,372419,Salaried,Graduate,Married,Central,658,78004,2,1,0
C00297,23,328985,Salaried,Not Graduate,Married,Central,619,856903,20,1,0
C00298,37,370795,Business,Graduate,Single,South,637,574252,5,0,0
C00299,53,487896,Salaried,Graduate,Single,East,539,666108,3,0,0
C00300,32,302623,Self-Employed,Not Graduate,Single,Central,612,1289815,5,0,0
C00301,42,208734,Business,Graduate,Single,Central,813,1725093,15,1,0
C00302,42,475415,Business,Not Graduate,Single,East,702,527044,3,0,0
C00303,50,299602,Self-Employed,Not Graduate,Single,South,425,901740,20,3,1
C00304,58,102976,Salaried,Not Graduate,Married,East,759,1444689,1,1,1
C00305,58,567306,Business,Not Graduate,Married,South,748,1113144,5,0,0
C00306,28,268706,Self-Employed,Graduate,Single,South,617,1078464,1,0,1
C00307,47,595886,Salaried,Graduate,Married,West,714,1632330,1,1,1
C00308,47,589500,Self-Employed,Graduate,Married,South,572,1320705,20,1,0
C00309,54,502632,Salaried,Graduate,Single,West,607,1680188,5,0,0
C00310,41,1360779,Business,Graduate,Married,North,784,938640,5,0,0
C00311,50,415765,Salaried,Graduate,Single,South,625,196539,20,0,0
C00312,53,389049,Business,Not Graduate,Married,East,481,1065059,20,1,0
C00313,48,601783,Business,Graduate,Single,West,644,1698819,3,0,1
C00314,53,431511,Business,Graduate,Married,North,642,197748,15,0,0
C00315,25,745806,Self-Employed,Graduate,Married,North,757,1193367,15,1,0
C00316,39,249955,Business,Not Graduate,Married,South,651,736874,20,0,0
C00317,24,251833,Salaried,Not Graduate,Married,East,612,945150,10,0,1
C00318,55,624442,Salaried,Graduate,Married,South,744,596938,1,1,0
C00319,37,261930,Business,Not Graduate,Single,Central,660,400434,15,1,0
C00320,64,581923,Salaried,Graduate,Married,North,582,1176277,2,2,0
C00321,48,522563,Salaried,Graduate,Married,Central,753,1895691,20,0,0
C00322,50,323670,Salaried,Graduate,Married,Central,667,279164,20,0,0
C00323,49,521897,Salaried,Graduate,Married,West,650,1551611,3,0,1
C00324,26,253833,Self-Employed,Not Graduate,Single,Central,666,655266,20,2,1
C00325,55,282107,Self-Employed,Graduate,Single,North,553,1627724,3,1,1
C00326,61,397625,Salaried,Graduate,Married,North,602,709089,10,1,0
C00327,57,458409,Business,Not Graduate,Single,East,650,605639,10,0,0
C00328,44,385911,Salaried,Not Graduate,Single,South,632,1604496,20,0,0
C00329,49,537617,Self-Employed,Graduate,Married,East,764,1423464,1,2,1
C00330,51,526923,Salaried,Graduate,Single,East,669,729706,3,1,1
C00331,55,880473,Self-Employed,Graduate,Single,South,726,956630,3,0,0
C00332,53,423844,Salaried,Graduate,Married,North,650,910587,2,0,0
C00333,41,757329,Salaried,Not Graduate,Single,West,745,1220025,1,1,1
C00334,52,669526,Business,Graduate,Single,Central,685,650988,1,2,1
C00335,43,1242069,Salaried,Not Graduate,Single,West,651,809774,15,1,0
C00336,53,417789,Business,Graduate,Married,Central,648,1891963,10,1,0
C00337,23,366164,Self-Employed,Graduate,Married,South,564,1356147,15,1,0
C00338,38,779152,Salaried,Not Graduate,Single,South,695,513506,1,0,0
C00339,45,526204,Self-Employed,Graduate,Single,East,646,487509,20,1,0
C00340,62,787600,Salaried,Graduate,Married,South,604,766696,2,0,1
C00341,51,610821,Salaried,Not Graduate,Single,Central,749,858094,20,2,0
C00342,23,171434,Business,Graduate,Married,West,537,1629272,20,0,1
C00343,60,524051,Salaried,Graduate,Married,West,611,1794339,1,1,1
C00344,44,508920,Self-Employed,Graduate,Single,West,742,313369,15,0,0
C00345,52,469722,Salaried,Graduate,Married,West,678,979700,5,1,0
C00346,42,416853,Self-Employed,Not Graduate,Single,East,645,513002,20,0,0
C00347,43,216108,Salaried,Not Graduate,Single,West,672,1245020,20,0,0
C00348,22,655648,Salaried,Graduate,Single,Central,666,831608,5,0,0
C00349,47,523449,Business,Not Graduate,Married,East,513,1640143,2,1,1
C00350,62,726417,Salaried,Graduate,Single,East,618,1208977,10,1,0
C00351,22,221363,Self-Employed,Not Graduate,Single,East,795,1325377,3,1,1
C00352,46,555825,Self-Employed,Not Graduate,Single,South,590,821668,1,2,0
C00353,37,398078,Self-Employed,Graduate,Married,East,621,1602151,15,1,0
C00354,60,471986,Self-Employed,Not Graduate,Single,Central,601,1977412,10,2,1
C00355,53,400143,Salaried,Graduate,Single,West,642,219259,15,3,0
C00356,29,565024,Salaried,Graduate,Married,South,597,297145,10,0,0
C00357,63,411147,Business,Graduate,Married,West,693,360625,1,1,0
C00358,59,275581,Business,Not Graduate,Married,North,667,733835,3,1,1
C00359,49,459958,Salaried,Not Graduate,Single,South,719,1143128,1,2,1
C00360,62,401764,Salaried,Graduate,Married,Central,555,249041,3,0,1
C00361,46,426118,Self-Employed,Graduate,Married,South,619,1306182,15,0,0
C00362,55,105396,Business,Graduate,Single,East,629,1853541,2,0,1
C00363,45,601502,Business,Graduate,Married,South,691,836157,3,2,0
C00364,44,384001,Business,Graduate,Married,East,578,1498650,10,1,0
C00365,33,241187,Salaried,Graduate,Married,West,732,779846,2,0,1
C00366,27,670080,Business,Graduate,Married,South,756,124474,15,1,0
C00367,56,589107,Business,Graduate,Married,South,561,337312,5,1,0
C00368,40,381820,Salaried,Graduate,Single,Central,605,1654963,2,1,1
C00369,21,263424,Salaried,Graduate,Married,North,602,252252,3,0,0
C00370,28,479315,Salaried,Not Graduate,Single,South,886,1863318,2,0,0
C00371,36,467613,Self-Employed,Graduate,Married,West,611,1422175,15,0,1
C00372,34,670614,Salaried,Graduate,Single,East,800,628528,2,0,0
C00373,32,362333,Salaried,Graduate,Single,West,536,386940,15,0,0
C00374,43,757451,Salaried,Graduate,Married,Central,560,1939600,5,1,0
C00375,35,346932,Salaried,Not Graduate,Married,South,588,1883610,3,0,1
C00376,48,241439,Salaried,Graduate,Married,North,573,1482901,20,0,0
C00377,54,265792,Self-Employed,Graduate,Married,North,625,302051,10,1,0
C00378,22,430160,Salaried,Not Graduate,Single,South,586,1200187,2,0,1
C00379,52,429560,Business,Not Graduate,Married,North,576,1680910,20,1,0
C00380,43,512746,Business,Not Graduate,Married,West,754,1873332,1,0,1
C00381,42,424782,Business,Graduate,Married,East,760,66488,10,0,0
C00382,45,686796,Self-Employed,Graduate,Married,South,735,1288489,2,0,0
C00383,42,393370,Salaried,Graduate,Single,East,697,430665,10,1,0
C00384,42,180173,Salaried,Graduate,Married,North,658,758029,20,1,0
C00385,62,418949,Salaried,Graduate,Married,Central,605,716205,1,0,1
C00386,26,179324,Business,Not Graduate,Single,East,564,1789995,10,0,0
C00387,35,499881,Salaried,Graduate,Married,Central,682,1116970,20,2,0
C00388,63,711931,Self-Employed,Not Graduate,Single,West,544,930425,10,0,0
C00389,57,283849,Self-Employed,Not Graduate,Married,Central,560,1275554,1,1,1
C00390,53,837645,Business,Not Graduate,Married,East,753,1157908,1,0,0
C00391,28,646464,Self-Employed,Graduate,Single,East,821,1266953,1,0,1
C00392,64,761401,Self-Employed,Graduate,Single,South,685,1141204,5,0,0
C00393,64,481809,Salaried,Not Graduate,Married,Central,749,857784,15,0,0
C00394,25,283015,Self-Employed,Graduate,Married,West,627,1578474,15,0,0
C00395,59,628673,Salaried,Graduate,Married,South,529,919403,20,1,0
C00396,24,334011,Business,Graduate,Single,South,705,1150569,1,0,1
C00397,26,466516,Salaried,Not Graduate,Single,West,701,1269034,20,0,0
C00398,52,409581,Salaried,Graduate,Married,South,656,939459,15,1,0
C00399,50,733889,Business,Graduate,Single,West,628,1024128,10,0,0
C00400,55,614550,Salaried,Not Graduate,Married,North,736,500281,1,0,0
C00401,60,426661,Business,Not Graduate,Single,South,561,956644,2,0,1
C00402,36,183831,Business,Graduate,Married,East,580,528720,1,2,1
C00403,33,332417,Business,Graduate,Single,North,559,556357,1,1,1
C00404,62,607374,Salaried,Graduate,Married,South,657,1107115,15,0,0
C00405,50,501846,Salaried,Graduate,Married,West,552,182335,20,0,0
C00406,39,224931,Business,Not Graduate,Married,North,588,1505097,3,1,1
C00407,37,196228,Business,Not Graduate,Single,North,586,1938825,10,0,0
C00408,39,483100,Salaried,Not Graduate,Single,East,626,991902,15,0,1
C00409,48,274944,Salaried,Graduate,Single,South,516,1338886,20,0,0
C00410,46,287115,Salaried,Not Graduate,Married,South,657,1065120,20,2,0
C00411,57,598794,Business,Not Graduate,Married,West,762,1305449,10,2,0
C00412,46,759949,Salaried,Not Graduate,Married,North,662,1409827,20,0,0
C00413,43,315585,Salaried,Not Graduate,Single,East,788,999656,2,0,1
C00414,29,433591,Self-Employed,Not Graduate,Married,West,770,536476,5,0,0
C00415,32,427876,Salaried,Graduate,Single,West,719,998128,3,0,0
C00416,21,410901,Business,Not Graduate,Single,East,656,965672,2,0,1
C00417,21,450570,Salaried,Graduate,Married,South,652,1460375,2,0,1
C00418,54,621831,Salaried,Graduate,Single,East,718,630420,10,1,0
C00419,52,326679,Salaried,Not Graduate,Married,South,614,155494,3,0,0
C00420,45,222709,Salaried,Graduate,Married,Central,480,1937987,10,0,0
C00421,60,946479,Salaried,Graduate,Married,North,694,1943021,5,1,0
C00422,21,722331,Salaried,Not Graduate,Married,East,548,1324573,20,0,0
C00423,36,269241,Salaried,Not Graduate,Single,West,563,638085,10,0,0
C00424,59,470256,Business,Not Graduate,Married,South,650,1150374,1,2,1
C00425,25,697191,Salaried,Not Graduate,Single,North,641,1770586,10,0,0
C00426,42,619748,Business,Not Graduate,Single,North,522,1517806,20,0,0
C00427,49,544653,Self-Employed,Not Graduate,Married,East,664,1699285,1,0,1
C00428,23,409789,Salaried,Graduate,Married,West,736,1368154,2,2,0
C00429,32,962497,Salaried,Graduate,Single,East,548,866460,5,1,0
C00430,46,488642,Salaried,Graduate,Single,West,764,1689422,20,2,0
C00431,36,350904,Salaried,Graduate,Married,Central,509,1909339,15,1,0
C00432,57,654733,Salaried,Not Graduate,Single,East,840,117573,1,0,0
C00433,42,461956,Salaried,Graduate,Married,South,612,703761,5,1,0
C00434,49,517833,Self-Employed,Not Graduate,Single,East,663,517508,10,0,0
C00435,34,484763,Self-Employed,Graduate,Single,East,479,1089970,15,1,0
C00436,48,553241,Salaried,Graduate,Married,Central,644,1275974,10,0,0
C00437,25,284843,Salaried,Graduate,Married,Central,670,395123,20,0,0
C00438,50,230268,Self-Employed,Not Graduate,Married,East,642,1067232,2,1,1
C00439,25,843537,Salaried,Graduate,Married,West,599,840555,20,1,0
C00440,32,495000,Business,Graduate,Single,Central,564,328747,20,0,0
C00441,36,625859,Self-Employed,Not Graduate,Married,Central,751,378085,20,0,0
C00442,46,200407,Business,Graduate,Single,West,652,92597,10,1,0
C00443,46,714978,Salaried,Graduate,Married,North,788,1817174,1,0,1
C00444,41,349875,Business,Graduate,Married,Central,602,920670,2,0,1
C00445,59,307798,Self-Employed,Graduate,Single,Central,610,485935,5,1,0
C00446,56,429974,Self-Employed,Not Graduate,Single,West,723,1845722,2,0,1
C00447,53,284904,Salaried,Graduate,Married,West,503,1402471,5,0,0
C00448,50,442068,Salaried,Not Graduate,Single,East,540,136978,3,0,0
C00449,57,416086,Business,Graduate,Married,East,748,1378413,1,0,1
C00450,43,712958,Self-Employed,Not Graduate,Single,North,544,1581333,1,0,1
C00451,30,874148,Salaried,Graduate,Single,North,486,1267345,5,0,0
C00452,25,861716,Salaried,Graduate,Single,North,818,406668,10,1,0
C00453,56,159686,Salaried,Graduate,Single,South,524,410013,15,2,0
C00454,54,290446,Self-Employed,Graduate,Married,West,666,735352,10,1,0
C00455,51,158943,Self-Employed,Not Graduate,Married,Central,656,1424545,3,0,1
C00456,30,258565,Salaried,Graduate,Married,West,397,714882,5,2,1
C00457,39,330286,Salaried,Graduate,Single,West,625,1491195,3,1,1
C00458,52,532188,Salaried,Graduate,Married,North,690,1930414,5,0,1
C00459,21,350119,Salaried,Not Graduate,Single,West,681,288078,3,0,0
C00460,25,354537,Salaried,Not Graduate,Married,South,731,1338716,5,2,0
C00461,24,480121,Salaried,Not Graduate,Single,Central,615,1766057,1,0,1
C00462,36,205009,Salaried,Graduate,Married,North,714,1746235,3,0,1
C00463,44,303347,Business,Graduate,Married,East,587,1506011,3,2,1
C00464,36,352709,Self-Employed,Graduate,Single,Central,523,838049,5,0,0
C00465,22,403898,Business,Not Graduate,Single,East,533,93016,2,0,0
C00466,48,458002,Salaried,Not Graduate,Married,East,518,493888,2,0,0
C00467,52,869168,Business,Graduate,Single,West,740,1384996,1,1,1
C00468,47,665804,Self-Employed,Graduate,Married,Central,513,1853823,10,1,0
C00469,40,312953,Salaried,Graduate,Married,South,674,1432960,10,0,0
C00470,44,393329,Salaried,Not Graduate,Married,West,626,942724,1,0,1
C00471,32,381456,Self-Employed,Not Graduate,Married,East,640,1285383,10,2,0
C00472,55,351031,Business,Graduate,Single,Central,772,1640823,15,0,0
C00473,53,500134,Salaried,Not Graduate,Single,West,610,1651386,15,0,0
C00474,53,191587,Salaried,Not Graduate,Single,Central,705,1547879,15,0,0
C00475,63,657579,Self-Employed,Graduate,Married,North,653,1501745,20,1,0
C00476,57,947988,Business,Graduate,Married,South,636,76567,20,0,0
C00477,32,391825,Self-Employed,Graduate,Married,South,856,1552315,15,1,0
C00478,23,388398,Salaried,Graduate,Married,South,520,1161284,5,0,0
C00479,21,474809,Salaried,Graduate,Married,East,766,176206,2,0,0
C00480,53,699921,Salaried,Graduate,Married,East,709,596848,1,1,0
C00481,60,382340,Business,Graduate,Single,South,606,1681254,5,0,0
C00482,30,673521,Self-Employed,Graduate,Married,Central,796,1748636,15,1,0
C00483,63,551183,Self-Employed,Graduate,Married,North,483,511365,1,2,1
C00484,64,1280453,Salaried,Graduate,Single,East,603,1004164,2,1,0
C00485,49,381590,Business,Graduate,Single,West,541,1405824,10,1,0
C00486,33,181824,Self-Employed,Graduate,Single,West,687,1680669,5,1,1
C00487,32,232158,Business,Graduate,Married,East,549,286109,2,1,0
C00488,51,444794,Self-Employed,Graduate,Married,South,688,545951,1,0,0
C00489,22,702602,Business,Graduate,Single,Central,633,1385216,3,2,0
C00490,55,329842,Business,Not Graduate,Married,North,606,1837237,5,2,0
C00491,43,398746,Salaried,Graduate,Single,West,684,141257,20,0,0
C00492,37,602100,Business,Graduate,Married,East,625,1102091,1,1,1
C00493,46,286543,Salaried,Not Graduate,Married,Central,552,578742,1,0,1
C00494,28,336020,Self-Employed,Graduate,Married,South,900,287145,20,0,0
C00495,49,261587,Business,Graduate,Single,North,606,72873,2,0,0
C00496,46,751782,Salaried,Graduate,Married,North,450,1958928,1,0,1
C00497,30,885362,Self-Employed,Graduate,Single,West,574,1374447,5,0,0
C00498,46,217349,Self-Employed,Graduate,Married,West,535,1751240,15,0,1
C00499,54,414992,Self-Employed,Graduate,Married,East,724,643358,20,0,0
C00500,61,833397,Business,Not Graduate,Married,North,678,1984067,5,0,1
C00501,27,529354,Self-Employed,Graduate,Married,South,685,1747428,20,3,0
C00502,24,354989,Business,Not Graduate,Married,South,616,278497,1,1,1
C00503,31,220626,Salaried,Not Graduate,Married,East,624,691501,2,0,1
C00504,49,743277,Salaried,Not Graduate,Single,North,616,755339,5,1,0
C00505,56,520336,Salaried,Graduate,Single,West,642,1648329,3,1,0
C00506,45,228012,Self-Employed,Graduate,Married,South,725,1283548,15,0,0
C00507,41,755738,Salaried,Not Graduate,Single,Central,680,634087,20,2,1
C00508,56,215306,Self-Employed,Graduate,Married,East,695,560237,10,1,0
C00509,30,400625,Salaried,Graduate,Married,South,694,670417,2,0,0
C00510,57,392747,Self-Employed,Graduate,Married,Central,729,1513122,2,0,0
C00511,29,916458,Salaried,Graduate,Married,Central,675,1762238,10,0,0
C00512,44,393379,Self-Employed,Graduate,Married,South,682,1057470,10,0,0
C00513,55,392743,Self-Employed,Graduate,Single,East,756,419432,5,0,0
C00514,55,239573,Business,Graduate,Married,Central,590,293761,1,3,0
C00515,56,331645,Self-Employed,Graduate,Married,Central,572,1040221,1,0,1
C00516,38,306268,Self-Employed,Not Graduate,Married,North,543,292821,3,1,1
C00517,59,313529,Business,Graduate,Single,North,666,1111451,15,2,0
C00518,52,443666,Self-Employed,Graduate,Married,North,483,1650083,20,1,0
C00519,44,147948,Salaried,Graduate,Single,Central,691,872614,1,1,1
C00520,43,224223,Business,Not Graduate,Single,Central,640,1834477,3,0,1
C00521,52,420854,Self-Employed,Graduate,Married,East,752,485485,3,2,0
C00522,57,467224,Salaried,Graduate,Single,West,589,391925,2,0,0
C00523,32,398297,Self-Employed,Graduate,Married,North,631,1105033,2,3,1
C00524,33,434365,Business,Graduate,Married,West,750,974253,15,2,0
C00525,43,368021,Business,Graduate,Single,North,774,1131640,5,0,0
C00526,45,438744,Business,Not Graduate,Married,North,588,1738120,10,0,0
C00527,55,537865,Salaried,Graduate,Single,East,666,934729,10,2,0
C00528,61,536171,Salaried,Graduate,Married,East,676,1857523,15,0,0
C00529,50,324476,Salaried,Graduate,Single,South,683,1308303,3,0,1
C00530,37,667832,Salaried,Graduate,Single,North,626,210353,15,0,0
C00531,40,474823,Business,Not Graduate,Married,North,765,1880927,10,0,0
C00532,45,770269,Salaried,Not Graduate,Married,North,479,1335463,3,0,1
C00533,42,843059,Self-Employed,Graduate,Married,East,612,475037,10,1,0
C00534,33,231138,Self-Employed,Not Graduate,Single,North,690,809129,5,1,1
C00535,39,300570,Self-Employed,Graduate,Single,South,691,992151,2,2,1
C00536,56,638001,Salaried,Graduate,Married,Central,771,1692782,2,2,1
C00537,32,209148,Salaried,Graduate,Married,South,757,1311633,3,1,1
C00538,61,838256,Salaried,Graduate,Single,Central,624,526015,15,2,0
C00539,39,378985,Salaried,Graduate,Married,East,766,926611,10,0,0
C00540,32,573070,Business,Not Graduate,Single,West,585,387088,1,0,1
C00541,29,419838,Business,Graduate,Single,East,733,1187718,5,0,0
C00542,27,236434,Salaried,Graduate,Married,West,812,77603,10,0,0
C00543,48,711403,Business,Not Graduate,Single,Central,759,1931466,20,0,1
C00544,34,1525488,Salaried,Graduate,Single,West,659,120605,1,1,0
C00545,51,350896,Self-Employed,Not Graduate,Single,Central,620,1380343,5,1,1
C00546,39,382673,Salaried,Graduate,Married,West,512,618728,5,0,0
C00547,36,134309,Self-Employed,Graduate,Single,Central,677,1967435,2,0,1
C00548,25,812747,Salaried,Not Graduate,Married,West,549,405970,3,0,0
C00549,55,666832,Salaried,Not Graduate,Married,Central,578,339604,10,0,0
C00550,32,202800,Salaried,Graduate,Single,South,542,264117,5,0,0
C00551,45,174695,Salaried,Graduate,Married,North,608,1836741,10,2,1
C00552,41,184028,Self-Employed,Graduate,Married,South,647,1565303,5,1,1
C00553,56,591446,Salaried,Graduate,Single,East,674,1208949,15,1,0
C00554,43,618619,Self-Employed,Not Graduate,Single,West,595,1365590,2,0,1
C00555,36,291997,Self-Employed,Graduate,Single,Central,746,1117485,3,0,0
C00556,59,553859,Self-Employed,Graduate,Married,South,631,1369837,1,0,1
C00557,62,475201,Self-Employed,Not Graduate,Married,South,579,299975,1,2,1
C00558,59,375017,Salaried,Not Graduate,Single,Central,670,1952482,15,0,0
C00559,34,684599,Self-Employed,Graduate,Married,West,826,668214,20,1,0
C00560,51,257243,Business,Graduate,Married,East,680,487538,2,2,0
C00561,25,741471,Self-Employed,Graduate,Single,East,617,177463,5,2,0
C00562,55,318750,Self-Employed,Not Graduate,Married,East,512,1200112,2,0,1
C00563,43,986275,Self-Employed,Graduate,Single,Central,630,856560,3,2,0
C00564,49,281422,Salaried,Graduate,Married,South,671,1350557,1,1,1
C00565,63,377676,Self-Employed,Graduate,Single,East,615,1589109,10,0,0
C00566,31,454232,Business,Graduate,Married,South,500,1429721,1,0,1
C00567,38,452952,Salaried,Graduate,Single,East,573,836872,20,1,0
C00568,32,551762,Business,Graduate,Married,East,780,230685,20,0,0
C00569,29,248064,Salaried,Graduate,Single,West,779,1746355,20,0,0
C00570,30,435047,Salaried,Graduate,Married,Central,570,1595851,20,1,0
C00571,64,470786,Business,Not Graduate,Single,West,710,1249195,3,0,0
C00572,37,348892,Business,Graduate,Single,South,543,1704526,5,2,1
C00573,58,530633,Business,Graduate,Single,South,776,810416,2,1,0
C00574,27,241381,Business,Graduate,Single,Central,672,1098581,1,0,1
C00575,33,381969,Salaried,Graduate,Married,East,735,1332728,20,1,0
C00576,60,315232,Self-Employed,Graduate,Married,Central,495,1367758,1,0,1
C00577,62,382489,Salaried,Graduate,Married,East,710,1891422,20,0,0
C00578,29,848449,Salaried,Graduate,Married,North,649,1579451,10,2,0
C00579,47,855896,Salaried,Graduate,Single,North,726,1954514,2,1,1
C00580,22,783626,Self-Employed,Graduate,Single,Central,732,913018,10,0,0
C00581,25,359325,Salaried,Not Graduate,Married,North,655,1494398,10,1,0
C00582,49,665589,Business,Graduate,Married,North,595,852914,20,0,0
C00583,57,465358,Self-Employed,Graduate,Married,South,720,804189,5,1,0
C00584,58,451583,Salaried,Not Graduate,Single,East,644,1301521,1,1,1
C00585,39,427276,Self-Employed,Not Graduate,Single,North,571,1656812,15,0,0
C00586,28,976068,Salaried,Graduate,Single,West,567,1450707,2,0,0
C00587,21,818007,Salaried,Graduate,Single,South,517,272873,5,1,0
C00588,42,618593,Business,Graduate,Married,East,604,272322,15,0,0
C00589,37,409775,Salaried,Graduate,Single,South,749,70875,5,0,0
C00590,27,450359,Business,Graduate,Married,West,666,1373777,20,0,0
C00591,45,561717,Self-Employed,Graduate,Married,East,602,82400,20,0,0
C00592,24,349855,Self-Employed,Graduate,Married,Central,722,514674,5,1,0
C00593,56,674847,Self-Employed,Graduate,Married,Central,575,118607,3,2,0
C00594,26,292271,Salaried,Not Graduate,Single,South,658,1972569,3,3,1
C00595,51,527724,Salaried,Graduate,Married,Central,633,1388223,5,2,1
C00596,39,157885,Salaried,Graduate,Single,East,720,1515557,3,0,1
C00597,64,345318,Salaried,Not Graduate,Married,West,508,1199672,2,2,1
C00598,59,1126870,Salaried,Graduate,Single,West,573,1086970,1,1,1
C00599,47,705234,Business,Not Graduate,Married,Central,502,1669476,15,0,0
C00600,30,882894,Salaried,Not Graduate,Single,North,626,934750,20,1,0
C00601,46,327653,Self-Employed,Graduate,Single,North,759,1360114,2,1,1
C00602,39,463563,Salaried,Graduate,Married,North,604,134335,1,1,0
C00603,59,787718,Salaried,Graduate,Married,Central,604,413133,3,1,0
C00604,23,588241,Salaried,Not Graduate,Married,Central,728,667300,15,0,0
C00605,33,556184,Self-Employed,Not Graduate,Married,Central,746,131748,2,1,0
C00606,48,921503,Salaried,Graduate,Married,East,642,736779,10,1,0
C00607,40,277006,Salaried,Graduate,Single,North,711,1163771,20,0,0
C00608,48,407213,Self-Employed,Graduate,Married,South,553,779055,5,0,1
C00609,28,200919,Self-Employed,Graduate,Married,East,774,1712710,20,1,0
C00610,61,270276,Salaried,Not Graduate,Married,East,843,676692,1,1,1
C00611,59,717396,Self-Employed,Not Graduate,Married,Central,696,351286,1,0,1
C00612,21,292784,Self-Employed,Graduate,Married,Central,462,835608,10,0,0
C00613,23,615989,Self-Employed,Graduate,Married,East,599,1170116,10,0,0
C00614,33,933147,Salaried,Graduate,Married,Central,705,1792225,5,1,0
C00615,48,408369,Salaried,Graduate,Married,North,612,1437668,3,0,1
C00616,45,559018,Salaried,Not Graduate,Married,East,764,1943959,20,0,0
C00617,53,618152,Business,Not Graduate,Married,East,702,1110331,2,1,0
C00618,58,255333,Salaried,Graduate,Single,East,586,1875779,2,2,1
C00619,26,335238,Business,Graduate,Single,Central,652,1478705,2,0,1
C00620,64,281630,Salaried,Not Graduate,Single,East,569,1707417,3,2,1
C00621,52,347484,Salaried,Graduate,Married,South,633,184962,20,0,0
C00622,41,610632,Salaried,Graduate,Single,South,600,1979384,20,1,0
C00623,36,338460,Salaried,Graduate,Married,North,755,306760,5,0,0
C00624,41,435469,Business,Graduate,Married,East,840,1115751,2,2,0
C00625,31,276756,Business,Graduate,Married,East,521,902119,1,0,1
C00626,57,768264,Self-Employed,Graduate,Single,Central,476,921415,1,0,1
C00627,56,346175,Self-Employed,Graduate,Single,West,627,531503,1,3,1
C00628,55,877946,Self-Employed,Graduate,Married,West,513,800071,10,0,0
C00629,39,454711,Business,Not Graduate,Married,East,654,1778224,10,1,0
C00630,40,234884,Salaried,Graduate,Married,North,717,96629,3,1,0
C00631,38,409641,Self-Employed,Graduate,Married,South,784,1739643,2,0,0
C00632,61,274237,Self-Employed,Graduate,Married,East,668,1277448,10,1,0
C00633,34,576774,Business,Graduate,Single,East,632,742727,1,1,1
C00634,35,393323,Business,Not Graduate,Married,North,471,1569546,10,1,0
C00635,51,476129,Business,Graduate,Married,North,652,1429233,20,0,0
C00636,21,374666,Self-Employed,Graduate,Single,West,656,1705626,1,0,1
C00637,23,344584,Salaried,Graduate,Married,East,707,1258670,2,0,1
C00638,36,285463,Salaried,Not Graduate,Married,East,586,1823265,20,0,0
C00639,43,644545,Self-Employed,Graduate,Single,Central,610,1026918,3,1,0
C00640,31,409249,Self-Employed,Not Graduate,Married,South,516,1156517,5,0,0
C00641,32,383996,Salaried,Not Graduate,Married,Central,443,1404193,5,0,0
C00642,30,404660,Salaried,Not Graduate,Married,Central,550,760958,20,1,0
C00643,52,325954,Salaried,Not Graduate,Single,South,508,1114616,1,0,1
C00644,36,384574,Business,Graduate,Single,East,680,1168382,10,2,0
C00645,28,485305,Salaried,Graduate,Single,West,603,1767222,10,1,0
C00646,58,277794,Self-Employed,Graduate,Single,South,601,250211,1,0,1
C00647,32,296496,Salaried,Graduate,Single,North,561,686364,2,1,0
C00648,44,822602,Salaried,Graduate,Married,East,359,105916,20,1,0
C00649,48,375780,Business,Not Graduate,Married,South,785,722960,1,0,1
C00650,28,345171,Salaried,Not Graduate,Married,South,559,445507,2,1,0
C00651,48,241652,Salaried,Graduate,Married,South,612,1504915,3,1,1
C00652,56,648751,Salaried,Graduate,Single,West,519,840243,3,2,0
C00653,46,275084,Salaried,Not Graduate,Married,Central,737,605564,20,1,0
C00654,28,439379,Self-Employed,Not Graduate,Married,Central,662,235217,1,0,1
C00655,48,205113,Salaried,Graduate,Married,South,575,917481,3,0,1
C00656,48,639331,Self-Employed,Graduate,Single,South,614,251750,10,0,0
C00657,57,751318,Salaried,Graduate,Married,Central,801,1318430,2,1,0
C00658,61,550198,Business,Graduate,Single,West,643,796403,5,1,0
C00659,56,221789,Business,Graduate,Married,East,633,994218,5,1,0
C00660,47,645282,Business,Not Graduate,Married,Central,565,761045,3,1,1
C00661,37,304885,Business,Graduate,Single,South,479,1766130,2,3,1
C00662,29,261205,Salaried,Not Graduate,Single,West,635,1433782,10,0,0
C00663,53,372295,Salaried,Not Graduate,Married,West,679,1249010,5,1,0
C00664,40,368975,Self-Employed,Graduate,Married,South,748,1939507,10,0,0
C00665,33,352472,Salaried,Graduate,Married,North,447,620569,10,1,0
C00666,48,784775,Salaried,Graduate,Single,West,548,1030317,5,0,0
C00667,49,1093967,Salaried,Graduate,Single,Central,597,881284,5,1,0
C00668,33,238921,Salaried,Graduate,Single,North,649,836408,3,0,1
C00669,55,324495,Self-Employed,Graduate,Married,East,636,1876557,20,1,0
C00670,26,471765,Salaried,Not Graduate,Single,Central,639,554869,2,1,0
C00671,38,371415,Salaried,Graduate,Single,South,686,1801772,1,1,1
C00672,25,529521,Self-Employed,Graduate,Married,North,568,1627459,2,0,1
C00673,45,668100,Salaried,Graduate,Married,Central,734,670218,1,0,1
C00674,22,619838,Business,Not Graduate,Married,West,689,1245050,5,0,0
C00675,30,582089,Salaried,Graduate,Married,South,621,1093302,10,1,0
C00676,50,933403,Self-Employed,Not Graduate,Married,North,794,311745,2,2,0
C00677,25,216419,Salaried,Graduate,Single,West,790,1819219,10,0,0
C00678,53,861171,Salaried,Not Graduate,Married,South,733,1453396,2,0,1
C00679,21,367380,Salaried,Graduate,Married,South,378,1055635,20,2,1
C00680,38,629893,Salaried,Graduate,Married,North,792,1796659,15,0,0
C00681,52,278354,Business,Not Graduate,Married,North,721,1280970,2,2,1
C00682,31,293953,Self-Employed,Not Graduate,Married,North,830,1800700,10,1,0
C00683,41,595974,Salaried,Not Graduate,Married,Central,761,1516703,15,0,0
C00684,46,185734,Salaried,Graduate,Married,South,792,796648,3,1,1
C00685,45,690553,Salaried,Graduate,Married,East,729,1904413,20,1,0
C00686,42,779948,Salaried,Graduate,Married,West,771,1156698,5,0,0
C00687,47,479262,Salaried,Not Graduate,Single,North,829,1057260,3,0,0
C00688,33,471555,Business,Graduate,Married,South,669,804849,3,1,0
C00689,53,304024,Salaried,Not Graduate,Married,West,508,1331237,2,0,1
C00690,54,599290,Self-Employed,Graduate,Single,East,622,1751773,5,1,0
C00691,61,517336,Self-Employed,Graduate,Single,West,685,315591,20,0,1
C00692,55,292237,Business,Graduate,Married,East,656,234215,15,0,0
C00693,21,370954,Salaried,Graduate,Single,North,537,1109238,2,0,1
C00694,41,411802,Self-Employed,Graduate,Married,Central,503,1554793,1,0,1
C00695,26,370733,Business,Not Graduate,Single,East,583,1681146,2,0,1
C00696,48,239591,Salaried,Graduate,Married,North,722,448115,15,0,0
C00697,37,605953,Salaried,Graduate,Married,West,792,865014,10,1,0
C00698,25,396495,Business,Not Graduate,Married,West,732,1690335,20,2,0
C00699,51,445482,Self-Employed,Graduate,Single,West,745,1746377,20,1,0
C00700,25,341048,Salaried,Graduate,Single,Central,642,1271861,2,0,1
C00701,58,547913,Self-Employed,Not Graduate,Single,South,493,1730442,1,0,1
C00702,23,483793,Salaried,Not Graduate,Married,East,609,1960879,2,1,1
C00703,43,763564,Salaried,Not Graduate,Single,South,626,1706069,15,0,0
C00704,57,549228,Salaried,Not Graduate,Married,West,605,910513,20,0,0
C00705,57,403847,Salaried,Graduate,Married,Central,654,942215,1,1,1
C00706,30,317149,Self-Employed,Graduate,Single,North,689,284631,5,0,0
C00707,30,653226,Self-Employed,Not Graduate,Single,Central,726,133805,15,1,0
C00708,39,389586,Business,Not Graduate,Single,South,624,1223274,20,0,0
C00709,37,409514,Salaried,Graduate,Married,West,478,218902,2,0,1
C00710,41,409467,Business,Not Graduate,Single,East,606,974570,20,1,0
C00711,34,369267,Salaried,Not Graduate,Single,Central,653,1109288,1,2,1
C00712,29,412692,Salaried,Graduate,Single,South,760,1442247,15,0,0
C00713,21,1052620,Business,Not Graduate,Married,South,598,965885,5,0,0
C00714,33,276089,Salaried,Graduate,Married,North,696,1749752,10,0,0
C00715,24,306653,Salaried,Graduate,Married,East,676,1855262,3,2,0
C00716,21,824841,Salaried,Graduate,Single,South,653,568680,1,2,0
C00717,60,373748,Salaried,Not Graduate,Single,East,733,246437,10,0,0
C00718,52,361212,Self-Employed,Graduate,Single,West,590,1710049,5,0,1
C00719,54,704813,Business,Not Graduate,Married,Central,598,411995,10,0,0
C00720,48,233494,Self-Employed,Not Graduate,Single,South,648,1522598,2,2,1
C00721,51,640275,Business,Graduate,Married,West,592,1635074,3,0,0
C00722,28,451588,Self-Employed,Not Graduate,Single,North,695,86972,1,0,0
C00723,59,545337,Business,Not Graduate,Married,East,585,811254,15,1,1
C00724,46,540750,Salaried,Graduate,Single,West,670,346280,20,1,0
C00725,54,333503,Business,Graduate,Married,East,640,487513,5,0,0
C00726,23,710008,Salaried,Graduate,Married,East,669,852377,3,0,1
C00727,32,345392,Business,Graduate,Married,South,608,800561,5,1,1
C00728,21,531778,Salaried,Not Graduate,Married,East,619,1439900,20,1,0
C00729,64,772182,Self-Employed,Not Graduate,Married,West,658,1431173,10,1,0
C00730,25,822830,Self-Employed,Graduate,Married,North,668,921836,5,1,0
C00731,50,392304,Business,Not Graduate,Single,South,649,980728,5,0,1
C00732,50,544929,Self-Employed,Graduate,Single,Central,803,1101628,10,1,0
C00733,37,376333,Salaried,Graduate,Married,North,560,339416,10,1,0
C00734,43,1365059,Self-Employed,Not Graduate,Married,West,644,1401870,20,1,0
C00735,35,628478,Salaried,Graduate,Married,South,508,801564,3,0,0
C00736,57,459468,Salaried,Graduate,Married,East,683,198388,1,0,0
C00737,41,509228,Salaried,Not Graduate,Married,North,549,1545181,10,1,0
C00738,34,531361,Salaried,Graduate,Single,South,624,1761176,3,0,1
C00739,22,538495,Salaried,Not Graduate,Married,Central,616,933527,20,0,0
C00740,31,397122,Business,Graduate,Married,Central,675,1429494,5,0,1
C00741,59,370479,Business,Graduate,Married,Central,600,879607,5,0,1
C00742,58,413191,Salaried,Graduate,Single,South,596,443781,15,1,0
C00743,54,264908,Salaried,Graduate,Married,North,779,1054802,2,1,1
C00744,58,611226,Salaried,Not Graduate,Single,East,675,1038598,10,0,0
C00745,54,308424,Salaried,Graduate,Single,North,599,1114951,20,1,0
C00746,38,274586,Salaried,Graduate,Married,East,627,599998,3,0,1
C00747,50,439564,Salaried,Not Graduate,Married,North,798,1803831,15,0,0
C00748,35,417251,Self-Employed,Graduate,Married,North,628,828912,3,0,0
C00749,47,495011,Self-Employed,Not Graduate,Married,South,587,1044143,1,1,1
C00750,54,342596,Salaried,Not Graduate,Single,Central,588,720534,15,1,0
C00751,58,370776,Salaried,Graduate,Single,Central,600,1467746,20,0,0
C00752,53,604075,Self-Employed,Not Graduate,Married,Central,596,530545,3,0,0
C00753,44,587744,Business,Not Graduate,Single,Central,534,77597,10,1,0
C00754,35,576820,Salaried,Not Graduate,Married,North,548,1435009,3,0,0
C00755,50,449227,Salaried,Graduate,Married,Central,575,481613,2,1,1
C00756,62,477354,Salaried,Not Graduate,Single,North,703,1000573,5,1,0
C00757,37,490753,Salaried,Graduate,Married,East,615,1184263,5,1,0
C00758,25,329318,Salaried,Graduate,Single,West,631,168968,15,1,0
C00759,49,858825,Salaried,Graduate,Married,West,764,1663138,3,0,0
C00760,24,805496,Salaried,Graduate,Married,East,766,1566029,3,0,0
C00761,30,632484,Salaried,Not Graduate,Married,North,624,253570,3,2,0
C00762,37,365259,Self-Employed,Graduate,Single,Central,593,1529989,3,1,0
C00763,30,563890,Salaried,Not Graduate,Single,South,572,1671498,2,0,1
C00764,37,687121,Self-Employed,Graduate,Single,North,712,866473,10,0,0
C00765,40,255138,Salaried,Graduate,Married,North,631,974752,2,1,1
C00766,44,948398,Salaried,Not Graduate,Married,East,615,397509,20,0,0
C00767,25,202253,Business,Graduate,Single,East,576,969707,20,0,0
C00768,54,607478,Self-Employed,Graduate,Married,South,580,888418,2,0,0
C00769,26,850838,Salaried,Graduate,Married,Central,678,1910378,2,1,0
C00770,22,420467,Self-Employed,Graduate,Married,West,531,347391,5,0,1
C00771,33,413449,Self-Employed,Graduate,Single,Central,739,1480264,20,0,0
C00772,63,597462,Salaried,Not Graduate,Married,Central,601,256994,2,0,0
C00773,63,1017996,Salaried,Graduate,Single,North,636,830768,3,0,0
C00774,31,389850,Business,Not Graduate,Married,South,529,1492226,2,1,1
C00775,43,311317,Salaried,Graduate,Single,North,648,1685846,3,1,1
C00776,36,365602,Salaried,Graduate,Married,East,620,1950188,15,0,0
C00777,51,219996,Salaried,Not Graduate,Married,West,645,682822,20,0,0
C00778,31,662642,Self-Employed,Graduate,Married,South,782,739834,10,2,0
C00779,36,351042,Business,Not Graduate,Married,South,665,1385364,5,0,0
C00780,28,402820,Business,Not Graduate,Single,Central,578,612781,10,1,0
C00781,24,666189,Self-Employed,Graduate,Married,North,585,395968,15,1,0
C00782,60,373394,Business,Graduate,Married,Central,703,564922,10,1,0
C00783,24,622557,Self-Employed,Graduate,Single,Central,766,971463,5,0,0
C00784,45,277301,Self-Employed,Graduate,Married,South,675,883721,3,1,1
C00785,23,681072,Business,Graduate,Married,West,711,482809,15,0,0
C00786,52,515997,Salaried,Not Graduate,Married,East,704,482331,15,0,0
C00787,23,425125,Self-Employed,Graduate,Married,Central,777,816505,3,0,0
C00788,47,469255,Self-Employed,Graduate,Single,West,474,1776476,3,0,1
C00789,49,247943,Business,Not Graduate,Married,Central,710,347625,5,2,0
C00790,52,464445,Business,Graduate,Married,West,738,276577,20,1,0
C00791,39,415089,Business,Graduate,Single,North,529,1699961,2,1,1
C00792,41,251011,Business,Graduate,Married,East,570,859010,20,2,0
C00793,25,327098,Salaried,Graduate,Single,South,573,980291,1,0,1
C00794,38,417416,Salaried,Graduate,Single,North,584,1432768,2,0,1
C00795,48,336622,Salaried,Graduate,Single,Central,606,564771,20,0,0
C00796,62,149424,Salaried,Not Graduate,Married,Central,671,233951,2,0,0
C00797,42,718107,Salaried,Graduate,Married,East,727,191668,10,0,0
C00798,41,415010,Salaried,Not Graduate,Single,East,747,1552461,1,2,1
C00799,26,159010,Salaried,Graduate,Married,East,574,463146,3,0,1
C00800,21,1156297,Business,Graduate,Single,Central,573,229022,2,2,0
C00801,25,773457,Salaried,Graduate,Married,Central,768,932169,20,0,0
C00802,61,378116,Business,Graduate,Married,South,708,1379407,5,2,0
C00803,32,302814,Business,Graduate,Married,East,657,496049,2,1,1
C00804,46,530426,Salaried,Graduate,Married,West,692,1221116,3,0,0
C00805,54,484584,Salaried,Graduate,Married,South,647,741349,20,1,0
C00806,34,564638,Self-Employed,Not Graduate,Married,West,697,866615,2,1,0
C00807,46,303206,Self-Employed,Not Graduate,Married,North,619,1381478,15,0,0
C00808,47,725051,Salaried,Graduate,Married,East,674,1755018,10,1,0
C00809,29,357518,Salaried,Not Graduate,Married,South,514,812301,10,1,0
C00810,46,600996,Salaried,Graduate,Married,South,588,670656,2,0,0
C00811,42,309086,Salaried,Graduate,Married,North,589,1668755,10,3,1
C00812,50,1456671,Salaried,Graduate,Married,North,616,96901,5,0,0
C00813,63,605001,Salaried,Graduate,Married,North,566,1575304,1,0,1
C00814,37,1619947,Self-Employed,Graduate,Single,South,601,416056,2,2,0
C00815,46,642049,Business,Not Graduate,Married,Central,513,645350,5,0,0
C00816,56,343636,Self-Employed,Graduate,Married,West,699,539838,15,0,0
C00817,21,642563,Business,Graduate,Married,West,642,1775499,5,1,1
C00818,28,663484,Self-Employed,Graduate,Married,North,496,1957016,5,1,1
C00819,55,523344,Self-Employed,Graduate,Single,Central,574,445991,15,0,0
C00820,35,587526,Salaried,Not Graduate,Single,Central,680,1602104,3,0,0
C00821,42,623296,Salaried,Graduate,Married,North,601,1617725,2,1,1
C00822,34,282898,Business,Graduate,Single,East,587,854406,2,2,1
C00823,46,273980,Business,Not Graduate,Single,South,643,1776324,2,0,1
C00824,48,309465,Salaried,Graduate,Single,East,680,654879,1,1,1
C00825,43,468548,Salaried,Graduate,Married,Central,520,1351566,5,0,0
C00826,34,400141,Self-Employed,Not Graduate,Married,North,699,330759,2,2,0
C00827,44,285213,Salaried,Graduate,Married,South,577,1005390,10,0,0
C00828,22,627118,Salaried,Not Graduate,Single,West,648,72838,3,1,0
C00829,46,502509,Business,Graduate,Married,Central,646,1401448,15,0,0
C00830,34,477356,Salaried,Graduate,Single,South,602,1739113,15,0,0
C00831,27,393920,Self-Employed,Graduate,Single,South,557,652288,1,0,1
C00832,23,373172,Business,Not Graduate,Married,East,624,1413518,20,2,0
C00833,43,302973,Salaried,Graduate,Single,West,796,1073404,15,1,0
C00834,63,673459,Salaried,Not Graduate,Single,East,527,515992,3,0,0
C00835,38,322361,Salaried,Graduate,Single,East,802,194608,20,1,0
C00836,58,486127,Salaried,Not Graduate,Single,East,626,186772,5,0,0
C00837,55,934628,Self-Employed,Not Graduate,Married,East,653,744199,15,0,0
C00838,35,380973,Salaried,Graduate,Single,Central,552,846680,20,0,0
C00839,45,681680,Salaried,Graduate,Married,West,580,1143867,20,0,0
C00840,57,571442,Salaried,Not Graduate,Married,East,604,1967637,15,0,0
C00841,48,508978,Salaried,Graduate,Single,Central,555,265963,10,0,0
C00842,30,536948,Salaried,Graduate,Married,Central,631,1224188,5,0,0
C00843,59,423916,Self-Employed,Graduate,Married,South,613,1640041,2,0,1
C00844,37,449391,Salaried,Graduate,Married,South,816,1511275,3,0,1
C00845,59,345707,Salaried,Graduate,Married,North,545,93815,15,5,1
C00846,42,450744,Salaried,Graduate,Married,Central,659,874965,10,0,0
C00847,46,339982,Business,Graduate,Single,North,672,1885034,3,2,1
C00848,64,695610,Salaried,Graduate,Married,Central,553,154997,20,1,0
C00849,45,205916,Self-Employed,Not Graduate,Married,East,711,1159187,1,0,1
C00850,37,549340,Self-Employed,Graduate,Married,East,614,661530,10,0,0
C00851,33,514764,Self-Employed,Graduate,Married,North,425,467876,20,0,0
C00852,40,494205,Salaried,Graduate,Married,East,709,760463,1,0,1
C00853,45,701533,Business,Graduate,Single,East,549,417057,15,1,0
C00854,24,388964,Self-Employed,Not Graduate,Married,South,555,92082,10,0,0
C00855,30,496304,Business,Graduate,Married,East,711,197330,2,0,0
C00856,23,204343,Salaried,Not Graduate,Single,South,618,677901,20,2,1
C00857,61,366996,Self-Employed,Graduate,Single,West,732,934747,3,0,0
C00858,38,650229,Self-Employed,Graduate,Married,Central,758,926122,3,0,0
C00859,56,242165,Salaried,Not Graduate,Married,South,591,145220,20,1,0
C00860,42,475387,Salaried,Graduate,Single,South,721,1638253,20,0,0
C00861,54,326151,Self-Employed,Graduate,Single,South,582,141860,5,0,0
C00862,28,420860,Salaried,Graduate,Married,Central,850,733045,10,0,0
C00863,60,335053,Self-Employed,Graduate,Single,Central,587,1551012,10,1,1
C00864,64,252397,Salaried,Graduate,Single,Central,742,994699,20,0,0
C00865,39,526339,Salaried,Graduate,Married,East,725,71797,1,2,0
C00866,62,432648,Self-Employed,Graduate,Married,South,678,1996983,10,2,0
C00867,61,582848,Salaried,Not Graduate,Married,Central,589,933601,3,0,0
C00868,57,632538,Business,Not Graduate,Married,West,636,1868803,10,0,0
C00869,26,767862,Business,Not Graduate,Married,Central,456,640620,5,0,1
C00870,46,469803,Self-Employed,Graduate,Married,North,670,810943,5,0,0
C00871,54,782993,Business,Graduate,Single,North,681,1323573,20,1,0
C00872,26,285187,Business,Graduate,Single,South,662,506123,3,0,0
C00873,57,665991,Salaried,Not Graduate,Single,South,382,1498980,3,0,0
C00874,53,544011,Business,Graduate,Married,South,536,335840,3,0,0
C00875,42,491340,Salaried,Graduate,Married,East,582,1100600,10,1,0
C00876,41,540434,Salaried,Graduate,Married,North,676,479201,10,0,0
C00877,26,287123,Self-Employed,Graduate,Married,North,676,711944,2,1,0
C00878,26,258193,Self-Employed,Not Graduate,Married,South,634,1451718,15,1,0
C00879,24,954958,Salaried,Not Graduate,Married,North,707,208116,20,0,0
C00880,50,410066,Salaried,Not Graduate,Single,North,557,831627,15,0,0
C00881,31,407441,Self-Employed,Graduate,Married,East,704,317429,1,2,1
C00882,50,269402,Salaried,Graduate,Married,West,692,506331,10,0,0
C00883,51,227112,Self-Employed,Graduate,Married,South,683,843802,2,0,1
C00884,44,425175,Self-Employed,Graduate,Single,West,633,67903,2,0,0
C00885,29,379376,Salaried,Not Graduate,Married,West,814,737859,5,1,0
C00886,23,442758,Salaried,Graduate,Married,East,694,1982912,10,2,1
C00887,51,460109,Self-Employed,Not Graduate,Married,North,562,859427,2,1,1
C00888,60,1356281,Salaried,Not Graduate,Married,South,672,417304,5,2,0
C00889,57,379890,Salaried,Graduate,Single,Central,717,478416,1,1,1
C00890,56,900741,Salaried,Graduate,Single,West,597,1711241,5,0,1
C00891,44,926260,Salaried,Graduate,Married,West,748,1300050,1,1,1
C00892,51,621027,Salaried,Graduate,Married,East,684,456782,15,0,0
C00893,26,397994,Salaried,Graduate,Married,West,439,1922830,15,1,0
C00894,22,239746,Self-Employed,Graduate,Married,West,676,419556,3,0,0
C00895,40,548572,Self-Employed,Graduate,Married,West,613,887654,3,1,0
C00896,48,699740,Business,Graduate,Single,East,698,1979096,20,0,0
C00897,31,971366,Salaried,Not Graduate,Married,North,734,543301,5,0,0
C00898,24,288519,Salaried,Graduate,Married,West,667,1451170,20,0,0
C00899,35,396492,Self-Employed,Graduate,Married,South,799,493884,3,0,0
C00900,26,289311,Self-Employed,Graduate,Single,West,633,683654,10,1,0
C00901,50,332679,Self-Employed,Graduate,Single,West,706,1470798,5,0,0
C00902,58,596583,Self-Employed,Not Graduate,Single,South,722,638141,2,2,0
C00903,22,325889,Self-Employed,Not Graduate,Married,East,641,235715,10,1,0
C00904,35,305308,Salaried,Graduate,Married,Central,720,960226,20,2,0
C00905,31,633267,Self-Employed,Graduate,Married,South,596,203405,5,0,0
C00906,28,541897,Self-Employed,Graduate,Single,Central,611,1507750,20,0,0
C00907,46,517883,Business,Graduate,Single,North,531,1675306,15,1,0
C00908,64,329786,Self-Employed,Not Graduate,Married,North,671,464170,1,0,0
C00909,25,791638,Self-Employed,Not Graduate,Married,West,679,1329331,20,0,0
C00910,26,445307,Salaried,Not Graduate,Married,West,756,583963,3,1,0
C00911,46,1291203,Business,Not Graduate,Single,East,721,1188166,3,0,0
C00912,24,475691,Business,Graduate,Single,Central,624,1469290,3,1,1
C00913,39,154816,Self-Employed,Graduate,Married,North,543,343805,5,0,0
C00914,40,151744,Self-Employed,Graduate,Single,North,688,1687153,10,0,1
C00915,53,585825,Salaried,Graduate,Married,West,749,67184,1,1,1
C00916,40,794304,Self-Employed,Graduate,Single,West,717,884395,3,1,0
C00917,32,310915,Self-Employed,Graduate,Single,East,747,731182,10,1,0
C00918,21,1138748,Self-Employed,Graduate,Married,West,630,505519,20,0,0
C00919,46,935044,Salaried,Graduate,Married,West,608,257537,2,1,0
C00920,34,486380,Self-Employed,Graduate,Single,East,583,841699,15,1,0
C00921,58,563968,Salaried,Not Graduate,Married,West,644,233719,2,0,1
C00922,57,661680,Self-Employed,Not Graduate,Married,West,642,1095218,1,1,1
C00923,31,1035606,Salaried,Graduate,Single,West,668,1947822,3,0,0
C00924,56,601367,Self-Employed,Graduate,Single,Central,638,872457,2,1,0
C00925,33,481455,Salaried,Not Graduate,Married,North,637,171246,15,0,0
C00926,63,598711,Salaried,Graduate,Single,South,580,389749,10,0,0
C00927,23,563437,Self-Employed,Graduate,Married,North,734,706341,10,0,0
C00928,53,670637,Salaried,Graduate,Married,Central,656,879868,2,0,0
C00929,26,218270,Self-Employed,Not Graduate,Single,South,634,723832,20,1,1
C00930,30,509983,Business,Not Graduate,Single,North,582,200408,20,0,0
C00931,25,544268,Business,Not Graduate,Single,East,530,1779523,3,1,1
C00932,43,428145,Salaried,Graduate,Single,Central,767,913624,15,0,0
C00933,30,629621,Business,Graduate,Single,East,699,1087004,1,0,1
C00934,64,1050235,Salaried,Graduate,Married,East,503,1336015,3,0,0
C00935,22,470804,Business,Graduate,Married,North,718,396655,5,1,0
C00936,33,603966,Self-Employed,Graduate,Married,South,733,583953,2,1,0
C00937,60,911474,Salaried,Graduate,Married,West,661,732457,5,2,0
C00938,22,475776,Salaried,Graduate,Single,West,793,927709,2,0,0
C00939,40,296615,Salaried,Not Graduate,Single,Central,669,1675338,1,1,1
C00940,21,583675,Self-Employed,Graduate,Single,East,522,1825909,3,0,1
C00941,57,164267,Salaried,Not Graduate,Single,Central,682,468401,15,1,1
C00942,29,157272,Self-Employed,Graduate,Single,North,672,1174487,20,1,0
C00943,37,513936,Self-Employed,Graduate,Married,East,595,1191219,20,2,0
C00944,29,154008,Business,Graduate,Married,West,701,866916,3,1,1
C00945,31,244794,Business,Not Graduate,Married,North,499,309383,2,1,1
C00946,35,372859,Salaried,Graduate,Single,North,739,413309,20,0,0
C00947,44,319771,Self-Employed,Graduate,Married,Central,570,226682,10,0,0
C00948,58,413944,Business,Graduate,Married,Central,561,1804743,5,0,0
C00949,55,729993,Business,Graduate,Single,South,639,862267,15,1,0
C00950,50,492532,Salaried,Graduate,Single,West,688,1849215,15,0,0
C00951,51,303247,Salaried,Graduate,Married,West,664,146453,20,0,1
C00952,25,813823,Salaried,Graduate,Married,Central,583,628078,3,2,1
C00953,64,232585,Salaried,Not Graduate,Married,West,604,782320,3,2,1
C00954,34,488867,Salaried,Graduate,Married,West,548,1894651,2,0,1
C00955,31,221230,Salaried,Graduate,Single,North,629,387990,10,0,0
C00956,29,495609,Self-Employed,Graduate,Single,East,746,1510743,5,1,1
C00957,54,383317,Salaried,Not Graduate,Married,East,649,535320,10,1,0
C00958,32,720000,Self-Employed,Not Graduate,Single,South,727,458449,15,1,0
C00959,55,611891,Salaried,Graduate,Single,East,780,587488,10,0,0
C00960,55,339689,Business,Graduate,Married,West,597,626563,20,1,0
C00961,21,311600,Business,Graduate,Single,North,633,519284,2,1,1
C00962,60,383926,Self-Employed,Not Graduate,Single,East,845,1974009,10,2,0
C00963,42,1028906,Business,Not Graduate,Married,West,779,1775227,5,1,0
C00964,49,916741,Salaried,Not Graduate,Single,West,499,1403168,15,0,0
C00965,28,286152,Self-Employed,Graduate,Married,Central,684,998084,1,1,1
C00966,31,634188,Salaried,Graduate,Single,Central,650,665973,15,0,0
C00967,61,202978,Salaried,Graduate,Married,East,724,1513138,1,0,1
C00968,57,361745,Salaried,Graduate,Single,Central,582,1895627,5,1,1
C00969,34,291441,Self-Employed,Graduate,Single,West,574,1728318,15,2,0
C00970,50,715814,Salaried,Graduate,Married,West,589,1624630,15,0,0
C00971,55,247502,Self-Employed,Graduate,Single,Central,598,1888557,15,0,0
C00972,41,536707,Salaried,Not Graduate,Single,North,723,1772629,15,2,0
C00973,57,442554,Business,Not Graduate,Married,Central,543,505235,2,0,0
C00974,25,408827,Self-Employed,Graduate,Single,North,593,1589250,3,1,1
C00975,39,938663,Salaried,Not Graduate,Single,Central,488,1879220,15,1,0
C00976,34,976630,Salaried,Graduate,Married,West,740,1992946,2,2,1
C00977,46,414580,Business,Graduate,Married,West,764,543496,5,1,0
C00978,24,378638,Salaried,Graduate,Married,Central,620,1933336,15,0,0
C00979,45,224561,Salaried,Not Graduate,Married,South,623,1569493,10,0,0
C00980,62,441566,Self-Employed,Graduate,Married,North,690,1318748,15,2,0
C00981,45,1065533,Salaried,Graduate,Married,South,782,1123877,20,1,0
C00982,38,417512,Salaried,Graduate,Single,West,686,1667627,15,0,0
C00983,60,614117,Salaried,Graduate,Single,North,587,1250413,1,0,1
C00984,28,235891,Salaried,Not Graduate,Married,Central,504,881219,10,2,0
C00985,59,363796,Salaried,Not Graduate,Married,North,549,1106001,15,1,0
C00986,60,544764,Salaried,Not Graduate,Married,North,656,325001,15,0,0
C00987,34,463999,Salaried,Not Graduate,Single,East,591,1282419,15,1,0
C00988,52,641202,Salaried,Graduate,Single,North,667,1453719,2,0,0
C00989,58,337323,Business,Graduate,Married,West,600,1514236,5,1,0
C00990,53,201290,Self-Employed,Not Graduate,Married,South,554,833849,1,0,1
C00991,43,733029,Self-Employed,Graduate,Married,South,544,1664321,15,0,0
C00992,35,290318,Salaried,Graduate,Single,Central,790,545496,5,1,0
C00993,53,555693,Salaried,Not Graduate,Single,East,730,785101,1,1,0
C00994,45,541926,Business,Graduate,Single,South,805,443920,1,0,0
C00995,37,209255,Self-Employed,Graduate,Married,South,698,579740,20,1,0
C00996,53,709351,Salaried,Graduate,Married,North,611,161153,1,1,0
C00997,22,342848,Salaried,Not Graduate,Married,West,769,1923870,15,1,0
C00998,34,453510,Salaried,Not Graduate,Married,West,647,242543,2,1,0
C00999,60,376554,Business,Graduate,Married,Central,669,1036721,15,1,0
C01000,60,918196,Salaried,Not Graduate,Married,West,646,1577850,15,0,0
C01001,59,809822,Self-Employed,Graduate,Single,South,384,1379020,5,0,0
C01002,26,195721,Self-Employed,Graduate,Single,North,794,450717,3,0,0
C01003,26,1222577,Business,Graduate,Married,West,694,1100421,3,2,0
C01004,23,326035,Business,Graduate,Single,East,679,1217918,20,1,0
C01005,27,1139495,Salaried,Graduate,Married,East,644,875613,3,2,0
C01006,28,394236,Self-Employed,Graduate,Married,East,664,500479,5,0,0
C01007,62,379491,Self-Employed,Graduate,Single,West,596,811654,10,1,0
C01008,35,395815,Self-Employed,Graduate,Single,North,705,1861868,20,1,0
C01009,49,369403,Business,Graduate,Single,West,532,1046270,5,1,0
C01010,53,1377772,Business,Graduate,Married,South,666,1816974,1,1,1
C01011,50,427468,Salaried,Graduate,Single,West,700,298850,15,1,1
C01012,59,386144,Salaried,Graduate,Married,East,632,1837226,10,2,0
C01013,47,458013,Self-Employed,Graduate,Single,East,683,1346264,1,1,1
C01014,56,286272,Salaried,Graduate,Married,North,560,608692,20,2,0
C01015,49,907731,Salaried,Graduate,Single,Central,563,1645428,15,2,0
C01016,58,228208,Salaried,Graduate,Married,East,671,1720762,15,0,1
C01017,53,335607,Business,Graduate,Married,East,711,1024939,20,0,0
C01018,57,674345,Salaried,Not Graduate,Married,Central,481,330371,1,1,0
C01019,47,450925,Self-Employed,Graduate,Married,West,696,1057800,5,1,0
C01020,53,566451,Salaried,Graduate,Married,East,601,1619495,3,0,1
C01021,24,881979,Salaried,Graduate,Single,North,632,1193835,10,1,0
C01022,42,695030,Salaried,Not Graduate,Married,West,529,1223027,20,1,0
C01023,22,470647,Salaried,Not Graduate,Married,West,573,490691,20,1,0
C01024,30,1132801,Business,Graduate,Married,East,736,1115791,15,1,0
C01025,25,333450,Business,Graduate,Single,West,652,180577,2,1,0
C01026,30,422887,Self-Employed,Graduate,Single,West,615,1881256,15,0,0
C01027,53,436394,Salaried,Graduate,Single,North,639,121074,3,1,0
C01028,58,422485,Salaried,Graduate,Single,West,694,989203,15,0,1
C01029,33,273444,Salaried,Not Graduate,Married,East,689,682909,2,1,1
C01030,51,216935,Salaried,Not Graduate,Single,East,643,979958,20,0,1
C01031,56,533780,Salaried,Graduate,Single,Central,748,1802153,5,0,0
C01032,44,332680,Self-Employed,Graduate,Married,South,737,156759,15,0,0
C01033,35,1043941,Salaried,Graduate,Married,Central,687,1227047,10,0,0
C01034,49,428204,Salaried,Graduate,Married,North,654,1906719,5,0,1
C01035,28,395074,Business,Not Graduate,Single,North,709,1506851,2,0,1
C01036,25,723932,Salaried,Graduate,Single,East,678,1671262,1,1,1
C01037,49,530187,Business,Graduate,Married,South,745,1886294,15,3,0
C01038,24,408814,Business,Graduate,Single,Central,730,1263945,20,0,0
C01039,32,331595,Salaried,Graduate,Single,South,558,682592,20,0,0
C01040,22,2294363,Salaried,Graduate,Single,East,552,1203535,5,1,0
C01041,47,520634,Self-Employed,Not Graduate,Married,West,586,1337893,15,0,0
C01042,51,720710,Salaried,Graduate,Single,East,737,1780421,10,1,0
C01043,56,279197,Salaried,Graduate,Married,East,508,1420687,15,2,1
C01044,56,341091,Self-Employed,Not Graduate,Married,South,685,1982811,5,1,1
C01045,46,1144588,Salaried,Not Graduate,Married,North,682,1228321,3,1,0
C01046,63,829533,Salaried,Graduate,Single,West,754,104583,5,1,0
C01047,47,543578,Self-Employed,Graduate,Single,West,666,1746941,2,2,1
C01048,25,372612,Self-Employed,Graduate,Married,North,529,494846,5,0,0
C01049,40,398189,Salaried,Graduate,Single,South,563,1209935,20,0,0
C01050,31,326357,Salaried,Graduate,Married,South,543,1649950,10,0,0
C01051,30,262870,Salaried,Not Graduate,Married,North,601,721844,5,0,1
C01052,60,670467,Salaried,Graduate,Single,Central,633,773983,5,1,0
C01053,58,563810,Self-Employed,Graduate,Married,South,545,678420,10,0,0
C01054,26,616143,Self-Employed,Graduate,Married,North,782,1613905,5,1,1
C01055,28,380178,Self-Employed,Graduate,Married,Central,530,1157839,20,0,0
C01056,43,496350,Salaried,Not Graduate,Married,East,771,1772611,10,2,0
C01057,46,364244,Salaried,Graduate,Married,West,756,1159240,20,0,0
C01058,63,318925,Salaried,Graduate,Married,North,730,467896,20,0,0
C01059,32,936755,Salaried,Graduate,Married,South,587,956906,20,0,0
C01060,46,467277,Salaried,Graduate,Married,West,680,1437688,2,0,1
C01061,33,555905,Salaried,Graduate,Single,Central,535,1800062,10,2,0
C01062,60,644409,Salaried,Graduate,Single,West,731,1865594,2,1,0
C01063,38,469920,Self-Employed,Graduate,Single,North,643,446608,2,1,0
C01064,45,493009,Self-Employed,Graduate,Single,East,613,505473,10,1,0
C01065,53,271310,Self-Employed,Graduate,Single,Central,539,1166380,5,0,1
C01066,60,295595,Salaried,Graduate,Married,Central,427,874832,15,1,0
C01067,63,288798,Business,Not Graduate,Single,Central,556,479767,3,0,0
C01068,32,580971,Business,Graduate,Married,West,750,1913096,15,0,0
C01069,64,456754,Salaried,Graduate,Married,East,613,1309663,20,1,0
C01070,56,295606,Self-Employed,Graduate,Married,North,634,992969,10,1,0
C01071,24,574378,Business,Graduate,Married,North,708,491371,5,0,0
C01072,25,564985,Salaried,Graduate,Single,West,812,1186469,2,1,1
C01073,57,323600,Salaried,Not Graduate,Married,North,769,1890977,1,0,1
C01074,28,436907,Salaried,Graduate,Married,North,562,58981,3,0,0
C01075,62,565923,Salaried,Not Graduate,Married,East,475,1512824,15,0,0
C01076,48,300661,Salaried,Not Graduate,Single,West,862,366235,5,1,0
C01077,51,570804,Business,Not Graduate,Married,West,854,157154,20,2,0
C01078,29,506591,Self-Employed,Graduate,Married,Central,666,1385128,3,0,0
C01079,49,282196,Salaried,Graduate,Married,North,535,1778177,20,0,1
C01080,34,488409,Self-Employed,Graduate,Single,South,736,1098378,1,0,1
C01081,60,521540,Self-Employed,Graduate,Married,East,640,884372,1,1,1
C01082,61,333800,Salaried,Not Graduate,Married,East,639,1574730,1,1,1
C01083,42,345836,Salaried,Graduate,Married,South,730,756465,15,0,0
C01084,31,281028,Business,Graduate,Married,Central,680,1290698,20,0,0
C01085,43,361475,Self-Employed,Not Graduate,Single,South,543,1102233,10,0,0
C01086,21,440014,Salaried,Graduate,Single,South,620,857662,3,2,1
C01087,57,346266,Salaried,Not Graduate,Single,Central,709,986184,10,3,0
C01088,41,226794,Salaried,Graduate,Single,South,695,1312342,20,1,0
C01089,46,324530,Salaried,Graduate,Single,Central,673,659019,1,0,1
C01090,56,366670,Salaried,Not Graduate,Single,North,734,223412,5,0,0
C01091,43,638947,Self-Employed,Graduate,Single,Central,617,1789886,1,1,1
C01092,21,578182,Salaried,Graduate,Married,West,666,713227,10,2,0
C01093,60,644544,Salaried,Graduate,Married,West,346,1832478,1,1,1
C01094,35,317248,Salaried,Graduate,Single,South,609,1102905,20,1,0
C01095,41,471511,Salaried,Graduate,Single,West,718,1055591,1,0,1
C01096,29,148691,Business,Graduate,Married,Central,614,1396585,10,0,1
C01097,29,536603,Salaried,Graduate,Married,North,608,772300,10,1,1
C01098,30,582394,Self-Employed,Graduate,Single,Central,556,1618473,20,0,0
C01099,46,377667,Salaried,Not Graduate,Married,East,740,87869,5,0,0
C01100,61,505318,Salaried,Graduate,Single,South,699,1296553,10,0,0
C01101,55,223749,Self-Employed,Graduate,Married,North,724,548185,20,3,0
C01102,45,308513,Salaried,Graduate,Married,South,494,1182560,5,3,1
C01103,46,624341,Self-Employed,Not Graduate,Single,East,635,961604,2,1,1
C01104,31,556857,Salaried,Graduate,Married,West,624,1199645,20,0,1
C01105,58,367568,Self-Employed,Not Graduate,Single,East,624,298577,2,3,0
C01106,22,637374,Self-Employed,Graduate,Married,West,594,926143,10,1,1
C01107,27,470821,Self-Employed,Not Graduate,Married,South,618,378396,1,0,1
C01108,38,352603,Self-Employed,Not Graduate,Married,South,726,1440106,3,0,1
C01109,47,407472,Self-Employed,Not Graduate,Single,South,477,168728,1,1,0
C01110,54,360433,Business,Graduate,Married,Central,809,573846,10,1,0
C01111,47,259704,Salaried,Graduate,Married,North,693,1124377,5,1,1
C01112,37,778799,Self-Employed,Graduate,Married,Central,646,792647,20,1,0
C01113,63,342624,Salaried,Graduate,Single,East,731,1858501,1,0,1
C01114,64,304199,Salaried,Graduate,Single,North,519,1713573,2,1,1
C01115,44,222302,Salaried,Graduate,Married,South,590,365414,15,0,0
C01116,45,135105,Business,Graduate,Married,South,639,1563414,10,1,1
C01117,27,606629,Salaried,Graduate,Married,South,772,891967,1,0,1
C01118,26,632302,Self-Employed,Graduate,Married,West,645,305560,15,0,0
C01119,44,756809,Salaried,Graduate,Single,East,690,818026,1,1,0
C01120,53,413714,Salaried,Graduate,Married,Central,596,782119,5,0,0
C01121,49,382737,Business,Graduate,Single,East,693,66220,5,0,0
C01122,63,352048,Salaried,Graduate,Married,West,800,1374112,5,1,0
C01123,42,366791,Salaried,Not Graduate,Married,West,739,1577379,15,2,0
C01124,46,732270,Salaried,Not Graduate,Married,East,642,445462,3,1,0
C01125,48,437165,Self-Employed,Graduate,Single,West,710,1380730,15,0,0
C01126,41,524463,Salaried,Graduate,Married,North,701,176951,10,1,0
C01127,27,362614,Salaried,Not Graduate,Single,South,695,1429078,10,0,1
C01128,37,801613,Self-Employed,Not Graduate,Single,Central,750,533419,2,0,0
C01129,40,187750,Salaried,Graduate,Single,West,749,198306,2,0,0
C01130,61,255445,Self-Employed,Graduate,Single,Central,638,932622,10,0,0
C01131,40,524851,Salaried,Graduate,Married,South,707,1738659,1,1,1
C01132,42,972645,Salaried,Graduate,Married,East,615,492667,10,0,0
C01133,48,399794,Self-Employed,Not Graduate,Married,South,566,959222,20,0,0
C01134,60,302831,Business,Graduate,Single,Central,625,175223,3,0,0
C01135,27,694049,Self-Employed,Not Graduate,Single,North,643,572886,2,0,0
C01136,21,511787,Self-Employed,Graduate,Single,East,500,649493,2,0,0
C01137,52,790638,Salaried,Graduate,Single,West,727,1513576,20,0,0
C01138,33,247543,Salaried,Graduate,Married,North,400,997176,20,0,0
C01139,50,763181,Salaried,Graduate,Single,South,894,1099658,15,1,0
C01140,43,220398,Business,Graduate,Married,Central,785,1502940,20,0,0
C01141,39,388606,Business,Graduate,Single,Central,626,1257142,2,4,1
C01142,52,532720,Business,Graduate,Single,Central,650,911525,10,1,0
C01143,50,481040,Salaried,Graduate,Single,South,677,1412672,2,1,0
C01144,49,713021,Salaried,Graduate,Married,East,596,86719,20,1,0
C01145,49,194464,Self-Employed,Not Graduate,Single,West,667,98737,20,0,0
C01146,50,471395,Self-Employed,Graduate,Married,North,637,1551245,20,1,1
C01147,36,759062,Self-Employed,Graduate,Married,South,641,157271,2,3,0
C01148,60,454376,Self-Employed,Graduate,Single,Central,666,1793472,20,0,0
C01149,39,264592,Salaried,Graduate,Married,West,531,231676,15,1,0
C01150,38,696190,Salaried,Not Graduate,Single,Central,653,1542625,10,1,0
C01151,21,330466,Salaried,Graduate,Single,South,664,642127,1,0,1
C01152,34,305301,Salaried,Graduate,Married,Central,661,884363,20,1,0
C01153,22,288496,Salaried,Graduate,Married,South,630,1400645,2,0,1
C01154,48,404574,Salaried,Graduate,Married,Central,752,232075,2,1,0
C01155,50,480401,Salaried,Graduate,Single,South,618,1540689,20,0,0
C01156,58,249922,Self-Employed,Not Graduate,Single,Central,670,137745,2,1,0
C01157,24,274130,Business,Graduate,Single,West,766,176298,20,1,0
C01158,21,323670,Business,Graduate,Married,West,642,667997,3,1,0
C01159,28,287867,Salaried,Graduate,Married,Central,669,354431,10,0,0
C01160,49,449792,Salaried,Graduate,Married,Central,641,1844662,20,1,0
C01161,59,520502,Salaried,Not Graduate,Married,South,761,476228,2,3,0
C01162,23,489305,Business,Not Graduate,Single,South,626,1730116,3,0,0
C01163,52,489627,Salaried,Graduate,Single,South,765,747143,1,0,0
C01164,30,938413,Salaried,Graduate,Single,East,640,421467,1,0,0
C01165,30,535340,Business,Graduate,Married,Central,572,1053231,15,1,0
C01166,39,629564,Salaried,Not Graduate,Married,Central,711,1560107,20,0,0
C01167,54,367112,Business,Graduate,Single,Central,622,1837702,15,0,0
C01168,53,676577,Salaried,Graduate,Single,Central,705,1538283,15,0,0
C01169,43,359310,Salaried,Not Graduate,Married,South,404,270013,3,0,1
C01170,48,532400,Salaried,Not Graduate,Married,South,650,501800,1,1,1
C01171,52,238681,Business,Graduate,Married,East,608,849235,15,1,0
C01172,27,476777,Business,Not Graduate,Single,South,554,1279273,5,2,0
C01173,49,285237,Self-Employed,Graduate,Married,Central,600,1741683,15,1,1
C01174,28,674155,Salaried,Graduate,Married,Central,598,929793,1,1,1
C01175,21,656149,Salaried,Not Graduate,Single,North,645,63698,5,0,0
C01176,23,358619,Business,Graduate,Married,South,526,1002064,3,0,0
C01177,44,1112709,Self-Employed,Not Graduate,Single,North,678,65376,20,1,0
C01178,43,389007,Self-Employed,Not Graduate,Single,Central,772,526870,20,1,0
C01179,28,214184,Salaried,Not Graduate,Married,South,675,325261,5,0,0
C01180,57,311575,Salaried,Not Graduate,Married,Central,722,286591,1,0,1
C01181,23,276547,Salaried,Graduate,Married,North,748,1023885,2,1,1
C01182,53,524825,Self-Employed,Graduate,Single,North,761,1529748,5,0,1
C01183,48,253745,Business,Graduate,Married,West,818,1147362,1,0,1
C01184,28,347094,Salaried,Not Graduate,Single,West,605,687293,15,1,0
C01185,54,509685,Salaried,Graduate,Single,South,585,1317426,2,0,1
C01186,55,470895,Salaried,Not Graduate,Single,South,720,378624,3,1,0
C01187,52,439903,Salaried,Not Graduate,Married,South,713,737055,20,0,0
C01188,44,468223,Business,Graduate,Single,South,719,889665,3,0,0
C01189,34,374472,Salaried,Graduate,Married,South,820,1471742,10,2,0
C01190,52,214982,Business,Graduate,Single,South,651,1514294,3,0,1
C01191,63,370060,Self-Employed,Graduate,Married,South,688,493226,10,1,0
C01192,36,546307,Self-Employed,Not Graduate,Married,North,561,1085752,3,0,1
C01193,24,415974,Business,Graduate,Married,North,842,1057845,3,1,0
C01194,57,527640,Self-Employed,Not Graduate,Married,North,619,142529,3,0,1
C01195,41,339743,Business,Graduate,Single,Central,622,1565697,10,0,0
C01196,34,692076,Salaried,Graduate,Married,East,618,1864360,15,2,0
C01197,51,140036,Self-Employed,Graduate,Married,Central,591,1538281,10,1,1
C01198,38,471487,Self-Employed,Not Graduate,Single,South,584,1723783,5,1,0
C01199,27,811789,Salaried,Graduate,Married,East,602,1968541,1,1,1
C01200,30,868015,Self-Employed,Not Graduate,Single,North,527,524381,1,1,1
C01201,27,398585,Self-Employed,Graduate,Single,North,579,522803,15,1,0
C01202,53,243582,Business,Graduate,Married,West,825,1584851,1,1,1
C01203,43,818241,Salaried,Graduate,Married,South,716,1821246,3,0,0
C01204,41,432207,Self-Employed,Graduate,Single,South,733,259870,15,0,0
C01205,39,411870,Salaried,Graduate,Married,West,755,643695,1,1,1
C01206,39,296029,Self-Employed,Graduate,Married,Central,815,1696673,10,1,0
C01207,56,252092,Salaried,Graduate,Married,West,490,329373,5,0,0
C01208,49,570197,Self-Employed,Graduate,Married,South,539,616464,2,0,0
C01209,38,598057,Salaried,Graduate,Single,North,577,669113,5,0,0
C01210,22,484413,Salaried,Graduate,Married,West,607,970764,1,3,1
C01211,21,313695,Salaried,Not Graduate,Single,East,622,1196131,15,0,0
C01212,25,273963,Salaried,Graduate,Married,North,609,577433,20,0,0
C01213,40,232231,Self-Employed,Graduate,Single,Central,669,1195865,1,2,1
C01214,31,343779,Business,Not Graduate,Married,North,653,1761738,10,0,1
C01215,62,281353,Salaried,Graduate,Single,Central,584,838695,5,1,0
C01216,22,205009,Salaried,Graduate,Married,North,454,470129,20,0,0
C01217,23,593092,Salaried,Graduate,Single,South,560,107788,10,1,0
C01218,43,244365,Self-Employed,Not Graduate,Married,Central,600,1762091,10,1,0
C01219,32,688840,Salaried,Graduate,Single,Central,627,1754858,2,0,0
C01220,40,528253,Salaried,Graduate,Married,West,548,777591,10,0,0
C01221,25,505070,Salaried,Graduate,Single,North,605,201744,20,0,0
C01222,57,936017,Salaried,Graduate,Married,Central,548,1268174,10,1,0
C01223,58,248050,Salaried,Not Graduate,Married,Central,638,1930352,2,0,1
C01224,50,655528,Salaried,Not Graduate,Married,North,553,959251,3,1,0
C01225,29,386953,Self-Employed,Graduate,Married,North,573,462230,20,0,0
C01226,54,1407015,Self-Employed,Graduate,Single,East,532,1696216,3,2,0
C01227,64,372742,Salaried,Graduate,Single,West,636,534495,20,0,0
C01228,55,346611,Self-Employed,Not Graduate,Married,Central,572,1401044,15,1,0
C01229,42,535786,Salaried,Graduate,Married,North,731,1606321,2,1,1
C01230,64,402717,Business,Not Graduate,Married,Central,686,930507,15,0,0
C01231,44,314485,Salaried,Graduate,Single,East,643,1325286,15,0,0
C01232,37,285893,Self-Employed,Not Graduate,Married,East,578,744058,10,1,0
C01233,30,852724,Self-Employed,Graduate,Married,Central,684,913601,15,0,0
C01234,50,262089,Salaried,Graduate,Single,West,712,1908392,1,2,1
C01235,43,489132,Business,Graduate,Single,South,662,577800,20,2,0
C01236,52,711608,Salaried,Not Graduate,Married,Central,794,736860,5,0,0
C01237,37,727247,Self-Employed,Graduate,Single,East,691,1222351,1,1,0
C01238,37,337478,Salaried,Graduate,Married,West,732,128743,1,0,0
C01239,34,403211,Salaried,Not Graduate,Married,North,662,397786,10,1,1
C01240,29,369502,Self-Employed,Not Graduate,Married,West,710,441731,5,1,0
C01241,60,221735,Salaried,Not Graduate,Married,West,578,654146,15,0,1
C01242,22,563477,Salaried,Graduate,Married,Central,608,1677664,5,0,0
C01243,45,450145,Salaried,Not Graduate,Single,West,681,1554932,15,1,0
C01244,59,845990,Self-Employed,Graduate,Single,North,680,1723228,3,1,0
C01245,29,305454,Salaried,Not Graduate,Married,Central,695,1604109,2,1,1
C01246,42,722096,Salaried,Not Graduate,Married,East,749,1363107,10,0,1
C01247,63,745384,Self-Employed,Graduate,Married,North,521,237232,15,0,1
C01248,24,451884,Salaried,Graduate,Married,Central,562,778927,15,0,0
C01249,46,166560,Salaried,Graduate,Single,Central,670,1231447,5,1,0
C01250,49,351281,Salaried,Not Graduate,Single,South,584,169095,10,0,0
C01251,54,988201,Salaried,Graduate,Single,North,900,1658412,20,0,0
C01252,43,505687,Salaried,Graduate,Married,West,696,1001399,15,2,1
C01253,57,604423,Business,Not Graduate,Married,North,642,140450,3,0,0
C01254,31,425013,Salaried,Graduate,Single,North,603,1728533,1,1,1
C01255,26,400092,Salaried,Not Graduate,Married,South,606,916603,15,0,0
C01256,38,190936,Salaried,Graduate,Married,West,652,1532171,5,1,0
C01257,41,632624,Salaried,Graduate,Married,South,660,357558,20,0,0
C01258,62,719172,Self-Employed,Not Graduate,Married,South,608,1695935,3,0,1
C01259,56,288402,Salaried,Graduate,Single,South,625,1735672,10,0,0
C01260,61,408201,Salaried,Graduate,Married,North,770,1599460,15,0,0
C01261,58,384160,Salaried,Not Graduate,Married,South,774,1035848,3,0,0
C01262,54,534490,Business,Graduate,Married,East,672,1177167,3,0,0
C01263,37,346291,Salaried,Graduate,Married,West,529,798501,20,2,0
C01264,57,672732,Salaried,Graduate,Married,West,698,1065807,3,2,0
C01265,45,456843,Self-Employed,Not Graduate,Married,South,789,316441,3,0,0
C01266,58,140471,Salaried,Graduate,Married,North,773,683801,20,1,0
C01267,32,539945,Self-Employed,Graduate,Single,Central,716,922911,20,0,0
C01268,43,692703,Self-Employed,Not Graduate,Single,Central,778,1197328,20,0,1
C01269,62,263437,Salaried,Graduate,Single,North,654,186080,3,2,0
C01270,42,531749,Salaried,Graduate,Single,South,706,267885,3,1,0
C01271,41,1008003,Business,Graduate,Single,South,588,1476201,2,0,0
C01272,47,465296,Self-Employed,Not Graduate,Married,East,676,197892,10,0,0
C01273,51,739502,Business,Graduate,Single,Central,769,514764,1,0,0
C01274,26,362590,Salaried,Graduate,Married,Central,596,203325,10,1,0
C01275,47,438851,Salaried,Not Graduate,Married,West,572,472418,5,0,0
C01276,60,403495,Business,Graduate,Married,South,658,996740,5,0,0
C01277,54,371682,Salaried,Graduate,Married,North,629,641444,20,2,0
C01278,32,413960,Business,Graduate,Single,South,708,1865824,10,1,0
C01279,27,212392,Salaried,Not Graduate,Married,South,609,110263,3,0,0
C01280,30,381209,Business,Graduate,Single,East,804,673540,2,1,0
C01281,37,807754,Salaried,Graduate,Married,North,533,1217208,1,0,1
C01282,46,286742,Salaried,Graduate,Married,East,762,1959863,15,0,0
C01283,41,273823,Business,Graduate,Single,East,581,66575,15,3,0
C01284,48,454769,Salaried,Not Graduate,Single,East,488,1372924,3,1,1
C01285,22,465111,Salaried,Graduate,Married,East,671,1110528,10,1,0
C01286,63,524320,Salaried,Graduate,Married,South,627,1618402,15,0,0
C01287,21,420339,Self-Employed,Graduate,Married,West,550,1181899,10,0,1
C01288,56,456954,Business,Graduate,Single,South,498,1805078,2,0,1
C01289,46,377793,Salaried,Graduate,Married,East,649,1263520,2,1,1
C01290,49,249170,Salaried,Graduate,Single,East,737,734736,20,0,0
C01291,41,428426,Salaried,Not Graduate,Married,West,702,1820020,10,0,0
C01292,31,612968,Self-Employed,Graduate,Married,Central,655,192712,20,0,0
C01293,60,557810,Salaried,Not Graduate,Single,North,693,338581,3,1,0
C01294,31,201811,Salaried,Graduate,Single,East,647,177129,20,0,0
C01295,56,495521,Salaried,Graduate,Married,East,521,924113,3,2,1
C01296,59,296041,Self-Employed,Graduate,Single,South,522,828810,3,0,0
C01297,60,827756,Business,Graduate,Married,East,631,582191,15,1,0
C01298,55,512379,Salaried,Not Graduate,Married,East,635,1313352,1,1,1
C01299,54,662203,Salaried,Not Graduate,Single,North,726,601151,1,0,0
C01300,44,446647,Self-Employed,Not Graduate,Single,South,718,355525,3,0,0
C01301,42,429456,Self-Employed,Graduate,Married,Central,704,1913556,10,0,0
C01302,25,867291,Salaried,Graduate,Married,East,624,493172,2,5,0
C01303,53,685393,Salaried,Graduate,Married,East,525,1042030,20,1,0
C01304,56,466510,Salaried,Not Graduate,Single,Central,687,585755,5,0,0
C01305,40,404396,Self-Employed,Graduate,Single,West,697,370098,2,2,0
C01306,39,205206,Self-Employed,Not Graduate,Married,Central,435,336045,2,1,1
C01307,55,511987,Salaried,Graduate,Married,Central,574,1908309,5,2,1
C01308,63,418006,Salaried,Not Graduate,Single,South,587,807902,3,1,0
C01309,37,567661,Salaried,Graduate,Single,Central,660,921612,2,2,0
C01310,63,650839,Business,Not Graduate,Married,South,577,1692767,5,0,1
C01311,54,770515,Salaried,Graduate,Married,Central,646,416099,20,1,0
C01312,29,514858,Business,Graduate,Single,East,631,983708,15,1,0
C01313,46,276271,Self-Employed,Graduate,Married,East,635,594043,10,1,1
C01314,22,168183,Salaried,Graduate,Single,West,585,1420537,10,0,0
C01315,29,305249,Salaried,Not Graduate,Single,Central,592,838525,10,3,0
C01316,29,806186,Business,Graduate,Married,North,552,306094,3,0,0
C01317,60,1005073,Salaried,Not Graduate,Married,Central,684,512753,2,0,0
C01318,37,397497,Business,Graduate,Single,North,701,1981327,2,0,1
C01319,21,229249,Salaried,Graduate,Single,Central,580,1383660,1,1,1
C01320,45,330451,Self-Employed,Graduate,Single,South,786,749400,10,1,1
C01321,63,738231,Business,Graduate,Married,East,621,1004826,3,0,1
C01322,60,339097,Business,Graduate,Single,North,787,1751578,5,1,0
C01323,62,576716,Salaried,Graduate,Single,North,592,1190120,3,0,0
C01324,45,477276,Self-Employed,Graduate,Single,Central,467,1707301,2,0,1
C01325,59,608956,Salaried,Graduate,Married,East,686,405113,20,0,0
C01326,55,1002597,Salaried,Graduate,Married,West,672,1205577,20,0,0
C01327,23,576886,Salaried,Graduate,Single,North,653,1186301,20,1,0
C01328,57,472650,Salaried,Not Graduate,Married,East,592,1476504,10,0,0
C01329,64,1053647,Salaried,Graduate,Single,East,646,160675,1,1,0
C01330,64,517776,Salaried,Graduate,Married,North,603,144266,15,0,0
C01331,50,309642,Business,Not Graduate,Single,South,622,1369956,3,0,1
C01332,58,602811,Self-Employed,Graduate,Single,South,725,909029,1,0,0
C01333,54,541097,Salaried,Not Graduate,Single,Central,666,1313772,20,0,0
C01334,32,385171,Business,Graduate,Married,Central,704,184974,2,1,0
C01335,39,350489,Salaried,Not Graduate,Married,East,629,673944,5,0,0
C01336,57,386846,Salaried,Graduate,Married,North,619,346508,3,1,0
C01337,64,348240,Self-Employed,Graduate,Single,South,546,1729935,15,0,1
C01338,37,392545,Salaried,Not Graduate,Single,East,616,1066487,2,1,1
C01339,30,302773,Self-Employed,Graduate,Married,South,351,1455130,10,0,1
C01340,32,526375,Salaried,Graduate,Married,North,596,1249744,3,1,1
C01341,36,508917,Salaried,Graduate,Married,South,642,193092,1,0,0
C01342,44,516763,Salaried,Not Graduate,Married,West,700,1681337,20,1,0
C01343,39,430169,Business,Graduate,Single,Central,625,291472,3,1,0
C01344,28,408420,Self-Employed,Not Graduate,Married,South,681,356297,2,0,0
C01345,51,846531,Self-Employed,Not Graduate,Single,North,453,1270925,2,0,1
C01346,41,456038,Self-Employed,Graduate,Married,North,644,350646,20,1,0
C01347,37,781284,Salaried,Graduate,Single,West,498,65675,1,1,0
C01348,43,282550,Self-Employed,Graduate,Single,North,541,1216960,15,0,0
C01349,57,576730,Salaried,Graduate,Single,West,633,1176805,2,0,0
C01350,36,317865,Salaried,Graduate,Married,East,764,663337,3,3,0
C01351,26,344459,Self-Employed,Graduate,Married,South,683,757508,20,0,0
C01352,28,367560,Salaried,Graduate,Married,North,651,1449877,15,0,0
C01353,45,357335,Salaried,Graduate,Married,Central,648,1318895,1,1,1
C01354,38,358139,Business,Graduate,Married,South,585,1728575,2,0,1
C01355,45,765109,Self-Employed,Not Graduate,Single,West,601,1732954,20,0,0
C01356,32,451547,Self-Employed,Not Graduate,Married,South,688,1978329,2,0,1
C01357,35,489566,Salaried,Graduate,Married,South,525,776262,3,0,0
C01358,46,360150,Salaried,Not Graduate,Married,North,703,862897,2,0,1
C01359,61,650582,Self-Employed,Not Graduate,Single,Central,615,1917294,20,0,0
C01360,46,519060,Self-Employed,Graduate,Single,East,724,1153371,3,0,0
C01361,52,384993,Salaried,Graduate,Single,Central,736,1468859,10,1,0
C01362,30,216874,Business,Not Graduate,Married,West,499,784543,20,0,0
C01363,36,487640,Business,Not Graduate,Married,Central,597,153845,15,1,0
C01364,27,573237,Salaried,Not Graduate,Single,Central,573,1410706,3,0,0
C01365,37,284793,Business,Graduate,Married,West,486,1010705,5,2,0
C01366,43,387345,Salaried,Graduate,Single,Central,557,1010819,2,0,1
C01367,46,563387,Salaried,Graduate,Single,East,869,1436116,10,1,0
C01368,41,218181,Salaried,Graduate,Married,South,704,1940186,15,0,0
C01369,42,330385,Self-Employed,Graduate,Single,East,822,847177,1,0,1
C01370,27,524189,Business,Graduate,Single,South,724,1877096,5,1,1
C01371,34,727419,Self-Employed,Graduate,Married,South,583,1352306,1,1,1
C01372,35,1183043,Self-Employed,Graduate,Married,Central,615,1302002,20,0,0
C01373,27,1068102,Salaried,Not Graduate,Married,South,702,916069,5,2,0
C01374,29,471982,Salaried,Graduate,Single,West,689,972532,10,0,0
C01375,28,355790,Salaried,Graduate,Single,East,598,279333,15,1,0
C01376,43,670249,Salaried,Graduate,Single,South,514,622854,10,1,0
C01377,49,346411,Self-Employed,Graduate,Married,Central,900,880154,10,0,0
C01378,38,313971,Salaried,Not Graduate,Single,Central,637,923055,5,2,1
C01379,51,385628,Self-Employed,Not Graduate,Single,Central,620,423218,3,1,0
C01380,50,364469,Salaried,Graduate,Single,North,660,649262,15,2,0
C01381,59,532684,Salaried,Not Graduate,Married,East,628,526908,1,0,1
C01382,55,337364,Salaried,Graduate,Single,Central,661,396228,3,0,0
C01383,38,459688,Business,Graduate,Single,West,765,220951,3,0,0
C01384,62,906847,Salaried,Graduate,Married,Central,638,1516559,2,0,0
C01385,59,467410,Salaried,Not Graduate,Single,North,545,298595,20,1,0
C01386,37,875485,Business,Graduate,Single,East,635,1727281,1,0,1
C01387,34,759887,Business,Graduate,Single,South,608,1953107,5,1,0
C01388,51,577473,Self-Employed,Graduate,Married,East,778,229729,20,0,0
C01389,44,377237,Salaried,Graduate,Single,South,755,1238146,2,0,1
C01390,55,706606,Salaried,Graduate,Single,South,659,254739,2,1,0
C01391,64,395343,Business,Graduate,Single,Central,534,1385827,20,1,0
C01392,54,442013,Business,Graduate,Married,West,539,734153,10,1,0
C01393,23,513286,Self-Employed,Not Graduate,Single,West,651,970200,5,1,0
C01394,57,441346,Salaried,Graduate,Married,Central,680,890271,3,0,1
C01395,63,319937,Salaried,Not Graduate,Married,North,616,1712105,15,1,0
C01396,60,222527,Salaried,Graduate,Single,South,606,1646261,3,0,1
C01397,46,681199,Self-Employed,Graduate,Single,West,596,1630568,3,2,1
C01398,43,571862,Salaried,Graduate,Married,East,647,1087763,10,1,0
C01399,64,203969,Business,Not Graduate,Married,North,435,1089528,3,0,1
C01400,59,316141,Salaried,Graduate,Married,Central,550,1901450,1,3,1
C01401,35,479538,Self-Employed,Not Graduate,Married,North,593,769148,3,1,0
C01402,24,539909,Salaried,Graduate,Single,West,758,1228152,3,0,1
C01403,49,223394,Salaried,Not Graduate,Married,Central,576,59765,1,1,0
C01404,42,424999,Salaried,Not Graduate,Single,West,666,1476548,10,0,0
C01405,45,564019,Self-Employed,Graduate,Married,South,670,60002,2,0,0
C01406,33,377686,Self-Employed,Graduate,Married,North,766,1882717,5,0,0
C01407,38,496393,Salaried,Graduate,Single,South,763,1896398,10,0,0
C01408,53,355258,Business,Not Graduate,Single,East,644,225508,3,0,0
C01409,36,666062,Salaried,Graduate,Single,South,607,1357022,2,1,1
C01410,62,308760,Business,Not Graduate,Married,North,590,527698,5,2,0
C01411,64,264623,Business,Not Graduate,Married,East,628,1085044,5,1,0
C01412,22,448209,Business,Graduate,Married,West,610,295620,5,1,0
C01413,55,232097,Salaried,Graduate,Married,East,699,580929,1,1,1
C01414,62,171561,Salaried,Not Graduate,Single,North,687,1525501,1,0,1
C01415,54,720485,Business,Graduate,Single,Central,703,1209695,2,1,1
C01416,50,284104,Salaried,Not Graduate,Single,East,763,482525,3,1,0
C01417,33,242766,Salaried,Graduate,Single,West,817,1376344,20,1,0
C01418,33,307032,Self-Employed,Not Graduate,Married,East,661,1108542,2,2,1
C01419,38,300892,Salaried,Graduate,Married,South,748,270422,3,0,0
C01420,52,415006,Self-Employed,Not Graduate,Married,Central,618,1263837,10,2,0
C01421,52,270473,Business,Graduate,Married,North,756,1169877,20,1,0
C01422,55,553592,Self-Employed,Graduate,Single,Central,745,689411,5,0,0
C01423,59,591729,Salaried,Graduate,Single,South,740,1509015,5,0,0
C01424,49,249260,Salaried,Not Graduate,Single,Central,658,545521,1,1,1
C01425,49,334990,Salaried,Graduate,Married,South,589,1438903,20,0,0
C01426,64,349627,Salaried,Not Graduate,Married,East,524,808912,10,0,0
C01427,36,410752,Salaried,Graduate,Single,North,646,1103535,15,2,0
C01428,64,720144,Salaried,Graduate,Married,South,787,1065024,10,1,0
C01429,30,739064,Salaried,Graduate,Married,South,622,362946,3,0,0
C01430,50,1362034,Salaried,Graduate,Single,East,720,1055252,10,0,0
C01431,45,159337,Business,Not Graduate,Married,South,725,1746989,20,0,0
C01432,59,291870,Salaried,Graduate,Married,North,624,1484515,20,0,0
C01433,40,1000793,Salaried,Not Graduate,Single,West,768,77215,1,1,0
C01434,25,196749,Self-Employed,Graduate,Married,Central,388,105046,3,1,0
C01435,21,990603,Self-Employed,Graduate,Single,South,539,1088470,2,1,0
C01436,50,472743,Salaried,Graduate,Married,Central,567,1856129,3,1,1
C01437,23,480633,Self-Employed,Graduate,Married,Central,576,1089089,2,1,1
C01438,34,248721,Salaried,Graduate,Married,West,680,1455313,15,0,0
C01439,50,361123,Salaried,Graduate,Single,South,676,477310,3,1,0
C01440,24,971230,Business,Not Graduate,Single,North,685,1792605,5,0,1
C01441,38,433021,Business,Graduate,Single,South,703,217198,15,1,0
C01442,57,362208,Self-Employed,Not Graduate,Single,Central,564,391180,2,1,0
C01443,45,531029,Self-Employed,Graduate,Married,East,540,1994872,1,0,1
C01444,21,405753,Business,Graduate,Single,West,685,1743197,15,0,0
C01445,35,516751,Business,Graduate,Single,North,593,1639636,15,0,0
C01446,29,301829,Salaried,Not Graduate,Married,North,508,626231,15,0,0
C01447,35,427316,Self-Employed,Graduate,Married,Central,737,381012,2,2,0
C01448,44,331543,Salaried,Graduate,Single,North,775,1410575,2,1,1
C01449,24,196460,Salaried,Graduate,Married,Central,790,727578,3,0,0
C01450,32,549564,Salaried,Graduate,Married,North,666,675412,5,0,0
C01451,57,253927,Self-Employed,Not Graduate,Single,North,706,1048512,15,0,0
C01452,57,410801,Business,Not Graduate,Married,Central,773,1417925,3,1,1
C01453,63,671138,Business,Graduate,Married,West,592,710319,3,2,0
C01454,26,225479,Salaried,Graduate,Married,North,749,264051,5,2,0
C01455,59,580768,Salaried,Not Graduate,Single,South,674,488350,3,0,0
C01456,44,386576,Salaried,Graduate,Single,East,732,600162,5,0,0
C01457,31,286377,Salaried,Not Graduate,Married,Central,666,705295,1,1,1
C01458,33,1099444,Business,Graduate,Married,North,766,575589,5,1,0
C01459,54,442302,Salaried,Graduate,Married,West,670,1418737,10,0,0
C01460,45,342613,Self-Employed,Graduate,Married,South,516,1666183,5,0,0
C01461,27,311422,Salaried,Not Graduate,Married,Central,780,794976,5,1,0
C01462,24,657712,Salaried,Graduate,Married,South,564,1315867,20,0,0
C01463,28,335901,Self-Employed,Graduate,Married,East,762,1062696,10,0,1
C01464,40,621836,Salaried,Graduate,Married,West,641,334599,5,0,0
C01465,49,441919,Salaried,Graduate,Single,Central,755,709472,2,0,0
C01466,30,731084,Salaried,Graduate,Married,Central,752,1417753,20,1,0
C01467,63,276746,Self-Employed,Graduate,Single,North,688,1602859,3,1,1
C01468,54,294672,Business,Not Graduate,Single,South,695,1601870,3,2,0
C01469,46,389861,Business,Graduate,Married,Central,688,1288008,1,0,1
C01470,61,404687,Business,Graduate,Single,South,468,525634,1,1,1
C01471,23,377169,Business,Not Graduate,Single,East,660,419068,10,0,0
C01472,26,1445763,Business,Not Graduate,Married,North,549,1131311,2,0,0
C01473,25,1119576,Self-Employed,Graduate,Married,East,665,909213,1,0,0
C01474,25,506143,Salaried,Graduate,Married,North,547,1339783,3,0,1
C01475,43,533725,Salaried,Not Graduate,Married,North,543,178305,1,1,1
C01476,29,397760,Business,Graduate,Single,South,794,1821577,1,1,1
C01477,55,275840,Salaried,Graduate,Single,North,746,1730913,5,1,0
C01478,40,407610,Salaried,Graduate,Single,East,649,464927,1,0,0
C01479,62,625935,Business,Graduate,Married,East,666,1366350,10,2,0
C01480,55,796141,Salaried,Graduate,Married,East,627,1164064,3,1,0
C01481,38,692503,Business,Not Graduate,Married,South,701,184278,10,1,0
C01482,37,224269,Self-Employed,Not Graduate,Single,South,589,572059,20,0,0
C01483,44,388421,Salaried,Graduate,Single,West,739,892721,10,0,0
C01484,23,228435,Self-Employed,Graduate,Married,Central,627,331097,15,0,0
C01485,52,748614,Business,Graduate,Single,West,612,1461652,2,0,1
C01486,55,367481,Salaried,Not Graduate,Married,West,651,1764004,20,1,0
C01487,58,433133,Self-Employed,Graduate,Single,North,596,308946,20,1,0
C01488,33,549092,Business,Graduate,Single,North,679,128930,15,2,0
C01489,45,1536108,Salaried,Graduate,Single,West,601,236988,15,1,0
C01490,29,499180,Salaried,Graduate,Married,Central,692,1361787,5,0,0
C01491,24,397431,Salaried,Graduate,Single,West,759,1411378,10,0,0
C01492,34,253097,Salaried,Graduate,Single,South,585,626453,2,0,0
C01493,57,852891,Salaried,Not Graduate,Married,East,638,392925,3,2,0
C01494,54,407690,Self-Employed,Graduate,Married,West,691,190931,3,2,0
C01495,31,932583,Salaried,Graduate,Married,North,610,1652028,2,0,0
C01496,61,727613,Business,Not Graduate,Single,Central,691,154946,20,0,0
C01497,23,359212,Salaried,Not Graduate,Married,North,699,1310561,10,1,0
C01498,48,236446,Salaried,Graduate,Single,South,747,964012,10,0,0
C01499,49,500146,Self-Employed,Graduate,Single,North,595,807730,5,1,0
C01500,29,335471,Business,Graduate,Married,North,565,411395,5,0,0
C01501,23,450316,Salaried,Graduate,Single,Central,622,1643637,15,2,0
C01502,45,709327,Salaried,Not Graduate,Married,Central,562,500511,3,1,0
C01503,54,210215,Business,Graduate,Married,North,700,608227,5,0,1
C01504,32,498359,Salaried,Not Graduate,Single,North,545,973618,2,0,1
C01505,62,622698,Salaried,Not Graduate,Single,West,859,934907,3,0,0
C01506,29,636442,Salaried,Graduate,Married,South,766,301442,20,0,0
C01507,35,239523,Self-Employed,Graduate,Married,West,651,1373538,20,0,0
C01508,60,534293,Salaried,Not Graduate,Married,Central,728,1370055,10,1,0
C01509,45,760393,Self-Employed,Not Graduate,Married,West,502,1600147,3,0,1
C01510,25,516306,Self-Employed,Graduate,Married,West,877,367152,1,0,0
C01511,31,419969,Business,Graduate,Single,North,596,1694609,3,1,0
C01512,54,738831,Salaried,Not Graduate,Married,North,639,748508,5,0,0
C01513,44,323694,Salaried,Graduate,Single,South,482,1355021,2,0,1
C01514,35,222253,Salaried,Graduate,Married,East,693,315721,10,3,0
C01515,58,404226,Salaried,Graduate,Single,East,550,123916,10,1,0
C01516,28,562851,Self-Employed,Not Graduate,Married,West,659,1758012,5,0,0
C01517,25,706106,Self-Employed,Graduate,Single,South,601,476141,5,1,0
C01518,46,561701,Self-Employed,Graduate,Married,South,553,1073585,5,0,1
C01519,38,644428,Business,Graduate,Married,Central,577,109314,1,0,0
C01520,26,708135,Business,Not Graduate,Married,North,670,1926213,2,2,1
C01521,57,379754,Salaried,Graduate,Married,Central,534,454311,1,0,1
C01522,33,413919,Business,Not Graduate,Married,East,582,1736447,5,2,1
C01523,48,789555,Salaried,Graduate,Single,South,709,659003,2,0,0
C01524,25,256639,Self-Employed,Not Graduate,Married,East,884,286576,20,0,0
C01525,33,536654,Salaried,Not Graduate,Married,North,692,106680,20,0,0
C01526,37,320449,Business,Graduate,Single,North,567,1126976,5,0,1
C01527,60,725863,Salaried,Graduate,Married,North,616,556367,2,0,0
C01528,52,438857,Self-Employed,Graduate,Married,East,652,681633,10,1,0
C01529,49,443927,Business,Graduate,Married,South,618,1821282,1,1,1
C01530,23,963180,Self-Employed,Not Graduate,Single,Central,731,1185686,15,0,0
C01531,60,272605,Self-Employed,Graduate,Married,South,669,1742984,5,1,1
C01532,54,487535,Salaried,Graduate,Single,South,731,340706,5,0,0
C01533,60,407967,Salaried,Graduate,Married,West,621,1008167,3,0,0
C01534,47,562184,Business,Graduate,Married,South,769,68510,15,3,0
C01535,33,1054101,Self-Employed,Graduate,Married,Central,635,1684472,10,0,0
C01536,53,336933,Self-Employed,Graduate,Married,West,562,515705,5,2,0
C01537,26,258117,Salaried,Graduate,Single,South,845,1412902,1,1,1
C01538,44,307368,Salaried,Graduate,Married,West,485,809987,10,0,0
C01539,39,398407,Salaried,Graduate,Single,South,583,601171,5,2,0
C01540,36,455387,Salaried,Not Graduate,Single,North,593,1595701,1,2,1
C01541,60,465812,Salaried,Not Graduate,Single,North,875,776787,3,0,0
C01542,48,995696,Salaried,Not Graduate,Single,South,812,741204,3,0,0
C01543,53,919125,Salaried,Not Graduate,Married,West,784,986232,20,3,0
C01544,61,795181,Self-Employed,Not Graduate,Married,Central,620,804283,1,1,1
C01545,33,1371612,Salaried,Graduate,Married,North,868,585382,10,0,0
C01546,63,641038,Self-Employed,Graduate,Single,West,683,1022916,1,1,1
C01547,45,728512,Business,Graduate,Married,Central,737,1635508,15,2,0
C01548,62,635486,Salaried,Graduate,Married,West,666,1330956,1,1,1
C01549,56,590312,Business,Not Graduate,Married,South,645,135834,3,0,0
C01550,47,528331,Business,Graduate,Married,North,627,1469702,3,0,1
C01551,58,370057,Salaried,Not Graduate,Married,North,631,1552538,3,1,0
C01552,27,252445,Salaried,Graduate,Married,North,704,102748,15,0,0
C01553,25,417151,Salaried,Not Graduate,Single,South,683,1944029,5,0,1
C01554,63,570688,Self-Employed,Not Graduate,Single,Central,647,1161227,20,0,0
C01555,51,457036,Salaried,Graduate,Married,Central,785,1397527,15,1,0
C01556,43,273922,Salaried,Graduate,Married,North,382,78669,5,1,0
C01557,62,410590,Self-Employed,Not Graduate,Married,Central,695,735521,15,1,0
C01558,30,401073,Salaried,Not Graduate,Married,North,714,1499074,2,1,1
C01559,52,430172,Business,Not Graduate,Married,Central,753,338683,5,2,0
C01560,63,551783,Salaried,Not Graduate,Married,North,644,1902753,10,1,0
C01561,50,607930,Business,Graduate,Single,Central,668,744793,10,1,0
C01562,59,353266,Salaried,Graduate,Married,West,738,283670,20,3,0
C01563,51,687972,Salaried,Not Graduate,Single,North,784,1919563,3,0,0
C01564,38,736185,Salaried,Graduate,Single,North,622,1492865,15,0,0
C01565,56,511005,Business,Graduate,Married,East,674,1917691,1,0,1
C01566,22,596680,Salaried,Graduate,Single,North,801,75741,3,0,0
C01567,34,688936,Self-Employed,Graduate,Single,Central,458,1251934,20,0,0
C01568,33,269968,Business,Graduate,Single,West,587,53599,1,2,0
C01569,49,711143,Self-Employed,Graduate,Single,West,781,1227089,15,0,0
C01570,32,310044,Salaried,Graduate,Single,Central,748,863725,3,2,1
C01571,59,323930,Business,Graduate,Single,South,697,1376109,3,0,1
C01572,22,483269,Business,Not Graduate,Married,North,609,552865,10,0,0
C01573,52,168582,Salaried,Not Graduate,Married,West,570,1373038,1,1,1
C01574,33,478795,Self-Employed,Graduate,Married,Central,596,315199,2,1,0
C01575,47,688177,Business,Graduate,Married,West,789,695452,2,0,0
C01576,61,210941,Business,Not Graduate,Married,West,593,1705443,3,1,1
C01577,37,722197,Salaried,Graduate,Single,Central,659,1760256,15,0,0
C01578,60,323044,Business,Graduate,Single,East,582,1203393,3,0,1
C01579,51,485574,Salaried,Graduate,Married,West,725,54642,20,1,0
C01580,54,344859,Salaried,Graduate,Married,West,601,1584486,10,1,0
C01581,44,572525,Salaried,Graduate,Single,South,641,1632185,20,2,0
C01582,55,701675,Salaried,Not Graduate,Single,East,498,1440688,1,0,1
C01583,26,591936,Self-Employed,Graduate,Married,South,504,1842229,20,0,0
C01584,39,441621,Salaried,Graduate,Married,Central,650,502834,3,1,0
C01585,50,357133,Salaried,Graduate,Married,North,530,1725634,20,0,0
C01586,27,428829,Salaried,Not Graduate,Single,Central,839,571315,15,0,0
C01587,30,594328,Salaried,Not Graduate,Married,East,464,1517836,2,0,1
C01588,61,603571,Business,Graduate,Married,Central,577,1251619,1,0,1
C01589,52,566862,Business,Graduate,Married,East,651,1878918,3,2,1
C01590,54,248411,Salaried,Graduate,Married,South,617,1470482,1,1,1
C01591,48,437853,Business,Graduate,Married,West,550,1737047,10,1,0
C01592,35,332686,Salaried,Graduate,Married,Central,563,691447,20,1,0
C01593,50,596728,Self-Employed,Not Graduate,Married,Central,560,1096842,2,1,0
C01594,57,313565,Business,Graduate,Single,West,624,1910735,15,0,0
C01595,49,542218,Salaried,Not Graduate,Married,Central,825,123820,1,0,0
C01596,42,389654,Self-Employed,Not Graduate,Married,Central,657,683350,2,1,1
C01597,24,189929,Salaried,Graduate,Married,North,756,1837137,20,1,0
C01598,40,672617,Salaried,Graduate,Married,North,695,601764,3,1,0
C01599,52,437407,Self-Employed,Graduate,Married,West,750,572117,15,1,0
C01600,56,785589,Business,Graduate,Married,South,398,1554475,15,0,0
C01601,24,209108,Salaried,Graduate,Single,Central,622,1764927,5,0,0
C01602,47,388021,Business,Graduate,Single,Central,767,1839033,1,1,1
C01603,37,401361,Business,Graduate,Married,South,598,1218931,2,3,1
C01604,32,499614,Salaried,Graduate,Single,Central,808,1168623,1,1,1
C01605,42,243693,Salaried,Not Graduate,Married,South,783,191868,3,1,0
C01606,37,565133,Self-Employed,Not Graduate,Single,West,607,1102457,3,0,1
C01607,30,1045753,Salaried,Not Graduate,Married,West,604,589956,20,0,0
C01608,21,547732,Salaried,Not Graduate,Married,South,558,281789,15,1,0
C01609,42,461294,Business,Graduate,Single,South,593,215384,15,1,0
C01610,46,238028,Self-Employed,Graduate,Married,East,539,78106,2,1,0
C01611,38,312259,Salaried,Not Graduate,Married,North,688,798118,10,0,0
C01612,34,431433,Self-Employed,Not Graduate,Single,North,518,852161,1,0,1
C01613,49,348572,Salaried,Graduate,Single,Central,704,703642,1,0,1
C01614,32,702088,Salaried,Graduate,Married,Central,706,644608,3,0,0
C01615,56,562511,Business,Graduate,Single,South,500,1939921,1,1,1
C01616,55,1485958,Business,Not Graduate,Married,South,789,371546,2,1,0
C01617,32,284535,Salaried,Not Graduate,Single,North,696,171649,5,0,0
C01618,27,449055,Salaried,Not Graduate,Single,Central,717,416074,15,1,0
C01619,49,237382,Self-Employed,Graduate,Single,North,581,1791218,3,2,1
C01620,31,162738,Salaried,Graduate,Single,West,706,542665,15,1,0
C01621,53,612451,Salaried,Graduate,Single,North,751,1566430,15,2,0
C01622,26,553201,Salaried,Graduate,Married,North,641,1077306,15,0,0
C01623,35,301171,Self-Employed,Not Graduate,Single,South,830,743578,5,0,0
C01624,52,461327,Salaried,Graduate,Single,Central,653,634027,1,2,1
C01625,31,333310,Salaried,Graduate,Single,West,752,1347341,10,0,0
C01626,43,354196,Salaried,Not Graduate,Married,North,676,316651,15,2,0
C01627,46,383031,Salaried,Graduate,Married,North,702,227375,2,1,0
C01628,54,295535,Salaried,Not Graduate,Married,South,499,1201128,15,0,0
C01629,54,320458,Salaried,Graduate,Single,East,683,653347,15,0,0
C01630,49,324552,Salaried,Not Graduate,Married,Central,583,1254315,1,1,1
C01631,24,535146,Business,Not Graduate,Married,Central,573,1757928,20,1,0
C01632,37,126956,Salaried,Graduate,Married,Central,806,1860762,2,0,1
C01633,55,399339,Salaried,Graduate,Single,North,630,180514,1,1,0
C01634,33,271181,Business,Graduate,Married,North,559,1565355,15,1,1
C01635,61,275626,Self-Employed,Graduate,Single,North,617,1972688,20,2,0
C01636,59,349219,Self-Employed,Graduate,Single,East,532,1124106,1,2,1
C01637,35,439567,Salaried,Not Graduate,Single,North,779,291348,1,1,0
C01638,49,401721,Salaried,Graduate,Married,Central,587,1113881,3,0,1
C01639,49,274079,Self-Employed,Graduate,Single,Central,697,159097,5,1,0
C01640,31,612168,Self-Employed,Graduate,Married,South,772,1876669,20,0,0
C01641,52,294733,Salaried,Not Graduate,Married,East,604,1841203,10,2,0
C01642,22,317865,Salaried,Not Graduate,Married,West,697,1578001,20,1,0
C01643,34,502836,Business,Graduate,Married,North,557,542049,5,1,0
C01644,40,511020,Salaried,Graduate,Married,West,870,1150620,5,1,0
C01645,42,335955,Salaried,Graduate,Married,North,734,1058882,2,2,0
C01646,31,118033,Salaried,Graduate,Single,East,632,180436,3,1,1
C01647,47,297012,Business,Graduate,Married,East,580,139363,3,2,0
C01648,23,475846,Business,Graduate,Married,Central,639,370961,1,1,1
C01649,37,603121,Self-Employed,Not Graduate,Single,East,619,1725902,5,0,0
C01650,64,426904,Salaried,Graduate,Single,West,825,1669530,20,1,0
C01651,48,356630,Salaried,Not Graduate,Single,West,539,1517965,10,0,0
C01652,49,1241641,Salaried,Graduate,Married,East,662,1903917,2,0,1
C01653,41,374138,Self-Employed,Not Graduate,Single,West,648,1555759,20,1,0
C01654,36,582744,Self-Employed,Not Graduate,Single,North,639,998511,3,3,0
C01655,57,242613,Business,Not Graduate,Married,South,640,456201,1,0,1
C01656,40,270878,Salaried,Not Graduate,Married,Central,639,1085953,10,2,0
C01657,26,592020,Self-Employed,Graduate,Single,South,728,1121101,5,0,0
C01658,39,707896,Salaried,Graduate,Married,West,704,1210869,20,0,0
C01659,25,371248,Salaried,Not Graduate,Married,Central,687,1199622,10,1,0
C01660,23,192550,Salaried,Not Graduate,Married,South,376,87403,3,0,0
C01661,21,410281,Salaried,Graduate,Married,South,676,1266841,2,0,1
C01662,58,481775,Business,Not Graduate,Single,West,500,1598757,20,1,0
C01663,35,462530,Salaried,Graduate,Married,Central,708,447046,5,2,0
C01664,54,343339,Business,Graduate,Married,Central,782,1023648,2,2,1
C01665,55,412999,Salaried,Graduate,Married,South,566,1230181,15,0,0
C01666,45,315716,Salaried,Graduate,Married,Central,626,1866490,10,0,0
C01667,44,268249,Salaried,Graduate,Married,Central,596,202018,10,1,0
C01668,32,621599,Salaried,Not Graduate,Single,North,761,335648,1,1,0
C01669,38,462318,Salaried,Graduate,Single,West,658,1733415,5,2,0
C01670,35,413408,Salaried,Graduate,Single,West,805,1416435,10,0,0
C01671,64,352139,Salaried,Not Graduate,Single,North,687,1782191,3,1,1
C01672,36,407958,Business,Not Graduate,Married,South,671,1023945,15,0,0
C01673,47,475509,Self-Employed,Graduate,Single,East,656,1659719,3,0,0
C01674,28,963094,Self-Employed,Graduate,Single,South,723,1140297,2,1,0
C01675,45,593944,Salaried,Not Graduate,Married,North,493,161597,15,1,0
C01676,37,327800,Salaried,Graduate,Married,Central,657,222922,15,2,0
C01677,49,329359,Salaried,Graduate,Married,North,643,1461379,3,2,1
C01678,28,307043,Business,Not Graduate,Married,West,715,346867,10,0,0
C01679,35,404240,Salaried,Graduate,Married,Central,633,1789675,3,0,1
C01680,47,306936,Salaried,Graduate,Married,South,556,834717,5,0,0
C01681,27,547802,Self-Employed,Graduate,Married,Central,650,1628403,2,1,1
C01682,23,134647,Salaried,Graduate,Married,West,552,1040533,20,1,1
C01683,49,562882,Business,Not Graduate,Single,North,476,1739224,15,1,0
C01684,64,500778,Salaried,Graduate,Married,South,715,413284,5,0,0
C01685,44,780924,Salaried,Graduate,Married,East,702,1250959,10,2,1
C01686,23,656419,Self-Employed,Not Graduate,Married,East,692,1857179,10,1,1
C01687,40,325245,Salaried,Graduate,Married,North,767,1954188,3,0,1
C01688,35,624017,Salaried,Graduate,Married,South,590,1477705,1,2,1
C01689,45,410187,Salaried,Graduate,Married,South,521,398125,15,0,0
C01690,50,185268,Self-Employed,Graduate,Single,Central,643,1920942,15,1,0
C01691,34,475192,Business,Graduate,Single,North,618,1491975,1,1,1
C01692,27,334063,Self-Employed,Graduate,Single,Central,574,845907,10,3,0
C01693,37,442457,Business,Graduate,Single,North,642,1576558,10,1,0
C01694,64,930197,Salaried,Graduate,Single,West,594,244202,20,1,0
C01695,40,489507,Salaried,Not Graduate,Married,North,484,371721,20,0,0
C01696,56,279903,Salaried,Graduate,Married,Central,610,1880904,15,0,0
C01697,29,682820,Self-Employed,Graduate,Married,South,547,1386728,20,0,0
C01698,58,520811,Salaried,Graduate,Married,North,670,782228,20,2,0
C01699,42,265448,Self-Employed,Graduate,Married,South,590,491157,2,1,1
C01700,22,214742,Self-Employed,Graduate,Single,West,750,1665620,15,0,0
C01701,44,284986,Business,Graduate,Married,East,794,1824194,10,0,0
C01702,28,644568,Salaried,Not Graduate,Married,East,711,1703594,10,2,1
C01703,31,386265,Salaried,Graduate,Single,Central,510,471128,20,1,0
C01704,33,458866,Salaried,Graduate,Single,North,785,656990,2,0,0
C01705,37,242234,Salaried,Not Graduate,Single,West,791,1280307,20,0,0
C01706,28,652423,Business,Graduate,Married,West,651,883272,20,0,0
C01707,41,178647,Salaried,Not Graduate,Married,South,769,1311160,5,2,1
C01708,38,329417,Business,Graduate,Married,Central,600,1095254,5,0,0
C01709,50,534084,Business,Graduate,Single,West,482,350767,2,0,0
C01710,38,266949,Self-Employed,Graduate,Single,North,581,899735,2,0,1
C01711,51,583242,Salaried,Graduate,Single,West,805,1931070,5,1,0
C01712,58,299198,Salaried,Graduate,Single,East,515,106690,5,1,0
C01713,52,254808,Salaried,Graduate,Single,Central,649,1831518,5,0,0
C01714,31,789311,Salaried,Graduate,Single,South,653,1197556,5,1,0
C01715,45,474145,Salaried,Graduate,Married,North,603,1515426,15,0,0
C01716,53,558810,Salaried,Graduate,Single,East,610,567926,15,0,0
C01717,58,699551,Self-Employed,Graduate,Married,West,656,565717,20,0,0
C01718,61,136123,Salaried,Graduate,Married,Central,599,971594,3,0,1
C01719,28,588688,Salaried,Graduate,Married,Central,522,1405986,20,0,0
C01720,31,314122,Salaried,Graduate,Married,North,669,211080,2,2,0
C01721,42,333309,Business,Graduate,Single,South,746,924075,1,0,1
C01722,44,538664,Self-Employed,Graduate,Married,East,728,632992,3,1,0
C01723,61,375732,Salaried,Graduate,Married,South,577,1865017,1,0,1
C01724,37,578118,Self-Employed,Graduate,Single,North,537,506082,1,0,1
C01725,32,434356,Self-Employed,Not Graduate,Single,North,624,1478094,10,0,0
C01726,52,477201,Business,Graduate,Married,East,791,844814,2,0,0
C01727,35,354832,Salaried,Not Graduate,Married,Central,708,490990,15,0,0
C01728,36,273971,Business,Graduate,Single,Central,713,1566362,3,0,1
C01729,42,317063,Salaried,Graduate,Single,East,730,1827998,20,0,0
C01730,48,422408,Business,Graduate,Married,South,687,1974617,2,0,1
C01731,40,1011310,Salaried,Graduate,Single,East,660,1669562,5,0,0
C01732,53,857998,Business,Graduate,Married,Central,709,313254,2,0,0
C01733,30,329725,Business,Not Graduate,Single,South,600,525197,1,0,1
C01734,60,454573,Salaried,Graduate,Married,West,522,1230034,15,0,0
C01735,52,388685,Business,Graduate,Single,South,715,265192,5,0,0
C01736,53,469122,Salaried,Graduate,Single,Central,761,1340858,2,0,1
C01737,22,497082,Salaried,Graduate,Married,North,549,1932809,2,1,1
C01738,53,560947,Salaried,Not Graduate,Single,South,723,1999020,15,0,0
C01739,53,119908,Business,Graduate,Single,South,801,932517,1,0,1
C01740,61,521739,Salaried,Graduate,Married,North,649,1301505,20,0,0
C01741,33,369714,Self-Employed,Graduate,Single,Central,576,1057480,5,0,0
C01742,50,322151,Self-Employed,Graduate,Single,West,661,1130142,1,2,1
C01743,53,632487,Business,Graduate,Single,West,600,1339876,15,1,0
C01744,33,856038,Self-Employed,Graduate,Married,East,594,1122374,2,0,0
C01745,46,603228,Salaried,Not Graduate,Married,West,688,1505357,20,1,1
C01746,42,350337,Salaried,Graduate,Married,West,505,73027,3,0,0
C01747,59,272609,Salaried,Graduate,Married,South,520,550252,3,1,1
C01748,22,114369,Self-Employed,Graduate,Single,East,651,540847,10,3,0
C01749,58,480283,Salaried,Graduate,Single,West,647,1890639,3,0,1
C01750,59,574099,Salaried,Graduate,Married,South,680,1843801,15,2,0
C01751,46,422591,Business,Graduate,Married,East,818,1338204,15,1,0
C01752,35,673461,Salaried,Not Graduate,Married,South,659,1679742,15,0,0
C01753,54,244241,Self-Employed,Graduate,Married,North,703,1668070,5,0,0
C01754,62,409602,Salaried,Not Graduate,Single,Central,562,677761,10,0,0
C01755,64,395285,Salaried,Not Graduate,Married,Central,719,1026086,5,1,1
C01756,60,421026,Salaried,Graduate,Married,Central,602,108334,20,1,0
C01757,31,748307,Salaried,Not Graduate,Single,West,656,1433043,3,0,1
C01758,23,422025,Business,Graduate,Single,Central,640,627907,20,1,0
C01759,26,387450,Salaried,Graduate,Married,Central,742,1726400,3,1,1
C01760,29,290247,Salaried,Graduate,Married,East,532,470091,2,0,0
C01761,26,804407,Self-Employed,Not Graduate,Married,East,444,729874,5,2,0
C01762,29,232341,Self-Employed,Not Graduate,Married,East,630,1622180,1,2,1
C01763,59,344948,Self-Employed,Not Graduate,Married,West,692,1252228,20,1,0
C01764,51,948153,Business,Not Graduate,Single,Central,663,309201,2,0,0
C01765,52,546183,Self-Employed,Graduate,Married,West,760,791187,5,0,0
C01766,61,438414,Salaried,Not Graduate,Married,West,689,581022,15,0,0
C01767,32,446753,Business,Graduate,Married,West,599,1836936,10,0,1
C01768,28,288984,Salaried,Not Graduate,Married,West,440,875440,20,0,1
C01769,28,428978,Salaried,Graduate,Married,West,628,361493,5,0,0
C01770,48,377966,Salaried,Not Graduate,Single,West,742,1237462,10,1,0
C01771,40,479660,Salaried,Graduate,Married,Central,614,1534946,20,1,0
C01772,27,224625,Salaried,Graduate,Married,East,652,188923,10,1,0
C01773,31,529153,Salaried,Graduate,Married,South,687,182672,20,1,0
C01774,40,699054,Salaried,Not Graduate,Single,South,558,106614,3,1,0
C01775,36,403640,Business,Graduate,Single,South,706,253474,1,3,0
C01776,24,591959,Business,Graduate,Married,North,797,840124,20,0,0
C01777,26,508721,Self-Employed,Graduate,Married,East,634,176745,5,1,0
C01778,42,336555,Business,Graduate,Married,Central,548,1287675,1,1,1
C01779,46,274762,Salaried,Not Graduate,Married,West,644,823131,10,3,0
C01780,23,292647,Business,Graduate,Married,South,449,1905381,3,0,1
C01781,61,504741,Salaried,Not Graduate,Single,East,680,1852572,20,2,0
C01782,62,431375,Salaried,Graduate,Single,Central,690,1620011,1,0,1
C01783,34,785277,Salaried,Not Graduate,Single,South,800,1079517,2,1,1
C01784,31,631524,Salaried,Graduate,Single,East,632,506021,10,3,0
C01785,38,630931,Salaried,Graduate,Married,Central,686,424557,2,0,1
C01786,32,498015,Salaried,Graduate,Married,East,572,1047887,15,0,0
C01787,43,286934,Salaried,Graduate,Single,West,617,588795,1,1,1
C01788,32,512165,Salaried,Graduate,Single,East,512,1423651,1,0,1
C01789,33,455310,Salaried,Graduate,Married,East,632,649787,1,0,1
C01790,45,265064,Business,Graduate,Married,North,622,1825578,15,0,0
C01791,39,762591,Salaried,Not Graduate,Single,West,676,778229,5,2,0
C01792,56,726526,Salaried,Not Graduate,Married,East,593,950794,10,0,1
C01793,28,264377,Self-Employed,Not Graduate,Single,West,657,1982457,10,1,0
C01794,49,332033,Business,Not Graduate,Single,East,619,1457539,20,1,0
C01795,52,345422,Salaried,Graduate,Married,West,620,1924431,20,0,0
C01796,64,582120,Business,Graduate,Married,Central,657,1202188,20,0,0
C01797,38,552730,Salaried,Graduate,Married,South,653,136120,10,1,0
C01798,26,451343,Salaried,Not Graduate,Married,North,718,953841,5,0,0
C01799,38,500436,Salaried,Not Graduate,Single,South,639,927350,1,0,1
C01800,39,247846,Self-Employed,Graduate,Married,East,618,640888,1,1,1
C01801,42,525241,Salaried,Graduate,Married,East,633,616136,15,0,0
C01802,57,422777,Self-Employed,Graduate,Married,Central,585,1076923,2,0,1
C01803,52,325927,Salaried,Graduate,Married,East,617,581108,5,1,0
C01804,61,221986,Self-Employed,Graduate,Single,West,832,844944,3,1,0
C01805,23,447813,Salaried,Graduate,Married,South,567,1266373,5,0,0
C01806,48,519505,Salaried,Not Graduate,Married,East,624,363678,15,0,1
C01807,30,205640,Self-Employed,Not Graduate,Single,Central,615,1839087,2,1,1
C01808,55,446109,Self-Employed,Graduate,Single,North,627,1485911,2,1,1
C01809,49,467431,Salaried,Not Graduate,Single,South,620,1793712,20,0,0
C01810,35,344757,Business,Not Graduate,Married,Central,675,635233,20,2,0
C01811,53,524881,Self-Employed,Not Graduate,Single,Central,496,1868284,2,1,1
C01812,27,416775,Salaried,Graduate,Single,South,743,395564,1,0,1
C01813,32,502538,Business,Graduate,Married,Central,706,1277103,3,0,0
C01814,50,562648,Self-Employed,Graduate,Single,North,538,1444208,2,0,1
C01815,41,562790,Salaried,Graduate,Single,North,445,563796,10,0,0
C01816,51,699114,Salaried,Graduate,Married,East,562,233505,1,1,0
C01817,44,515166,Salaried,Graduate,Single,West,628,1370431,3,0,0
C01818,40,356943,Salaried,Not Graduate,Single,East,882,1813198,10,0,0
C01819,57,330543,Salaried,Graduate,Single,West,698,1184585,3,2,1
C01820,24,274172,Salaried,Graduate,Single,South,487,789145,15,0,1
C01821,48,473558,Self-Employed,Graduate,Married,Central,587,583885,3,0,0
C01822,64,801780,Salaried,Graduate,Married,East,645,1158643,10,1,0
C01823,40,376508,Business,Graduate,Married,Central,672,1841456,5,1,0
C01824,44,541622,Salaried,Graduate,Single,East,531,622310,3,1,1
C01825,52,315361,Salaried,Graduate,Single,East,637,563959,5,1,0
C01826,61,482947,Self-Employed,Graduate,Married,North,585,262996,3,1,0
C01827,56,779732,Self-Employed,Graduate,Single,West,550,949105,15,0,1
C01828,54,602481,Salaried,Graduate,Single,South,673,1598055,10,3,0
C01829,56,218192,Salaried,Graduate,Married,Central,719,1083360,3,1,1
C01830,22,571953,Salaried,Graduate,Married,East,725,461998,2,0,0
C01831,35,583792,Self-Employed,Not Graduate,Married,Central,701,626070,15,1,0
C01832,54,478336,Salaried,Graduate,Married,North,605,515360,2,1,0
C01833,56,597425,Self-Employed,Graduate,Single,South,714,1808949,15,0,0
C01834,26,304042,Self-Employed,Graduate,Married,West,677,1995724,15,2,0
C01835,59,455189,Salaried,Graduate,Married,West,662,551525,20,0,0
C01836,62,729108,Salaried,Not Graduate,Single,East,594,954462,3,1,0
C01837,32,700099,Salaried,Graduate,Married,South,605,908468,10,0,0
C01838,23,566153,Salaried,Not Graduate,Married,West,656,1396062,20,1,0
C01839,38,297346,Salaried,Graduate,Married,South,869,1184321,10,3,0
C01840,60,277005,Salaried,Graduate,Single,Central,677,988481,1,1,1
C01841,41,465815,Self-Employed,Not Graduate,Married,North,594,1333224,10,0,0
C01842,35,479907,Salaried,Not Graduate,Single,South,575,1418116,5,0,1
C01843,53,422875,Business,Graduate,Married,South,605,1213412,3,0,0
C01844,55,307997,Salaried,Graduate,Single,West,845,156998,2,0,0
C01845,46,538548,Salaried,Graduate,Married,East,614,100021,10,1,0
C01846,28,464898,Self-Employed,Graduate,Married,East,731,1560849,2,0,0
C01847,56,504045,Business,Not Graduate,Married,Central,616,570410,1,1,1
C01848,50,577835,Salaried,Graduate,Single,West,673,1229248,3,1,0
C01849,43,391154,Self-Employed,Graduate,Married,West,721,430703,10,1,0
C01850,62,355065,Business,Graduate,Single,North,598,1951844,20,3,0
C01851,64,728253,Self-Employed,Graduate,Married,East,592,794875,2,2,1
C01852,34,314641,Salaried,Graduate,Married,West,799,474018,20,1,0
C01853,34,358208,Business,Graduate,Married,Central,738,783121,15,1,0
C01854,22,770975,Self-Employed,Graduate,Married,North,721,651305,20,1,0
C01855,57,345877,Self-Employed,Not Graduate,Married,East,720,1578545,10,1,0
C01856,25,423209,Self-Employed,Graduate,Single,East,691,1864285,1,0,1
C01857,58,367549,Business,Not Graduate,Married,East,831,761182,20,0,0
C01858,61,198302,Salaried,Graduate,Married,North,653,1543395,15,2,0
C01859,34,418533,Salaried,Not Graduate,Single,Central,701,414833,2,0,0
C01860,59,280750,Salaried,Graduate,Single,Central,519,130291,2,0,0
C01861,45,496114,Salaried,Not Graduate,Married,West,575,1975458,3,1,1
C01862,40,727622,Salaried,Graduate,Married,West,541,1789528,20,0,0
C01863,22,163345,Self-Employed,Graduate,Single,East,764,630294,20,1,0
C01864,59,368386,Salaried,Graduate,Married,South,420,678556,3,0,1
C01865,26,542284,Self-Employed,Not Graduate,Single,West,613,1410858,2,0,1
C01866,37,165626,Business,Graduate,Married,Central,380,636686,15,3,0
C01867,45,807194,Salaried,Graduate,Married,East,575,271163,20,1,0
C01868,48,524893,Business,Not Graduate,Single,Central,605,725234,3,1,0
C01869,22,720316,Salaried,Graduate,Single,East,774,1942236,2,1,0
C01870,55,343253,Business,Not Graduate,Married,North,685,1947678,15,2,0
C01871,57,362400,Business,Graduate,Married,West,575,1224189,5,3,1
C01872,25,411505,Salaried,Graduate,Married,North,745,152071,10,0,1
C01873,21,1157987,Salaried,Graduate,Married,West,651,1603672,20,2,0
C01874,60,800624,Salaried,Graduate,Married,Central,653,160572,5,0,0
C01875,32,469562,Business,Not Graduate,Married,Central,541,822054,5,0,0
C01876,56,496074,Business,Graduate,Married,South,560,188997,10,0,0
C01877,43,588720,Salaried,Not Graduate,Married,Central,575,1888115,2,1,1
C01878,51,1297824,Self-Employed,Graduate,Married,East,654,136388,2,0,0
C01879,31,525562,Salaried,Graduate,Married,South,657,670007,3,0,0
C01880,30,451658,Salaried,Not Graduate,Single,East,788,1740882,1,0,1
C01881,23,379887,Business,Graduate,Married,South,684,1912625,2,0,1
C01882,34,491743,Salaried,Graduate,Married,East,406,1172834,10,0,0
C01883,36,339707,Business,Graduate,Married,South,673,886507,1,0,1
C01884,30,553070,Business,Graduate,Married,West,519,1749862,10,1,0
C01885,49,232194,Business,Graduate,Married,West,563,859063,10,1,0
C01886,30,393475,Salaried,Graduate,Single,South,576,697408,10,0,0
C01887,32,615742,Salaried,Graduate,Married,North,590,767804,20,0,0
C01888,50,522356,Salaried,Graduate,Single,South,526,1982166,20,0,0
C01889,61,359266,Self-Employed,Graduate,Single,North,668,559800,1,0,0
C01890,21,398550,Self-Employed,Graduate,Married,East,523,451099,5,0,0
C01891,25,704963,Salaried,Not Graduate,Single,South,682,1669085,20,0,0
C01892,40,256611,Self-Employed,Not Graduate,Single,North,851,1246845,15,1,0
C01893,28,257283,Salaried,Graduate,Married,South,530,1466642,10,3,1
C01894,63,291170,Salaried,Graduate,Single,West,624,83550,20,1,0
C01895,32,440292,Salaried,Graduate,Single,West,422,326786,3,0,0
C01896,21,240257,Salaried,Graduate,Married,South,622,680381,2,0,1
C01897,40,679322,Salaried,Graduate,Married,South,707,467799,15,1,0
C01898,48,291871,Salaried,Graduate,Single,Central,714,1359764,2,1,1
C01899,63,489412,Business,Graduate,Single,West,656,1716749,2,3,1
C01900,57,340924,Self-Employed,Graduate,Married,East,730,653826,1,2,1
C01901,57,429564,Salaried,Graduate,Single,South,879,374158,3,0,0
C01902,32,215021,Self-Employed,Graduate,Married,Central,804,855955,3,1,0
C01903,57,694253,Self-Employed,Graduate,Married,South,602,422429,15,1,0
C01904,64,287025,Salaried,Graduate,Married,West,519,775903,3,1,1
C01905,48,273813,Self-Employed,Not Graduate,Married,North,613,680167,3,0,1
C01906,35,1290517,Self-Employed,Graduate,Single,North,564,140629,3,0,0
C01907,26,567751,Self-Employed,Graduate,Married,West,690,1606280,15,1,0
C01908,64,682206,Self-Employed,Graduate,Married,East,543,388974,5,2,0
C01909,40,543889,Self-Employed,Graduate,Married,Central,643,1071445,3,0,0
C01910,34,360909,Salaried,Graduate,Married,South,725,1406258,20,0,0
C01911,22,245712,Business,Graduate,Married,South,640,359454,3,0,0
C01912,29,386748,Salaried,Graduate,Married,South,564,978412,1,0,1
C01913,57,284881,Business,Not Graduate,Single,Central,755,1213842,1,2,1
C01914,40,292683,Salaried,Not Graduate,Single,Central,480,1286938,20,2,1
C01915,46,216981,Salaried,Not Graduate,Single,West,620,496850,3,2,1
C01916,49,465801,Self-Employed,Graduate,Single,Central,646,849131,5,2,1
C01917,21,898098,Salaried,Graduate,Married,South,651,1329817,3,0,0
C01918,55,568730,Business,Graduate,Married,South,666,1349825,20,0,0
C01919,26,421845,Salaried,Graduate,Married,Central,704,116912,3,0,0
C01920,57,434409,Self-Employed,Graduate,Married,Central,646,1768191,3,0,1
C01921,25,112251,Salaried,Graduate,Single,West,616,129183,10,1,0
C01922,53,365592,Salaried,Graduate,Married,North,613,110282,5,0,0
C01923,34,232814,Salaried,Graduate,Married,Central,594,108249,2,0,0
C01924,32,469998,Self-Employed,Graduate,Married,North,720,1661040,20,1,0
C01925,62,393568,Self-Employed,Graduate,Single,East,591,582451,3,0,1
C01926,40,299183,Self-Employed,Graduate,Married,North,726,1939218,20,1,0
C01927,44,465260,Business,Graduate,Married,Central,651,173844,2,0,0
C01928,63,463460,Self-Employed,Graduate,Married,South,603,416731,5,0,0
C01929,54,876227,Business,Not Graduate,Single,South,705,805640,20,1,1
C01930,45,602527,Salaried,Not Graduate,Single,Central,584,384123,3,0,0
C01931,49,487788,Salaried,Graduate,Single,West,707,653148,2,0,0
C01932,59,288837,Salaried,Graduate,Married,Central,669,1250791,20,2,0
C01933,51,272925,Salaried,Graduate,Married,Central,596,1889928,15,1,0
C01934,63,579245,Salaried,Not Graduate,Married,West,697,1705775,2,3,0
C01935,43,404322,Salaried,Graduate,Married,West,699,874428,5,0,0
C01936,64,494951,Self-Employed,Not Graduate,Single,East,754,1503540,3,2,0
C01937,58,687007,Self-Employed,Graduate,Married,East,736,406215,10,0,0
C01938,40,223929,Business,Not Graduate,Married,East,694,97252,5,2,0
C01939,43,829572,Business,Not Graduate,Single,West,548,959166,10,2,1
C01940,36,684347,Salaried,Graduate,Married,North,870,506395,3,0,0
C01941,62,175518,Salaried,Graduate,Single,Central,523,1151332,2,1,1
C01942,28,1275554,Salaried,Not Graduate,Single,East,735,1935243,15,0,0
C01943,41,511252,Salaried,Not Graduate,Married,North,688,402690,15,0,0
C01944,21,356702,Salaried,Graduate,Married,Central,544,443236,20,0,0
C01945,28,558817,Self-Employed,Not Graduate,Married,North,638,962234,5,0,0
C01946,49,284969,Salaried,Not Graduate,Single,South,642,1309901,5,0,0
C01947,52,565665,Self-Employed,Not Graduate,Married,South,767,420565,5,1,0
C01948,58,309565,Self-Employed,Graduate,Married,Central,585,977168,1,1,1
C01949,25,1098176,Salaried,Graduate,Married,North,626,1427355,15,0,0
C01950,42,454541,Salaried,Graduate,Married,North,439,859657,15,0,0
C01951,54,592686,Business,Graduate,Married,West,806,249245,3,3,0
C01952,21,310602,Salaried,Graduate,Single,East,553,943317,1,1,1
C01953,46,638848,Salaried,Not Graduate,Married,Central,679,1597840,5,1,1
C01954,63,439915,Salaried,Graduate,Married,North,640,1183909,5,1,0
C01955,30,234372,Salaried,Graduate,Single,East,641,1794161,10,1,1
C01956,50,397343,Salaried,Graduate,Married,Central,722,322951,20,0,0
C01957,38,1054945,Business,Graduate,Married,North,800,1050778,1,0,1
C01958,37,651178,Salaried,Graduate,Married,South,672,1104978,20,1,0
C01959,46,373047,Salaried,Graduate,Single,North,708,1103097,2,5,1
C01960,28,190779,Salaried,Not Graduate,Single,South,679,768525,20,0,0
C01961,60,304181,Self-Employed,Graduate,Single,South,741,825173,15,1,0
C01962,32,234940,Salaried,Graduate,Married,West,608,951125,3,0,1
C01963,47,192865,Salaried,Graduate,Single,West,746,58382,2,1,0
C01964,28,630025,Self-Employed,Graduate,Single,East,749,566243,2,2,0
C01965,45,455009,Salaried,Not Graduate,Married,Central,747,947428,3,0,0
C01966,24,992317,Salaried,Graduate,Single,East,590,1594449,5,0,0
C01967,53,282394,Salaried,Graduate,Married,West,634,589353,15,1,0
C01968,21,441959,Self-Employed,Graduate,Married,East,671,397614,10,0,0
C01969,39,236244,Business,Not Graduate,Married,Central,526,64425,5,1,0
C01970,51,338509,Salaried,Graduate,Married,Central,793,849543,20,0,0
C01971,36,400332,Salaried,Not Graduate,Married,North,648,1270447,5,0,0
C01972,34,373773,Salaried,Graduate,Married,East,675,627545,1,0,0
C01973,25,453202,Self-Employed,Graduate,Married,West,598,1815113,2,0,1
C01974,61,685034,Self-Employed,Graduate,Single,North,530,393190,2,1,0
C01975,46,653362,Self-Employed,Not Graduate,Married,East,595,874283,15,0,0
C01976,48,312950,Self-Employed,Not Graduate,Married,Central,669,1631680,20,0,0
C01977,22,436411,Business,Graduate,Married,West,710,1569645,2,0,1
C01978,26,632441,Business,Graduate,Married,East,664,52175,10,1,0
C01979,29,705090,Self-Employed,Graduate,Married,Central,681,1372061,10,1,0
C01980,53,328561,Salaried,Graduate,Married,Central,619,900340,20,1,0
C01981,61,608452,Salaried,Graduate,Single,East,694,1779590,10,0,0
C01982,45,513505,Salaried,Graduate,Single,East,783,1552687,3,0,0
C01983,33,273841,Salaried,Graduate,Married,West,713,1682560,20,1,1
C01984,29,634169,Self-Employed,Graduate,Single,North,722,238961,15,0,0
C01985,33,473636,Salaried,Not Graduate,Single,Central,676,1316792,10,1,1
C01986,51,202070,Self-Employed,Not Graduate,Married,North,514,395259,1,0,1
C01987,61,387614,Salaried,Graduate,Single,North,555,342338,1,1,1
C01988,31,450420,Self-Employed,Graduate,Married,Central,690,478053,5,1,0
C01989,24,336845,Salaried,Graduate,Single,East,649,1560686,5,0,1
C01990,54,768889,Salaried,Graduate,Married,Central,689,1182934,15,0,0
C01991,58,781531,Salaried,Graduate,Married,North,800,1271224,20,3,0
C01992,24,372457,Business,Graduate,Single,West,715,1463268,5,1,0
C01993,58,354512,Salaried,Not Graduate,Married,Central,763,1773663,5,0,0
C01994,39,417042,Salaried,Graduate,Married,West,658,608867,1,1,1
C01995,26,404320,Salaried,Graduate,Married,East,577,1195130,5,0,1
C01996,54,338870,Self-Employed,Graduate,Married,East,644,721915,1,0,1
C01997,38,83369,Salaried,Graduate,Married,West,577,1938302,10,1,1
C01998,33,974485,Business,Graduate,Single,West,790,624065,10,0,0
C01999,61,442496,Salaried,Graduate,Married,Central,721,1497698,15,1,0
C02000,43,408301,Salaried,Graduate,Single,East,696,90751,3,0,0
C02001,39,512126,Self-Employed,Not Graduate,Married,West,761,1299247,5,2,0
C02002,31,426758,Salaried,Graduate,Single,South,468,1207326,10,1,0
C02003,21,364527,Business,Graduate,Married,Central,702,1172756,10,1,0
C02004,44,281379,Salaried,Not Graduate,Single,Central,532,813274,20,0,0
C02005,27,193420,Business,Graduate,Single,South,649,254750,15,0,0
C02006,45,240513,Self-Employed,Graduate,Married,East,621,1916652,2,3,1
C02007,41,267666,Business,Graduate,Married,West,709,1132097,2,0,1
C02008,35,592979,Salaried,Graduate,Married,West,670,585852,15,0,0
C02009,21,612975,Salaried,Graduate,Married,East,771,679443,1,3,1
C02010,32,297506,Self-Employed,Graduate,Single,South,595,1038144,3,0,1
C02011,27,133433,Self-Employed,Graduate,Married,South,713,470515,20,0,0
C02012,35,444232,Salaried,Graduate,Single,South,664,1089535,20,0,0
C02013,41,365969,Salaried,Not Graduate,Single,Central,502,1539750,15,0,0
C02014,39,361921,Salaried,Not Graduate,Married,West,567,237150,2,0,0
C02015,49,680220,Self-Employed,Graduate,Married,North,636,1505213,3,1,0
C02016,45,470896,Salaried,Graduate,Single,Central,750,1449467,10,0,0
C02017,53,285109,Salaried,Graduate,Single,Central,691,847634,15,1,1
C02018,52,257072,Salaried,Graduate,Married,West,544,421551,1,1,0
C02019,55,393102,Salaried,Graduate,Married,East,637,1757621,3,2,1
C02020,64,294229,Salaried,Graduate,Married,West,831,1188773,2,1,1
C02021,58,428232,Business,Graduate,Married,East,660,1141213,10,0,0
C02022,46,702052,Salaried,Graduate,Single,West,620,723726,15,1,0
C02023,31,237779,Business,Not Graduate,Married,Central,694,1595040,20,1,0
C02024,55,460238,Salaried,Graduate,Single,South,718,1122852,5,2,0
C02025,28,667819,Salaried,Graduate,Single,Central,608,1965954,20,0,0
C02026,34,425583,Salaried,Graduate,Single,Central,695,1960222,20,1,0
C02027,30,612137,Self-Employed,Graduate,Married,North,620,205647,10,0,1
C02028,22,388763,Self-Employed,Not Graduate,Single,Central,714,1533193,2,1,1
C02029,29,477764,Salaried,Graduate,Married,Central,665,353374,15,1,0
C02030,23,539475,Salaried,Graduate,Married,Central,693,1833360,2,0,1
C02031,41,342011,Business,Graduate,Married,North,581,1049767,5,0,0
C02032,46,1083605,Business,Graduate,Single,East,576,436230,20,0,0
C02033,28,573728,Salaried,Graduate,Single,North,735,1228102,10,0,0
C02034,22,795195,Self-Employed,Not Graduate,Married,South,642,1606299,3,0,0
C02035,26,716376,Salaried,Graduate,Single,East,675,511833,3,2,0
C02036,48,512614,Salaried,Graduate,Married,North,622,728381,10,1,0
C02037,49,825385,Salaried,Graduate,Married,South,730,1507449,3,1,0
C02038,46,481451,Salaried,Graduate,Married,South,595,1395779,20,0,0
C02039,45,318571,Business,Not Graduate,Single,West,637,1100108,15,1,0
C02040,32,445373,Salaried,Graduate,Married,West,720,569518,10,1,0
C02041,25,281313,Self-Employed,Not Graduate,Married,Central,755,1201242,10,0,0
C02042,54,171825,Business,Graduate,Married,East,602,1804741,2,0,1
C02043,57,301448,Salaried,Graduate,Single,North,826,1180127,1,0,1
C02044,35,457163,Salaried,Graduate,Married,Central,678,218828,2,2,0
C02045,64,713448,Self-Employed,Graduate,Married,East,556,1694744,3,0,1
C02046,56,301045,Salaried,Graduate,Single,West,683,156734,1,0,0
C02047,35,697022,Salaried,Graduate,Married,North,615,950429,10,1,0
C02048,63,256579,Salaried,Graduate,Single,South,689,780002,3,3,1
C02049,43,292498,Salaried,Graduate,Married,South,646,1001710,5,1,0
C02050,26,849259,Business,Graduate,Married,Central,656,888600,3,2,0
C02051,64,451996,Self-Employed,Graduate,Single,Central,567,163123,1,3,0
C02052,63,409163,Salaried,Not Graduate,Single,North,739,780548,1,0,1
C02053,41,491823,Salaried,Not Graduate,Married,South,545,992054,10,0,0
C02054,43,257073,Business,Not Graduate,Single,Central,550,1498181,15,1,0
C02055,63,381214,Salaried,Graduate,Married,South,683,1186473,5,0,0
C02056,36,442943,Salaried,Graduate,Single,West,794,1789783,10,0,0
C02057,35,769981,Business,Graduate,Single,Central,618,678887,5,1,0
C02058,45,208628,Business,Not Graduate,Married,East,713,1964247,5,0,1
C02059,56,978078,Salaried,Graduate,Married,Central,746,1379362,10,0,0
C02060,31,418280,Salaried,Graduate,Married,West,723,1467582,20,2,0
C02061,35,268404,Salaried,Not Graduate,Married,North,621,1347327,3,0,1
C02062,24,247400,Salaried,Not Graduate,Married,South,551,1135085,2,2,1
C02063,41,500276,Self-Employed,Graduate,Married,North,451,1964425,5,2,1
C02064,33,241290,Salaried,Graduate,Single,Central,626,885669,20,0,0
C02065,42,343844,Salaried,Graduate,Single,East,756,720774,1,2,1
C02066,39,395356,Salaried,Not Graduate,Single,North,548,1948184,10,3,0
C02067,54,740183,Business,Graduate,Married,East,713,1227209,15,0,0
C02068,34,699628,Salaried,Not Graduate,Married,Central,564,916297,20,1,0
C02069,24,331258,Salaried,Not Graduate,Married,East,659,1740045,3,0,1
C02070,47,402034,Business,Not Graduate,Married,East,713,636347,20,2,0
C02071,49,215793,Salaried,Not Graduate,Single,West,590,361294,5,1,0
C02072,48,176735,Salaried,Not Graduate,Married,North,665,924799,15,0,0
C02073,55,254466,Salaried,Graduate,Single,Central,612,1663955,20,1,0
C02074,28,733361,Salaried,Graduate,Married,West,713,254196,3,0,0
C02075,36,628465,Salaried,Not Graduate,Married,East,671,50903,20,0,0
C02076,62,525731,Salaried,Graduate,Married,West,655,1339600,10,0,0
C02077,56,229594,Salaried,Graduate,Married,West,790,890667,15,2,0
C02078,50,321178,Salaried,Graduate,Married,East,709,239637,1,0,1
C02079,38,300733,Salaried,Graduate,Married,Central,587,891774,5,1,0
C02080,22,410569,Salaried,Graduate,Single,South,642,1272371,5,1,0
C02081,33,399083,Salaried,Graduate,Single,West,643,1134148,15,1,0
C02082,24,281846,Salaried,Graduate,Married,North,657,1902618,3,0,1
C02083,46,517698,Business,Graduate,Married,East,877,1919060,10,0,0
C02084,45,490424,Salaried,Not Graduate,Married,South,683,1197569,20,1,0
C02085,50,318707,Salaried,Graduate,Single,West,466,399207,20,1,0
C02086,31,507334,Self-Employed,Graduate,Married,East,601,1005054,2,0,0
C02087,27,733753,Salaried,Graduate,Single,East,476,1021537,5,0,0
C02088,51,841235,Self-Employed,Not Graduate,Single,West,620,472227,20,1,0
C02089,64,551721,Self-Employed,Graduate,Married,North,471,1594603,1,1,1
C02090,30,544471,Self-Employed,Graduate,Single,East,571,671828,5,0,0
C02091,59,397097,Self-Employed,Graduate,Single,East,513,103533,5,0,0
C02092,33,703181,Salaried,Graduate,Married,West,684,729424,2,2,0
C02093,51,273304,Self-Employed,Graduate,Single,South,650,833185,2,0,1
C02094,27,667458,Salaried,Not Graduate,Married,East,677,1279229,10,0,0
C02095,62,388705,Salaried,Graduate,Married,East,640,1218964,20,0,0
C02096,62,865377,Business,Graduate,Married,West,524,1913710,20,2,0
C02097,56,576478,Salaried,Graduate,Married,East,696,1222058,5,0,0
C02098,40,429106,Business,Graduate,Married,West,823,845063,5,2,0
C02099,24,397750,Salaried,Graduate,Married,North,686,1353512,3,2,1
C02100,27,560467,Salaried,Graduate,Married,West,611,1185964,3,1,1
C02101,21,548370,Salaried,Not Graduate,Married,South,521,1747662,20,1,0
C02102,64,369810,Self-Employed,Graduate,Married,East,568,1692907,15,0,0
C02103,62,461079,Salaried,Not Graduate,Married,North,690,1782917,15,0,0
C02104,33,662234,Salaried,Graduate,Married,East,746,1920772,1,1,1
C02105,42,239543,Salaried,Graduate,Married,East,673,1855707,20,1,0
C02106,41,613321,Self-Employed,Graduate,Married,West,721,1882723,20,0,0
C02107,42,559358,Salaried,Graduate,Married,East,713,1542305,20,1,1
C02108,48,754636,Business,Not Graduate,Married,North,695,703302,1,0,1
C02109,29,320602,Salaried,Graduate,Married,Central,590,163076,3,0,0
C02110,46,443552,Salaried,Graduate,Single,East,665,1721871,15,2,0
C02111,29,485182,Salaried,Not Graduate,Married,West,573,771558,20,2,1
C02112,35,616897,Business,Graduate,Single,South,651,1909948,1,0,1
C02113,30,536650,Salaried,Graduate,Married,East,679,943850,5,0,0
C02114,44,253267,Salaried,Graduate,Married,West,801,1170368,15,1,0
C02115,62,504321,Self-Employed,Graduate,Married,East,532,471648,2,0,0
C02116,28,1090234,Salaried,Graduate,Married,Central,693,1106943,15,0,0
C02117,44,582620,Self-Employed,Not Graduate,Married,Central,783,1996772,5,0,0
C02118,36,924604,Salaried,Graduate,Single,North,718,808961,3,0,0
C02119,46,707418,Salaried,Graduate,Married,Central,724,993015,10,1,0
C02120,47,816743,Salaried,Graduate,Single,West,702,845005,10,2,0
C02121,57,508634,Salaried,Graduate,Single,Central,766,1638446,3,0,0
C02122,24,559517,Self-Employed,Not Graduate,Married,West,552,1235026,5,0,0
C02123,44,496323,Self-Employed,Graduate,Married,East,525,901728,1,0,1
C02124,39,443278,Salaried,Not Graduate,Married,North,649,1767436,15,1,1
C02125,56,617841,Business,Graduate,Married,North,455,377985,15,0,0
C02126,59,349951,Salaried,Graduate,Single,Central,760,1644745,1,0,1
C02127,30,1033459,Salaried,Graduate,Married,South,759,906665,10,0,0
C02128,45,291383,Self-Employed,Not Graduate,Single,Central,610,1805478,20,0,0
C02129,38,637382,Self-Employed,Graduate,Single,South,616,639573,20,1,0
C02130,39,822745,Salaried,Not Graduate,Married,Central,643,1158123,3,1,0
C02131,56,408611,Self-Employed,Graduate,Single,West,654,1816087,20,0,0
C02132,30,268112,Salaried,Graduate,Single,West,661,712582,3,1,0
C02133,53,744142,Self-Employed,Graduate,Single,South,700,1106509,20,0,0
C02134,25,484817,Business,Graduate,Married,North,634,1444105,2,0,1
C02135,55,637935,Self-Employed,Graduate,Married,South,734,815127,10,0,0
C02136,64,421150,Salaried,Graduate,Married,East,690,1721570,3,1,0
C02137,54,964500,Self-Employed,Graduate,Married,North,595,521653,2,3,0
C02138,53,170645,Self-Employed,Graduate,Married,South,770,1081830,1,1,1
C02139,41,524017,Salaried,Graduate,Single,East,527,921022,10,0,0
C02140,37,809188,Salaried,Graduate,Single,East,641,1467119,10,1,0
C02141,42,463889,Business,Graduate,Married,Central,737,371289,3,1,0
C02142,57,506896,Salaried,Graduate,Married,South,584,224682,3,2,0
C02143,35,363921,Salaried,Graduate,Married,West,677,1418240,5,0,0
C02144,55,446551,Salaried,Graduate,Single,Central,698,1627408,20,1,1
C02145,48,208493,Self-Employed,Graduate,Single,North,572,1058358,1,1,1
C02146,27,320201,Business,Graduate,Single,West,643,891244,1,0,1
C02147,52,310506,Self-Employed,Graduate,Married,East,635,1301258,15,0,0
C02148,31,597856,Salaried,Not Graduate,Single,North,600,1281148,2,0,0
C02149,30,342108,Self-Employed,Not Graduate,Married,Central,857,1007122,2,0,0
C02150,29,346585,Self-Employed,Not Graduate,Single,East,581,1479810,5,1,1
C02151,34,373224,Self-Employed,Graduate,Married,East,740,1984062,15,0,0
C02152,33,315877,Salaried,Graduate,Single,East,614,1315630,1,1,1
C02153,45,499348,Self-Employed,Not Graduate,Single,West,552,1585871,20,1,0
C02154,22,524360,Salaried,Graduate,Single,Central,659,1024090,20,2,0
C02155,55,641303,Salaried,Graduate,Single,Central,708,1516581,20,0,0
C02156,27,593467,Salaried,Graduate,Single,West,732,444833,20,1,0
C02157,41,567355,Business,Graduate,Married,Central,790,309711,2,0,0
C02158,38,381537,Salaried,Not Graduate,Single,East,900,675122,1,0,0
C02159,23,370683,Business,Not Graduate,Single,East,672,1232981,20,2,0
C02160,62,298927,Salaried,Graduate,Married,East,590,90002,1,4,0
C02161,59,296511,Self-Employed,Graduate,Married,Central,690,305549,15,2,0
C02162,61,482828,Salaried,Graduate,Single,South,626,1031124,2,1,0
C02163,31,320059,Salaried,Graduate,Married,North,733,1841624,3,0,1
C02164,59,856616,Self-Employed,Graduate,Married,South,533,532843,3,0,0
C02165,44,435010,Self-Employed,Not Graduate,Single,West,863,443727,15,2,0
C02166,39,869458,Self-Employed,Not Graduate,Married,South,727,424994,2,1,0
C02167,24,572229,Self-Employed,Graduate,Single,South,498,1752875,5,0,1
C02168,46,311839,Self-Employed,Not Graduate,Single,West,586,743210,10,0,0
C02169,58,430231,Business,Graduate,Married,South,723,695836,15,0,0
C02170,62,208344,Salaried,Not Graduate,Single,North,755,1573964,1,2,1
C02171,52,481996,Salaried,Graduate,Single,Central,535,1130362,15,0,0
C02172,59,324942,Salaried,Not Graduate,Married,West,714,1566148,10,2,0
C02173,56,268054,Salaried,Graduate,Married,South,474,348388,15,0,1
C02174,60,877617,Self-Employed,Not Graduate,Married,East,641,1828650,2,0,1
C02175,57,703458,Salaried,Not Graduate,Married,East,750,1165837,1,1,1
C02176,53,694791,Salaried,Graduate,Married,West,600,1379197,10,0,0
C02177,56,629039,Salaried,Graduate,Married,East,514,751893,20,3,0
C02178,23,253799,Self-Employed,Not Graduate,Single,North,663,320640,3,0,0
C02179,29,369455,Salaried,Graduate,Married,South,595,1219098,5,0,0
C02180,28,379732,Salaried,Graduate,Single,North,706,455486,15,0,0
C02181,53,204969,Self-Employed,Graduate,Single,North,570,781368,15,1,0
C02182,26,344327,Self-Employed,Graduate,Married,Central,580,332868,10,1,0
C02183,61,346021,Salaried,Not Graduate,Married,South,468,342560,5,1,0
C02184,59,468222,Self-Employed,Not Graduate,Single,West,665,1658439,15,1,0
C02185,24,1382735,Salaried,Graduate,Single,East,635,524406,3,1,1
C02186,33,438272,Business,Not Graduate,Married,Central,543,1699478,10,1,0
C02187,22,468331,Salaried,Graduate,Married,North,667,1192142,2,0,1
C02188,25,395302,Business,Not Graduate,Married,East,742,1350637,1,1,1
C02189,64,616596,Business,Not Graduate,Married,South,630,1827044,3,2,0
C02190,47,272866,Self-Employed,Graduate,Married,North,674,1225768,5,0,1
C02191,52,1038426,Salaried,Graduate,Married,North,674,1642223,5,0,1
C02192,41,418372,Salaried,Graduate,Married,South,541,451914,3,1,1
C02193,28,370335,Salaried,Graduate,Married,West,835,1300040,20,1,0
C02194,58,684549,Business,Not Graduate,Married,Central,607,1846999,2,1,1
C02195,28,296287,Self-Employed,Graduate,Married,South,709,1006996,15,0,0
C02196,23,611495,Business,Graduate,Married,East,719,1566573,2,0,1
C02197,64,832614,Self-Employed,Graduate,Single,East,637,617922,15,0,0
C02198,23,396882,Salaried,Graduate,Married,North,704,1215831,15,0,1
C02199,42,1114346,Salaried,Graduate,Married,Central,672,1665728,5,0,0
C02200,26,591212,Salaried,Graduate,Married,West,522,1979490,15,1,0
C02201,22,594521,Salaried,Graduate,Single,West,620,87355,3,0,0
C02202,43,818017,Self-Employed,Not Graduate,Single,East,594,1136266,20,0,0
C02203,64,921566,Business,Not Graduate,Married,West,608,1529606,15,0,0
C02204,22,497737,Self-Employed,Graduate,Married,East,532,1785581,3,0,1
C02205,58,633241,Business,Graduate,Married,Central,751,790174,1,0,0
C02206,37,829313,Business,Graduate,Single,North,794,253811,5,1,0
C02207,55,262284,Salaried,Graduate,Married,East,738,1679494,2,1,1
C02208,54,203154,Salaried,Graduate,Single,Central,764,229243,10,3,0
C02209,43,431102,Self-Employed,Not Graduate,Married,East,618,1644522,2,0,1
C02210,50,200973,Salaried,Graduate,Married,South,592,567196,2,0,1
C02211,28,384116,Salaried,Graduate,Married,East,579,1618333,20,0,0
C02212,42,509644,Salaried,Graduate,Married,Central,707,1337780,10,0,0
C02213,64,390804,Business,Graduate,Single,West,670,327941,20,0,0
C02214,56,415103,Salaried,Graduate,Married,East,643,895231,5,1,0
C02215,25,281883,Self-Employed,Graduate,Married,North,766,1479021,15,0,0
C02216,33,630749,Business,Graduate,Single,Central,686,803702,1,0,1
C02217,49,274152,Self-Employed,Graduate,Married,West,574,1412956,2,2,1
C02218,51,171732,Self-Employed,Graduate,Married,Central,588,580553,20,0,0
C02219,36,403002,Self-Employed,Graduate,Single,East,711,1618911,15,0,0
C02220,62,667809,Salaried,Graduate,Married,South,743,1748475,2,1,1
C02221,50,458595,Salaried,Not Graduate,Single,South,699,1301782,5,1,0
C02222,36,261932,Business,Not Graduate,Married,North,820,1050182,5,0,0
C02223,32,463183,Salaried,Graduate,Married,North,797,496710,3,3,0
C02224,37,538873,Self-Employed,Graduate,Single,West,689,433898,5,1,1
C02225,36,460764,Salaried,Not Graduate,Married,South,574,1019772,5,0,0
C02226,32,392753,Salaried,Graduate,Married,East,532,1082956,2,0,1
C02227,28,550574,Business,Graduate,Married,Central,615,1780934,1,1,1
C02228,40,202340,Self-Employed,Graduate,Single,Central,717,1190002,20,0,0
C02229,23,295883,Salaried,Graduate,Married,South,814,1061918,2,1,1
C02230,36,245894,Business,Graduate,Married,South,687,1506098,20,0,0
C02231,50,811608,Self-Employed,Graduate,Single,Central,755,1817942,15,3,0
C02232,43,609512,Salaried,Graduate,Single,West,627,561933,20,0,0
C02233,48,480847,Self-Employed,Graduate,Married,Central,706,1276993,5,2,0
C02234,60,230318,Salaried,Graduate,Married,North,724,1241533,3,1,1
C02235,25,618384,Self-Employed,Not Graduate,Married,East,471,1732545,1,0,1
C02236,40,825663,Salaried,Graduate,Married,South,612,880258,3,1,0
C02237,60,572159,Salaried,Not Graduate,Single,South,735,1678461,10,1,1
C02238,64,435465,Self-Employed,Graduate,Married,West,674,147375,3,1,0
C02239,21,587877,Business,Not Graduate,Married,North,542,1869941,3,0,0
C02240,50,500224,Self-Employed,Not Graduate,Married,Central,431,1902092,15,0,1
C02241,41,671140,Salaried,Graduate,Single,North,617,1450167,5,2,1
C02242,40,664412,Business,Graduate,Married,North,643,578671,15,0,0
C02243,26,400520,Self-Employed,Graduate,Married,West,570,142313,5,0,0
C02244,42,328637,Self-Employed,Graduate,Married,West,662,870793,15,2,0
C02245,38,369564,Salaried,Not Graduate,Married,Central,695,130294,5,1,0
C02246,28,563055,Business,Graduate,Single,Central,710,1684195,20,0,0
C02247,59,379743,Business,Graduate,Married,East,437,145057,5,1,0
C02248,52,315609,Self-Employed,Graduate,Married,North,531,201601,5,0,0
C02249,53,442223,Business,Graduate,Married,Central,622,1812510,3,1,1
C02250,36,728217,Salaried,Graduate,Single,West,701,1842563,10,2,0
C02251,32,470146,Business,Graduate,Single,East,694,433829,5,0,0
C02252,58,390702,Salaried,Not Graduate,Single,East,692,1195493,10,0,1
C02253,54,511035,Salaried,Not Graduate,Married,West,615,1592708,10,1,0
C02254,34,459464,Self-Employed,Graduate,Single,Central,620,343076,2,1,0
C02255,56,185324,Self-Employed,Not Graduate,Married,West,584,565303,2,0,1
C02256,53,605337,Salaried,Graduate,Married,Central,719,1362628,1,2,1
C02257,43,531445,Salaried,Graduate,Single,West,567,1072762,20,0,0
C02258,22,445644,Salaried,Graduate,Single,West,726,556705,15,1,0
C02259,61,713587,Salaried,Not Graduate,Married,South,668,1522150,2,0,1
C02260,41,763638,Salaried,Graduate,Single,Central,645,604700,5,0,0
C02261,22,633772,Salaried,Graduate,Married,North,590,1968718,10,0,1
C02262,47,301753,Salaried,Graduate,Single,South,528,303928,15,1,0
C02263,29,306486,Business,Graduate,Married,South,591,1310680,1,3,1
C02264,21,731462,Self-Employed,Graduate,Single,South,620,52928,2,0,0
C02265,31,190089,Salaried,Graduate,Married,South,436,901590,3,1,1
C02266,23,413750,Business,Graduate,Married,North,632,1260280,20,1,0
C02267,43,539243,Self-Employed,Graduate,Married,South,733,82309,15,2,0
C02268,46,201252,Salaried,Graduate,Single,North,701,845712,1,0,1
C02269,24,491616,Salaried,Graduate,Married,North,605,90449,5,0,0
C02270,38,679758,Salaried,Graduate,Single,South,654,1054675,15,0,0
C02271,26,226724,Salaried,Graduate,Married,East,599,863389,10,0,0
C02272,55,933015,Salaried,Graduate,Married,North,663,1790831,5,1,0
C02273,42,280850,Salaried,Not Graduate,Single,South,788,1431219,5,0,1
C02274,63,572994,Salaried,Graduate,Single,West,737,667345,15,0,0
C02275,35,426079,Self-Employed,Graduate,Single,West,696,1852087,3,1,1
C02276,42,456471,Salaried,Graduate,Single,Central,605,1470785,3,2,1
C02277,57,248308,Self-Employed,Not Graduate,Married,North,717,555074,15,0,0
C02278,62,780127,Self-Employed,Not Graduate,Single,North,498,727055,15,1,0
C02279,32,512290,Business,Graduate,Married,West,627,649181,15,0,0
C02280,62,917472,Salaried,Graduate,Single,North,702,1554915,20,1,0
C02281,58,251239,Business,Not Graduate,Married,North,716,861608,20,0,0
C02282,38,407764,Business,Graduate,Single,West,710,723769,10,1,0
C02283,55,486157,Self-Employed,Not Graduate,Single,South,676,829824,2,1,1
C02284,50,454599,Self-Employed,Graduate,Married,West,632,893399,5,1,0
C02285,44,597227,Salaried,Graduate,Married,East,698,1623851,15,0,0
C02286,62,405443,Business,Graduate,Married,West,564,1297149,20,2,0
C02287,50,1149585,Salaried,Graduate,Married,West,573,286692,2,1,0
C02288,34,450416,Self-Employed,Not Graduate,Married,South,655,933286,10,2,0
C02289,26,120828,Salaried,Graduate,Married,West,665,1124591,5,0,1
C02290,23,459498,Salaried,Graduate,Single,West,485,1586519,2,0,1
C02291,36,780475,Self-Employed,Graduate,Single,South,690,424494,5,1,0
C02292,27,292000,Business,Not Graduate,Married,West,719,1951412,3,1,1
C02293,34,283781,Salaried,Graduate,Married,South,643,166751,15,1,1
C02294,29,303101,Business,Graduate,Married,East,863,1804217,3,2,1
C02295,35,272552,Self-Employed,Graduate,Single,South,588,98231,1,0,0
C02296,41,356564,Salaried,Not Graduate,Married,North,617,1782968,10,1,1
C02297,55,666092,Salaried,Graduate,Married,North,614,1389025,15,2,0
C02298,22,879272,Self-Employed,Graduate,Married,South,643,1152882,2,0,0
C02299,47,148610,Salaried,Graduate,Single,West,620,269248,5,0,0
C02300,22,373134,Salaried,Graduate,Married,Central,523,1219715,20,1,0
C02301,55,506973,Salaried,Graduate,Married,Central,600,1641182,1,1,1
C02302,38,484661,Salaried,Not Graduate,Married,East,641,1242894,10,0,0
C02303,34,1040251,Self-Employed,Not Graduate,Married,East,760,1001348,10,0,0
C02304,40,179008,Salaried,Not Graduate,Married,Central,848,1262250,10,1,0
C02305,38,137987,Salaried,Graduate,Single,Central,770,1382304,2,2,1
C02306,30,1119055,Salaried,Graduate,Married,South,580,821687,15,1,0
C02307,45,620974,Salaried,Graduate,Married,Central,587,1638033,3,1,0
C02308,22,342108,Salaried,Graduate,Single,North,635,1124544,1,2,1
C02309,45,477929,Self-Employed,Not Graduate,Single,East,810,254830,2,0,0
C02310,53,493583,Self-Employed,Not Graduate,Married,East,635,1738255,5,1,1
C02311,56,338410,Salaried,Not Graduate,Married,North,530,1386164,2,1,1
C02312,51,471559,Salaried,Graduate,Married,East,604,284856,5,1,0
C02313,34,519003,Salaried,Graduate,Single,Central,718,1614904,5,1,1
C02314,21,1095792,Salaried,Graduate,Married,East,712,1466801,10,0,0
C02315,36,682524,Self-Employed,Not Graduate,Married,North,631,1161073,2,0,1
C02316,23,967717,Salaried,Graduate,Married,East,711,1628226,3,0,0
C02317,55,241685,Salaried,Graduate,Married,Central,445,935686,5,0,0
C02318,61,378420,Self-Employed,Graduate,Married,South,659,1762186,20,1,0
C02319,26,493368,Salaried,Not Graduate,Single,Central,727,1691218,10,1,0
C02320,45,186372,Self-Employed,Graduate,Married,East,575,86368,3,1,0
C02321,33,753012,Salaried,Graduate,Married,West,574,94109,2,1,0
C02322,54,590659,Salaried,Not Graduate,Single,East,482,1287293,3,0,0
C02323,28,375036,Self-Employed,Graduate,Married,East,793,1024501,2,0,0
C02324,41,407379,Self-Employed,Graduate,Single,North,585,77426,5,0,0
C02325,54,777811,Salaried,Graduate,Married,West,671,954064,1,0,1
C02326,24,309295,Self-Employed,Graduate,Married,North,704,686925,1,0,1
C02327,45,792052,Business,Graduate,Married,North,786,1661887,15,0,0
C02328,35,394976,Business,Graduate,Married,Central,636,1482988,15,1,0
C02329,24,621690,Self-Employed,Graduate,Married,South,601,1551059,5,0,1
C02330,32,460028,Business,Graduate,Married,East,665,1254540,3,0,1
C02331,52,1208556,Salaried,Graduate,Married,West,765,563168,2,1,0
C02332,52,296758,Salaried,Graduate,Married,East,634,1994219,1,2,1
C02333,48,341814,Salaried,Not Graduate,Married,North,564,1717761,2,0,1
C02334,33,224637,Salaried,Not Graduate,Married,South,511,1026729,5,1,1
C02335,51,270076,Salaried,Graduate,Single,North,540,721367,3,2,0
C02336,34,609813,Self-Employed,Not Graduate,Married,East,727,1702641,20,2,0
C02337,40,908975,Salaried,Graduate,Single,Central,621,94858,2,0,0
C02338,38,641725,Self-Employed,Not Graduate,Married,East,595,1319086,3,1,0
C02339,49,441341,Salaried,Graduate,Single,North,585,1450762,20,2,0
C02340,26,295928,Salaried,Graduate,Married,West,657,919530,1,1,1
C02341,52,662839,Salaried,Not Graduate,Single,West,628,1643103,2,0,0
C02342,49,288695,Salaried,Graduate,Single,West,625,506185,10,0,0
C02343,63,241101,Salaried,Graduate,Married,West,771,980569,1,2,1
C02344,22,385073,Self-Employed,Graduate,Married,West,788,1995959,3,0,1
C02345,43,177145,Salaried,Not Graduate,Married,South,505,1139867,5,0,1
C02346,39,237607,Salaried,Graduate,Single,South,679,1137381,10,2,0
C02347,51,1033741,Self-Employed,Graduate,Married,Central,580,1197407,15,2,0
C02348,25,218586,Salaried,Graduate,Single,West,627,199515,2,1,0
C02349,39,259194,Salaried,Not Graduate,Married,North,677,59290,15,1,0
C02350,54,456947,Salaried,Graduate,Married,North,630,1492003,1,1,1
C02351,30,467781,Salaried,Graduate,Single,East,670,1444354,2,1,1
C02352,45,398084,Self-Employed,Graduate,Married,West,710,1904080,2,1,1
C02353,22,179598,Business,Graduate,Married,North,676,879722,10,0,0
C02354,31,648112,Self-Employed,Graduate,Married,Central,591,135186,10,1,1
C02355,51,362444,Salaried,Not Graduate,Single,North,593,1900123,10,0,1
C02356,35,766202,Self-Employed,Graduate,Married,Central,520,1628013,10,2,0
C02357,29,330986,Salaried,Graduate,Married,West,573,878424,5,1,1
C02358,43,688398,Salaried,Graduate,Married,East,826,329860,3,1,0
C02359,39,792729,Salaried,Not Graduate,Married,East,578,1982732,10,1,0
C02360,29,358568,Self-Employed,Graduate,Single,South,542,1636485,1,2,1
C02361,55,657501,Self-Employed,Graduate,Single,West,678,1498612,2,0,0
C02362,41,243325,Self-Employed,Graduate,Single,North,640,835088,15,1,0
C02363,29,498151,Self-Employed,Graduate,Married,East,632,949497,10,0,0
C02364,48,766816,Salaried,Not Graduate,Married,Central,776,1915407,1,0,1
C02365,27,558674,Salaried,Not Graduate,Married,Central,699,1217950,5,0,0
C02366,36,1306419,Self-Employed,Graduate,Married,North,602,1403818,1,1,0
C02367,36,572896,Self-Employed,Not Graduate,Married,North,611,1930519,15,0,1
C02368,53,375355,Self-Employed,Graduate,Single,West,604,1413963,15,1,0
C02369,24,1588655,Salaried,Graduate,Married,North,728,427275,1,2,0
C02370,24,922797,Self-Employed,Not Graduate,Married,North,622,1622566,5,1,0
C02371,59,215064,Salaried,Graduate,Married,North,488,865182,15,0,1
C02372,60,310868,Self-Employed,Graduate,Single,East,645,1321258,5,0,0
C02373,37,277292,Salaried,Not Graduate,Married,West,511,984814,2,0,1
C02374,57,591568,Business,Graduate,Married,North,846,891830,10,1,0
C02375,59,572072,Salaried,Not Graduate,Single,North,563,787902,15,1,0
C02376,49,570092,Self-Employed,Graduate,Married,Central,635,1042711,1,0,1
C02377,56,212466,Self-Employed,Graduate,Married,East,673,1871661,3,0,1
C02378,58,331989,Salaried,Graduate,Single,North,624,356489,3,0,0
C02379,59,413669,Salaried,Graduate,Single,East,623,667718,20,1,0
C02380,57,194879,Self-Employed,Not Graduate,Married,West,687,164921,2,3,0
C02381,55,298844,Salaried,Graduate,Single,West,787,666017,3,0,0
C02382,27,814553,Salaried,Graduate,Married,South,719,1674707,2,0,0
C02383,47,219842,Business,Graduate,Married,Central,783,715582,10,1,0
C02384,48,851595,Self-Employed,Not Graduate,Single,South,555,999013,20,0,0
C02385,42,722893,Salaried,Not Graduate,Single,East,678,181458,2,0,0
C02386,34,388158,Self-Employed,Graduate,Married,Central,663,1949342,5,0,1
C02387,27,330382,Salaried,Not Graduate,Single,North,681,379314,5,1,0
C02388,57,643271,Business,Graduate,Married,Central,773,90878,20,0,0
C02389,42,310368,Self-Employed,Graduate,Married,Central,630,250741,5,0,0
C02390,25,317394,Business,Graduate,Married,West,613,1075184,15,1,0
C02391,22,437686,Salaried,Graduate,Single,South,698,1267997,5,0,0
C02392,47,169633,Self-Employed,Graduate,Married,West,489,1854207,5,1,1
C02393,41,230385,Salaried,Not Graduate,Married,West,628,1613764,5,2,0
C02394,58,383829,Salaried,Not Graduate,Single,South,637,1713216,5,0,0
C02395,35,548017,Self-Employed,Graduate,Single,West,567,1513321,15,0,1
C02396,41,308442,Salaried,Not Graduate,Married,Central,745,1038807,5,0,0
C02397,30,404770,Self-Employed,Graduate,Single,East,554,1533313,5,0,1
C02398,43,214045,Business,Graduate,Single,North,637,592671,10,0,1
C02399,59,673078,Salaried,Graduate,Married,North,676,710261,15,0,0
C02400,25,488471,Salaried,Graduate,Single,West,771,879321,5,0,0
C02401,21,508309,Self-Employed,Graduate,Married,South,649,1637497,2,1,1
C02402,33,551122,Business,Graduate,Married,Central,734,636532,20,4,0
C02403,41,458244,Self-Employed,Graduate,Married,West,713,240091,10,1,0
C02404,46,355863,Self-Employed,Not Graduate,Single,Central,661,978211,15,1,0
C02405,41,735528,Salaried,Graduate,Married,Central,551,1842048,3,0,1
C02406,38,474775,Salaried,Graduate,Married,North,520,1444317,1,0,1
C02407,57,410621,Self-Employed,Graduate,Single,East,659,750461,15,1,0
C02408,52,440693,Salaried,Graduate,Single,East,601,750066,20,1,0
C02409,56,436487,Business,Graduate,Single,South,732,782444,10,1,0
C02410,37,408768,Salaried,Graduate,Single,East,717,65115,5,1,0
C02411,55,540769,Salaried,Not Graduate,Single,West,633,1173955,10,1,0
C02412,31,290355,Self-Employed,Graduate,Single,North,545,1332129,1,0,1
C02413,41,300061,Self-Employed,Graduate,Married,North,695,614267,1,0,1
C02414,46,569018,Self-Employed,Graduate,Married,Central,558,746001,15,0,0
C02415,24,414422,Business,Graduate,Married,West,581,643665,5,1,1
C02416,54,684967,Business,Not Graduate,Married,West,561,1875722,5,0,0
C02417,38,531785,Business,Not Graduate,Married,Central,637,580704,2,0,1
C02418,60,345006,Business,Graduate,Married,Central,755,978137,1,1,1
C02419,55,573087,Self-Employed,Graduate,Married,North,649,440929,5,0,0
C02420,61,758225,Self-Employed,Not Graduate,Single,West,610,705954,1,3,1
C02421,49,540981,Salaried,Graduate,Single,East,512,457609,2,0,0
C02422,49,596904,Salaried,Graduate,Married,East,699,478596,3,3,0
C02423,58,409504,Salaried,Not Graduate,Single,North,579,750416,1,1,1
C02424,62,691672,Salaried,Not Graduate,Single,East,660,1491084,2,1,0
C02425,41,340676,Salaried,Graduate,Single,East,618,1982515,2,0,1
C02426,62,515217,Salaried,Graduate,Married,West,725,692531,20,1,0
C02427,33,1406025,Business,Graduate,Single,West,635,972365,2,2,0
C02428,61,563823,Business,Graduate,Married,South,644,677358,10,0,0
C02429,37,366106,Salaried,Not Graduate,Single,West,693,1658990,15,2,0
C02430,29,365681,Salaried,Graduate,Married,South,839,654670,5,1,0
C02431,61,428435,Business,Graduate,Married,West,729,1321361,1,0,1
C02432,21,648917,Business,Graduate,Single,Central,642,1001186,15,1,0
C02433,22,472408,Business,Graduate,Married,West,650,592516,10,0,0
C02434,49,330434,Business,Graduate,Married,South,602,1592091,1,0,1
C02435,53,330171,Business,Graduate,Married,East,564,598297,15,1,0
C02436,30,473743,Salaried,Not Graduate,Married,West,600,836526,10,0,0
C02437,60,450934,Salaried,Not Graduate,Married,East,580,1598780,5,1,0
C02438,41,542931,Self-Employed,Not Graduate,Married,East,708,1179212,2,1,0
C02439,48,668552,Salaried,Graduate,Single,West,553,1281869,15,1,0
C02440,31,1509534,Business,Not Graduate,Married,West,769,1197029,15,1,0
C02441,54,229139,Salaried,Graduate,Single,Central,717,1509222,1,3,1
C02442,28,602647,Self-Employed,Not Graduate,Single,South,651,1153062,2,1,0
C02443,42,462424,Salaried,Graduate,Married,West,650,1975518,20,1,0
C02444,28,192902,Salaried,Not Graduate,Single,East,599,539881,5,0,0
C02445,35,776295,Self-Employed,Graduate,Married,East,674,767654,1,0,1
C02446,37,534735,Business,Not Graduate,Married,West,747,310243,3,1,0
C02447,43,634068,Salaried,Graduate,Married,South,586,1643724,3,0,1
C02448,44,205923,Business,Graduate,Single,East,511,384956,3,2,0
C02449,39,400637,Business,Graduate,Single,Central,713,1426807,5,0,0
C02450,25,272218,Self-Employed,Graduate,Married,East,679,1343432,3,2,1
C02451,52,1171031,Self-Employed,Graduate,Married,South,549,1500278,15,1,1
C02452,64,740475,Self-Employed,Graduate,Single,North,583,1836999,20,2,0
C02453,21,325645,Salaried,Graduate,Married,Central,572,1148183,1,0,1
C02454,43,221574,Salaried,Graduate,Married,Central,584,1501537,20,0,0
C02455,57,482784,Business,Not Graduate,Single,North,620,1467384,20,0,0
C02456,28,723307,Self-Employed,Not Graduate,Married,Central,626,1308181,20,1,0
C02457,33,202648,Salaried,Graduate,Single,Central,591,592618,15,0,0
C02458,28,290890,Self-Employed,Graduate,Married,Central,581,957235,3,1,1
C02459,43,269005,Salaried,Graduate,Single,East,629,1794014,20,1,0
C02460,63,653518,Salaried,Graduate,Single,East,665,1809268,20,1,0
C02461,21,374586,Salaried,Graduate,Married,West,621,547337,1,0,0
C02462,44,381714,Salaried,Not Graduate,Single,West,754,1874998,15,1,1
C02463,55,478587,Salaried,Not Graduate,Married,East,695,271437,5,2,0
C02464,44,297977,Salaried,Not Graduate,Single,Central,506,1404056,2,1,1
C02465,37,231038,Self-Employed,Graduate,Married,South,697,582358,15,1,0
C02466,25,819425,Salaried,Graduate,Married,North,704,575608,10,0,0
C02467,40,854369,Salaried,Not Graduate,Married,West,610,925475,3,2,0
C02468,41,479650,Salaried,Graduate,Single,Central,515,351065,10,0,0
C02469,60,495573,Salaried,Graduate,Single,West,650,56589,2,1,0
C02470,51,780317,Salaried,Graduate,Married,South,649,929427,5,1,0
C02471,56,474726,Salaried,Graduate,Single,Central,549,1638453,15,0,0
C02472,31,366375,Salaried,Graduate,Married,East,519,86375,5,3,0
C02473,35,450314,Business,Graduate,Married,South,642,93085,2,1,0
C02474,39,828130,Salaried,Not Graduate,Married,West,629,635128,10,1,0
C02475,27,453157,Salaried,Graduate,Single,Central,612,748560,15,0,1
C02476,48,327347,Salaried,Not Graduate,Married,Central,642,1721568,3,1,1
C02477,63,472669,Salaried,Not Graduate,Married,North,550,933479,1,1,1
C02478,25,594395,Self-Employed,Not Graduate,Married,North,610,1129558,20,3,0
C02479,25,563157,Salaried,Not Graduate,Married,North,697,1944728,5,1,0
C02480,50,567372,Salaried,Graduate,Single,East,618,984250,2,1,0
C02481,52,304978,Salaried,Graduate,Married,Central,499,1389234,15,2,0
C02482,28,625650,Self-Employed,Not Graduate,Married,Central,607,245961,10,1,1
C02483,30,448117,Salaried,Graduate,Single,West,553,1495643,3,2,1
C02484,58,321159,Self-Employed,Graduate,Single,East,674,1698898,10,0,0
C02485,52,623415,Salaried,Graduate,Single,North,678,1459108,3,1,0
C02486,48,360721,Salaried,Not Graduate,Married,Central,500,1554777,15,0,0
C02487,37,217850,Self-Employed,Not Graduate,Married,North,718,94845,1,0,0
C02488,51,282018,Self-Employed,Graduate,Single,South,549,1352835,1,0,1
C02489,28,407690,Self-Employed,Not Graduate,Married,East,790,1995861,20,0,0
C02490,60,573914,Salaried,Graduate,Married,North,645,1206993,2,0,0
C02491,45,299889,Salaried,Graduate,Married,East,537,163436,2,0,0
C02492,29,397004,Salaried,Graduate,Married,Central,547,1336774,3,1,1
C02493,22,255896,Self-Employed,Not Graduate,Married,South,681,1381879,3,0,1
C02494,35,688255,Self-Employed,Graduate,Married,West,614,538288,3,2,0
C02495,23,958187,Salaried,Graduate,Single,South,641,139788,3,2,0
C02496,56,912713,Self-Employed,Graduate,Married,East,795,1646867,20,0,0
C02497,24,682993,Self-Employed,Graduate,Married,South,587,680010,15,1,0
C02498,34,652214,Salaried,Graduate,Single,Central,655,1920147,15,0,0
C02499,61,174146,Business,Graduate,Single,East,777,1335020,1,2,1
C02500,61,479130,Business,Graduate,Single,East,674,888884,2,0,0
C02501,45,353895,Salaried,Graduate,Married,Central,505,1120781,20,0,0
C02502,30,657506,Business,Not Graduate,Married,North,695,1849995,2,0,1
C02503,41,141220,Salaried,Graduate,Married,West,545,1679819,5,0,1
C02504,56,482547,Self-Employed,Not Graduate,Married,South,776,1864099,2,2,1
C02505,32,401715,Business,Not Graduate,Single,West,575,319608,2,1,0
C02506,47,731822,Salaried,Graduate,Married,West,900,1836582,10,0,0
C02507,60,887882,Salaried,Graduate,Single,Central,782,1079356,10,1,0
C02508,22,291273,Business,Graduate,Single,North,578,253729,20,2,1
C02509,33,297250,Salaried,Not Graduate,Single,West,651,321984,5,0,0
C02510,52,490766,Salaried,Graduate,Single,East,717,545832,3,0,0
C02511,51,965299,Salaried,Graduate,Single,North,720,352912,5,0,0
C02512,36,454550,Business,Not Graduate,Single,Central,689,857359,5,1,0
C02513,52,248793,Business,Not Graduate,Married,West,762,1057438,1,1,1
C02514,52,336838,Salaried,Graduate,Single,Central,638,1983630,15,2,0
C02515,54,484658,Business,Graduate,Single,South,616,1113905,2,2,1
C02516,31,492914,Salaried,Graduate,Married,Central,618,1114367,1,3,1
C02517,30,322275,Business,Graduate,Married,East,727,1413347,20,0,0
C02518,35,333832,Self-Employed,Graduate,Single,Central,682,1489605,15,0,0
C02519,37,284444,Salaried,Graduate,Single,North,676,719732,20,0,0
C02520,60,739350,Salaried,Graduate,Married,South,721,1081743,2,1,0
C02521,38,303868,Salaried,Graduate,Married,East,465,1584682,20,0,1
C02522,29,358915,Salaried,Graduate,Single,South,677,1802405,5,1,1
C02523,45,354348,Self-Employed,Not Graduate,Single,East,669,421698,2,0,1
C02524,60,214769,Salaried,Graduate,Married,South,800,180436,3,0,0
C02525,34,299977,Business,Not Graduate,Married,West,512,1185649,3,0,1
C02526,45,768858,Self-Employed,Graduate,Married,Central,790,1348470,5,0,0
C02527,42,256740,Self-Employed,Graduate,Single,North,656,346514,20,0,0
C02528,50,286748,Salaried,Graduate,Single,North,694,1149984,10,0,0
C02529,40,242887,Business,Graduate,Married,West,800,1451661,3,0,1
C02530,41,424736,Self-Employed,Graduate,Married,South,700,466919,5,0,0
C02531,64,1033502,Business,Graduate,Single,Central,686,1244882,1,1,0
C02532,52,416769,Business,Graduate,Married,West,671,188604,10,1,0
C02533,41,455906,Salaried,Graduate,Single,South,606,347560,3,0,0
C02534,55,309294,Salaried,Graduate,Married,Central,647,1171015,5,0,0
C02535,52,430314,Business,Graduate,Single,South,585,592530,5,1,0
C02536,50,769174,Business,Graduate,Married,North,645,755614,1,1,0
C02537,59,471799,Self-Employed,Graduate,Married,Central,439,1964332,1,0,1
C02538,32,1154636,Salaried,Graduate,Married,North,688,871681,10,1,0
C02539,61,779779,Self-Employed,Graduate,Married,North,639,1985132,15,0,0
C02540,38,425558,Salaried,Not Graduate,Single,Central,619,931481,3,0,0
C02541,41,421845,Salaried,Graduate,Married,West,669,1338223,5,0,0
C02542,33,921645,Salaried,Graduate,Single,South,520,921510,10,0,0
C02543,41,470615,Salaried,Not Graduate,Married,Central,823,344438,20,1,0
C02544,28,834021,Salaried,Not Graduate,Single,North,640,1813720,10,1,0
C02545,60,1089585,Business,Graduate,Married,South,636,446900,20,1,0
C02546,27,403568,Business,Graduate,Married,Central,563,467011,1,1,0
C02547,43,518336,Business,Graduate,Single,West,652,567351,5,0,0
C02548,64,687627,Business,Not Graduate,Married,Central,774,765661,2,0,0
C02549,52,624917,Salaried,Graduate,Married,Central,743,512403,15,0,0
C02550,31,622949,Business,Graduate,Married,East,726,191503,15,0,0
C02551,42,242786,Business,Not Graduate,Single,South,699,1567459,1,0,1
C02552,42,302009,Business,Graduate,Married,Central,617,401771,20,1,0
C02553,63,354027,Self-Employed,Graduate,Married,North,519,140381,5,1,1
C02554,45,764127,Salaried,Not Graduate,Single,North,631,402171,10,1,0
C02555,42,253744,Salaried,Not Graduate,Married,East,628,1351217,15,0,0
C02556,48,878044,Salaried,Graduate,Married,North,744,1809308,10,0,0
C02557,49,628395,Business,Graduate,Married,Central,677,906798,3,0,0
C02558,33,743707,Salaried,Graduate,Married,South,795,144176,2,1,0
C02559,38,291183,Business,Graduate,Married,East,757,1742531,1,1,1
C02560,22,457044,Salaried,Graduate,Married,East,608,385014,20,1,0
C02561,49,506117,Self-Employed,Graduate,Single,West,488,621675,15,0,0
C02562,41,496200,Salaried,Not Graduate,Single,West,774,1806863,3,0,0
C02563,35,505369,Salaried,Not Graduate,Married,South,772,845736,3,0,0
C02564,47,390648,Salaried,Not Graduate,Single,South,527,1604975,2,1,1
C02565,51,470166,Self-Employed,Not Graduate,Married,East,785,1902040,1,1,1
C02566,35,704401,Salaried,Graduate,Married,Central,684,141291,1,2,0
C02567,43,261730,Self-Employed,Graduate,Single,Central,664,949321,10,3,1
C02568,44,887507,Salaried,Graduate,Single,West,795,1158062,1,1,1
C02569,64,688213,Business,Graduate,Married,South,771,1688416,3,1,0
C02570,33,286547,Salaried,Not Graduate,Single,South,708,1041348,10,1,0
C02571,42,525826,Self-Employed,Graduate,Married,Central,692,472870,1,1,1
C02572,63,663759,Salaried,Graduate,Single,West,705,1137820,20,0,0
C02573,57,253753,Self-Employed,Graduate,Married,Central,613,1497734,20,1,0
C02574,53,450850,Salaried,Not Graduate,Single,Central,645,100697,2,2,0
C02575,23,427055,Self-Employed,Graduate,Single,East,568,1887701,3,0,1
C02576,39,330872,Business,Not Graduate,Single,South,620,762111,5,0,0
C02577,43,461187,Salaried,Graduate,Single,East,617,1179674,2,0,1
C02578,49,337685,Salaried,Graduate,Married,East,592,1629123,2,0,1
C02579,50,821131,Self-Employed,Graduate,Married,Central,662,694034,1,0,0
C02580,59,333704,Self-Employed,Not Graduate,Single,West,620,557099,10,0,1
C02581,64,631839,Salaried,Not Graduate,Single,Central,695,157772,10,2,0
C02582,45,210044,Salaried,Not Graduate,Married,West,503,167928,20,0,0
C02583,57,411344,Salaried,Graduate,Married,South,639,1145995,3,0,1
C02584,28,444871,Salaried,Graduate,Married,North,661,1462812,1,0,1
C02585,62,405375,Salaried,Graduate,Single,South,622,1416825,10,0,1
C02586,36,370147,Business,Not Graduate,Married,Central,634,246979,20,1,0
C02587,28,327622,Salaried,Graduate,Married,West,507,1781319,15,2,0
C02588,21,621283,Self-Employed,Graduate,Single,North,682,73404,5,0,0
C02589,64,693673,Business,Graduate,Married,West,708,909088,15,2,0
C02590,25,426354,Salaried,Graduate,Married,West,694,186774,1,1,0
C02591,23,270090,Self-Employed,Graduate,Married,North,743,1565675,1,0,1
C02592,21,991800,Business,Graduate,Married,North,668,150965,10,0,0
C02593,24,297774,Salaried,Not Graduate,Married,South,693,1679196,2,0,1
C02594,60,229408,Salaried,Not Graduate,Single,East,664,1269067,1,0,1
C02595,55,178853,Business,Graduate,Single,North,711,1844512,2,0,1
C02596,52,462662,Business,Not Graduate,Married,East,508,1726046,3,1,0
C02597,62,401178,Salaried,Graduate,Married,East,569,1472115,20,0,0
C02598,54,703575,Salaried,Not Graduate,Married,East,792,1987627,3,0,1
C02599,63,582443,Salaried,Graduate,Married,East,428,1579870,10,1,0
C02600,45,504130,Salaried,Not Graduate,Married,North,637,158269,3,2,0
C02601,30,391556,Salaried,Not Graduate,Married,West,755,910276,15,0,0
C02602,41,729044,Self-Employed,Graduate,Married,North,641,482458,15,1,0
C02603,59,1025125,Business,Not Graduate,Married,North,613,961415,15,0,0
C02604,47,696651,Salaried,Graduate,Married,Central,661,84142,10,0,0
C02605,47,359119,Business,Not Graduate,Married,Central,618,159699,10,1,0
C02606,22,628885,Salaried,Graduate,Married,South,652,1719090,15,1,0
C02607,61,369187,Salaried,Not Graduate,Single,East,588,1368113,2,0,1
C02608,33,269068,Salaried,Graduate,Single,East,749,775299,15,1,1
C02609,29,295207,Salaried,Graduate,Married,Central,778,774442,2,0,1
C02610,56,376555,Salaried,Not Graduate,Single,West,637,152281,3,0,0
C02611,42,463602,Business,Not Graduate,Single,South,525,1520685,2,0,1
C02612,62,1118234,Salaried,Not Graduate,Married,West,602,1632252,1,0,0
C02613,46,297520,Self-Employed,Not Graduate,Single,Central,633,1609891,5,2,0
C02614,32,802566,Salaried,Graduate,Married,West,695,550508,1,2,0
C02615,37,383553,Salaried,Not Graduate,Single,East,559,1161545,1,1,1
C02616,34,178550,Self-Employed,Not Graduate,Single,Central,580,1659524,10,0,1
C02617,34,352365,Business,Graduate,Married,West,695,139244,5,1,0
C02618,54,751264,Salaried,Not Graduate,Married,South,734,992230,10,1,0
C02619,40,516639,Self-Employed,Not Graduate,Single,South,594,1702408,2,0,1
C02620,31,530726,Business,Not Graduate,Married,North,530,806913,15,1,0
C02621,36,804379,Self-Employed,Graduate,Married,Central,900,244068,20,3,0
C02622,51,277520,Salaried,Not Graduate,Married,Central,720,1491903,20,0,0
C02623,26,275601,Self-Employed,Not Graduate,Married,Central,625,1738234,20,1,0
C02624,39,159743,Salaried,Graduate,Single,East,728,591833,2,0,1
C02625,57,656505,Self-Employed,Not Graduate,Married,East,638,707739,5,0,0
C02626,24,569843,Salaried,Graduate,Single,Central,728,1325421,3,0,0
C02627,24,612794,Salaried,Graduate,Single,West,664,554700,2,1,0
C02628,40,259794,Self-Employed,Graduate,Married,East,658,1972354,1,0,1
C02629,30,214934,Salaried,Graduate,Married,Central,639,746480,5,0,1
C02630,44,244304,Salaried,Graduate,Married,East,519,1378529,5,2,1
C02631,55,292097,Business,Graduate,Single,North,824,1020317,2,1,1
C02632,46,890271,Business,Graduate,Married,South,565,517221,2,0,0
C02633,57,693881,Salaried,Graduate,Married,North,527,1388687,10,3,0
C02634,58,359978,Salaried,Graduate,Married,Central,630,977252,10,1,0
C02635,41,506187,Salaried,Not Graduate,Single,South,563,1122000,1,0,1
C02636,60,326027,Salaried,Not Graduate,Married,West,645,991418,5,2,0
C02637,59,521219,Business,Graduate,Single,Central,711,800963,20,1,1
C02638,41,265098,Self-Employed,Not Graduate,Married,West,739,1993419,3,0,1
C02639,30,620085,Salaried,Not Graduate,Married,West,723,1832414,3,0,0
C02640,58,301834,Salaried,Not Graduate,Single,East,622,462707,5,1,0
C02641,24,635814,Self-Employed,Graduate,Single,East,654,1279102,1,0,1
C02642,40,365002,Self-Employed,Graduate,Single,South,686,382213,20,1,0
C02643,37,310042,Self-Employed,Not Graduate,Married,South,491,1281573,10,1,0
C02644,27,914240,Salaried,Graduate,Single,East,701,925551,10,0,0
C02645,24,479081,Salaried,Graduate,Married,South,518,1659913,10,2,0
C02646,49,382704,Salaried,Graduate,Single,North,833,339965,3,1,0
C02647,34,622301,Salaried,Graduate,Single,Central,613,932229,3,0,0
C02648,23,242075,Salaried,Graduate,Married,North,633,1070576,1,0,1
C02649,44,728023,Business,Graduate,Married,Central,580,735305,3,1,0
C02650,57,415504,Salaried,Graduate,Married,East,593,984888,2,0,1
C02651,36,579751,Business,Graduate,Single,North,854,1520202,3,1,0
C02652,24,220456,Salaried,Graduate,Single,West,734,1176310,10,0,0
C02653,44,372468,Salaried,Graduate,Married,North,510,506982,1,0,0
C02654,54,443326,Salaried,Graduate,Married,South,785,275962,5,1,0
C02655,50,703367,Salaried,Graduate,Married,North,757,559622,5,1,0
C02656,38,600900,Business,Graduate,Single,East,624,450385,1,0,0
C02657,39,370787,Salaried,Not Graduate,Single,East,677,1458165,2,1,1
C02658,51,510464,Salaried,Not Graduate,Married,South,648,578118,5,1,0
C02659,39,778758,Business,Graduate,Married,Central,827,1023810,10,0,0
C02660,39,404337,Salaried,Graduate,Married,South,578,1971948,5,0,1
C02661,42,385004,Salaried,Graduate,Married,Central,663,1294915,5,0,0
C02662,44,189024,Salaried,Graduate,Single,East,611,1257405,10,0,0
C02663,32,390201,Salaried,Not Graduate,Married,East,521,1162443,3,0,1
C02664,50,202231,Salaried,Graduate,Married,Central,847,1003154,2,0,1
C02665,58,420226,Salaried,Graduate,Single,North,543,739126,20,0,0
C02666,51,690147,Business,Graduate,Married,North,669,1048982,10,0,0
C02667,56,170444,Business,Not Graduate,Married,South,493,1917427,10,0,1
C02668,39,770961,Salaried,Not Graduate,Single,East,614,853100,15,0,0
C02669,56,381322,Salaried,Graduate,Married,North,687,1508038,1,0,1
C02670,50,437038,Salaried,Graduate,Married,East,575,1123572,2,1,0
C02671,53,352889,Self-Employed,Graduate,Married,South,702,363456,3,1,1
C02672,38,204647,Salaried,Not Graduate,Married,West,625,1757001,15,0,0
C02673,48,311033,Business,Graduate,Married,East,754,1371187,20,1,0
C02674,31,1136921,Self-Employed,Graduate,Married,West,772,1018150,10,0,0
C02675,53,270162,Salaried,Not Graduate,Married,East,597,1340028,20,0,0
C02676,37,216458,Self-Employed,Not Graduate,Married,Central,656,1774943,20,0,0
C02677,26,471455,Salaried,Graduate,Single,West,666,1822015,20,2,0
C02678,24,425661,Salaried,Graduate,Married,Central,705,1389422,15,0,0
C02679,40,382506,Salaried,Not Graduate,Single,Central,651,668657,3,1,1
C02680,47,445299,Salaried,Not Graduate,Single,South,667,649857,15,1,0
C02681,35,591189,Self-Employed,Not Graduate,Single,South,628,366096,15,0,0
C02682,26,339685,Self-Employed,Graduate,Married,North,660,1025569,15,0,0
C02683,34,482861,Salaried,Not Graduate,Single,West,766,608457,10,0,0
C02684,31,701336,Business,Graduate,Married,North,708,1115405,10,1,0
C02685,59,282693,Salaried,Graduate,Married,West,713,1027639,1,1,1
C02686,29,155596,Salaried,Graduate,Married,South,715,54522,5,2,1
C02687,46,598309,Salaried,Graduate,Single,South,636,1970695,2,0,1
C02688,36,1364547,Self-Employed,Graduate,Married,South,678,1527111,1,1,0
C02689,25,440951,Business,Graduate,Single,West,552,1481054,3,1,1
C02690,30,484498,Self-Employed,Graduate,Single,South,764,168576,15,0,0
C02691,23,387273,Business,Graduate,Married,North,399,1594912,10,0,0
C02692,33,904038,Salaried,Not Graduate,Single,Central,642,953851,15,1,0
C02693,63,427200,Salaried,Graduate,Married,West,752,211545,10,0,0
C02694,50,406787,Salaried,Graduate,Married,Central,527,844131,20,3,0
C02695,26,666562,Self-Employed,Graduate,Single,North,685,1166741,2,1,0
C02696,37,355783,Salaried,Not Graduate,Married,East,588,1532247,1,0,1
C02697,39,248174,Business,Graduate,Single,South,616,1698556,1,1,1
C02698,62,658049,Salaried,Not Graduate,Single,North,735,591729,3,1,1
C02699,55,339016,Salaried,Graduate,Married,East,667,80716,20,0,0
C02700,46,285227,Salaried,Graduate,Single,West,466,1685039,1,1,1
C02701,25,1138271,Self-Employed,Not Graduate,Married,North,562,1105410,1,0,1
C02702,49,408248,Salaried,Graduate,Single,West,737,1615429,5,0,1
C02703,57,552606,Salaried,Graduate,Married,Central,690,1360185,2,1,1
C02704,40,448331,Salaried,Graduate,Married,Central,807,68179,15,0,0
C02705,41,296901,Self-Employed,Not Graduate,Married,West,801,1386939,1,0,1
C02706,30,603345,Self-Employed,Not Graduate,Married,Central,619,153153,3,0,0
C02707,25,509691,Self-Employed,Graduate,Married,Central,875,1769718,15,0,0
C02708,56,328824,Salaried,Graduate,Married,South,652,1573155,10,1,0
C02709,26,537635,Business,Not Graduate,Single,West,563,1876839,20,0,0
C02710,46,351006,Business,Graduate,Married,West,592,649255,20,2,0
C02711,24,269137,Salaried,Graduate,Married,East,446,938886,1,0,1
C02712,59,257158,Salaried,Graduate,Married,South,794,1077097,1,1,1
C02713,59,499581,Salaried,Graduate,Married,North,793,1632360,15,1,0
C02714,55,372417,Salaried,Not Graduate,Married,South,558,1842803,10,0,0
C02715,21,869581,Business,Not Graduate,Married,North,629,1793174,5,1,0
C02716,44,433943,Self-Employed,Graduate,Married,West,658,96025,2,0,0
C02717,56,310723,Business,Graduate,Married,South,563,1358857,5,1,0
C02718,26,474975,Salaried,Not Graduate,Married,East,492,1420606,3,0,0
C02719,61,247107,Self-Employed,Graduate,Single,Central,631,1515355,15,1,0
C02720,64,425977,Salaried,Graduate,Married,North,621,1888720,1,0,1
C02721,51,510744,Salaried,Graduate,Married,Central,615,1454787,5,1,0
C02722,40,483135,Self-Employed,Graduate,Married,West,670,357633,2,2,0
C02723,44,795129,Salaried,Graduate,Married,West,778,82664,3,1,0
C02724,45,1423860,Self-Employed,Not Graduate,Married,West,622,1864735,20,0,0
C02725,56,598468,Self-Employed,Not Graduate,Single,Central,665,193492,5,0,0
C02726,41,751974,Business,Graduate,Single,West,715,1022114,1,1,1
C02727,50,1389644,Salaried,Graduate,Single,West,699,841747,2,2,0
C02728,44,281306,Self-Employed,Graduate,Single,Central,594,1562709,1,1,1
C02729,64,469199,Business,Graduate,Married,West,658,1960041,1,0,1
C02730,62,356789,Business,Not Graduate,Married,North,699,275648,3,1,0
C02731,50,646414,Self-Employed,Graduate,Single,South,548,1740726,2,0,1
C02732,42,499932,Self-Employed,Graduate,Single,North,763,541127,10,2,0
C02733,48,306111,Salaried,Graduate,Single,West,778,653318,20,1,0
C02734,27,444598,Self-Employed,Graduate,Single,West,584,113910,1,2,0
C02735,55,708648,Self-Employed,Not Graduate,Married,West,667,802648,2,1,0
C02736,48,246058,Self-Employed,Graduate,Single,West,707,1028476,1,0,1
C02737,34,309030,Self-Employed,Graduate,Single,Central,600,1844829,5,1,1
C02738,30,288868,Salaried,Graduate,Married,South,693,1416639,5,1,0
C02739,36,512409,Salaried,Not Graduate,Single,Central,664,786648,2,0,0
C02740,36,773152,Self-Employed,Not Graduate,Married,Central,517,1594718,20,0,0
C02741,51,179085,Salaried,Not Graduate,Married,West,691,447348,3,0,1
C02742,62,461611,Salaried,Graduate,Single,North,550,439297,10,0,0
C02743,45,291880,Salaried,Graduate,Married,North,734,1140174,5,0,0
C02744,33,695531,Salaried,Graduate,Married,East,589,1585604,3,0,0
C02745,26,397664,Business,Graduate,Single,South,635,548515,10,2,0
C02746,64,469208,Salaried,Graduate,Single,East,773,988055,5,0,0
C02747,29,442147,Salaried,Not Graduate,Married,Central,694,1953214,10,2,0
C02748,56,733731,Salaried,Not Graduate,Married,East,552,387044,15,1,0
C02749,63,1112237,Salaried,Graduate,Married,East,558,76296,1,1,0
C02750,40,265508,Salaried,Graduate,Single,East,596,1247714,2,1,1
C02751,38,288182,Salaried,Graduate,Single,South,685,1258540,5,1,1
C02752,63,511280,Business,Graduate,Married,North,682,649865,5,1,0
C02753,41,306391,Salaried,Not Graduate,Married,North,574,779950,1,1,1
C02754,24,673412,Self-Employed,Not Graduate,Married,East,544,1700037,5,0,0
C02755,53,723859,Business,Graduate,Single,South,675,519509,5,2,0
C02756,47,345946,Business,Graduate,Married,North,633,1163347,15,2,0
C02757,27,313767,Salaried,Graduate,Married,West,844,550010,5,3,0
C02758,26,390955,Salaried,Graduate,Married,North,653,994988,5,3,0
C02759,35,463614,Salaried,Graduate,Single,North,813,1962873,5,0,0
C02760,38,509750,Salaried,Not Graduate,Married,South,544,149074,3,1,0
C02761,52,160529,Salaried,Graduate,Married,South,508,573136,5,0,0
C02762,31,286256,Business,Graduate,Single,North,549,1518907,1,0,1
C02763,40,368853,Salaried,Graduate,Married,West,757,731398,15,0,0
C02764,44,309079,Salaried,Not Graduate,Married,West,808,610910,5,3,0
C02765,35,121890,Salaried,Graduate,Single,East,579,1396606,10,0,0
C02766,27,189138,Business,Not Graduate,Married,East,608,1239549,15,0,1
C02767,41,245877,Self-Employed,Graduate,Single,North,544,892809,15,0,0
C02768,62,420047,Salaried,Graduate,Married,North,486,132910,10,1,0
C02769,46,363563,Salaried,Not Graduate,Married,North,714,1279510,1,0,1
C02770,64,332965,Salaried,Graduate,Married,West,670,431136,3,0,0
C02771,34,633130,Self-Employed,Not Graduate,Married,Central,650,563271,20,0,0
C02772,57,633021,Self-Employed,Graduate,Married,East,523,555042,20,0,0
C02773,41,473289,Self-Employed,Graduate,Married,East,797,213878,1,0,0
C02774,38,466985,Salaried,Graduate,Married,Central,604,723019,3,0,0
C02775,25,300890,Self-Employed,Not Graduate,Single,North,698,1081810,2,0,1
C02776,23,317538,Self-Employed,Not Graduate,Single,East,519,204525,10,0,1
C02777,43,205162,Business,Graduate,Married,West,632,998002,15,2,0
C02778,46,395205,Self-Employed,Graduate,Single,Central,676,1562185,15,2,0
C02779,57,630068,Salaried,Graduate,Married,West,679,852744,15,0,0
C02780,44,813782,Salaried,Graduate,Married,North,663,837868,10,0,0
C02781,39,396269,Salaried,Graduate,Single,East,694,1912577,10,0,0
C02782,45,551971,Self-Employed,Graduate,Single,West,548,502029,20,1,0
C02783,41,122370,Self-Employed,Graduate,Married,Central,667,691075,20,1,0
C02784,32,364099,Salaried,Not Graduate,Married,North,660,1713349,20,4,0
C02785,61,360280,Salaried,Graduate,Single,East,670,1799922,3,1,1
C02786,53,865468,Salaried,Not Graduate,Married,East,656,414699,15,1,0
C02787,24,527983,Business,Graduate,Married,North,535,758537,1,0,1
C02788,62,552613,Salaried,Graduate,Married,North,531,1096045,3,1,1
C02789,27,539850,Salaried,Graduate,Married,North,450,1501097,15,0,1
C02790,42,451553,Salaried,Graduate,Single,West,723,82646,10,0,0
C02791,53,881662,Salaried,Graduate,Married,South,724,1174702,10,1,0
C02792,37,156783,Self-Employed,Graduate,Single,East,725,564116,10,2,0
C02793,44,472500,Business,Graduate,Single,West,677,1740786,15,1,0
C02794,54,735577,Salaried,Not Graduate,Single,Central,458,1353793,20,1,0
C02795,48,188881,Self-Employed,Graduate,Single,East,557,876862,10,0,0
C02796,63,645037,Salaried,Not Graduate,Married,South,665,434382,2,0,0
C02797,61,314103,Business,Graduate,Single,Central,662,642947,10,0,0
C02798,59,464825,Salaried,Not Graduate,Married,East,629,689629,15,0,0
C02799,42,311401,Salaried,Not Graduate,Married,South,683,578446,20,0,0
C02800,37,681204,Salaried,Not Graduate,Married,North,651,1172812,3,0,0
C02801,54,388573,Salaried,Graduate,Married,South,660,1174643,10,0,0
C02802,26,647328,Salaried,Graduate,Married,East,592,733098,20,2,0
C02803,26,538153,Self-Employed,Graduate,Single,South,738,59879,20,1,0
C02804,54,309524,Self-Employed,Graduate,Married,East,611,186615,5,2,0
C02805,21,554508,Salaried,Graduate,Single,East,530,686572,2,1,1
C02806,30,328205,Self-Employed,Graduate,Married,South,580,228996,15,0,0
C02807,41,455366,Salaried,Not Graduate,Single,South,618,1534140,10,2,1
C02808,25,385398,Self-Employed,Graduate,Married,Central,739,396261,5,1,0
C02809,22,663285,Self-Employed,Graduate,Single,Central,646,1004183,15,1,0
C02810,42,564189,Self-Employed,Graduate,Single,West,633,260190,3,0,0
C02811,22,436339,Salaried,Graduate,Married,East,537,1666752,2,1,1
C02812,30,324951,Salaried,Graduate,Married,Central,720,866708,20,0,0
C02813,54,249934,Salaried,Graduate,Single,West,591,1071043,10,0,0
C02814,36,470262,Salaried,Not Graduate,Married,East,640,579087,3,0,0
C02815,59,332857,Self-Employed,Not Graduate,Single,West,783,533843,15,1,0
C02816,42,190023,Salaried,Graduate,Married,Central,695,799130,5,1,0
C02817,32,243162,Salaried,Not Graduate,Married,West,503,1473249,15,0,0
C02818,44,919553,Salaried,Not Graduate,Single,South,490,961145,15,0,0
C02819,60,328736,Salaried,Graduate,Married,West,644,1611840,2,1,1
C02820,58,719976,Self-Employed,Graduate,Single,North,540,140141,10,0,0
C02821,30,376814,Salaried,Not Graduate,Single,North,708,1028062,3,0,1
C02822,55,772826,Self-Employed,Graduate,Married,West,653,1475733,2,1,0
C02823,52,748049,Salaried,Not Graduate,Married,North,664,1392388,5,1,0
C02824,27,305112,Business,Graduate,Married,West,586,1233759,20,0,0
C02825,41,180847,Business,Graduate,Single,West,806,1516478,10,0,0
C02826,40,187870,Self-Employed,Graduate,Married,West,900,253623,20,0,0
C02827,46,307460,Business,Not Graduate,Married,North,624,1957400,2,2,1
C02828,24,1035438,Salaried,Graduate,Married,East,681,1115066,5,0,0
C02829,42,367782,Business,Not Graduate,Single,West,658,478410,5,0,0
C02830,35,472295,Business,Graduate,Married,West,626,824426,3,0,0
C02831,60,795321,Business,Not Graduate,Married,South,575,496732,15,0,1
C02832,41,464931,Self-Employed,Graduate,Married,South,552,691507,5,1,1
C02833,35,457783,Self-Employed,Not Graduate,Single,Central,547,531946,5,1,0
C02834,42,585486,Salaried,Not Graduate,Married,North,686,618392,15,0,0
C02835,48,503851,Salaried,Graduate,Married,East,603,1628180,1,0,1
C02836,34,423047,Salaried,Graduate,Married,West,417,1136706,5,0,1
C02837,47,319766,Business,Graduate,Married,West,690,513445,10,0,0
C02838,61,458318,Salaried,Graduate,Single,North,646,419438,20,0,0
C02839,60,723951,Self-Employed,Graduate,Single,Central,771,866386,20,0,0
C02840,48,986483,Salaried,Not Graduate,Married,Central,683,1474157,2,1,1
C02841,46,504601,Salaried,Graduate,Single,South,516,195250,15,1,0
C02842,22,621457,Business,Graduate,Married,North,449,1076437,15,1,0
C02843,45,499507,Business,Graduate,Married,Central,585,232235,15,0,0
C02844,23,425364,Self-Employed,Graduate,Single,Central,593,982255,10,1,1
C02845,28,557610,Salaried,Graduate,Married,East,734,637453,15,1,0
C02846,64,755548,Salaried,Graduate,Married,South,649,454696,10,0,0
C02847,53,296895,Salaried,Not Graduate,Married,South,752,1819375,20,4,0
C02848,62,230238,Salaried,Graduate,Married,South,530,487090,3,0,1
C02849,55,348065,Salaried,Graduate,Single,Central,736,809893,1,1,1
C02850,26,486624,Salaried,Graduate,Married,West,714,641063,15,0,0
C02851,59,654379,Salaried,Graduate,Married,Central,468,449782,20,0,0
C02852,43,283430,Self-Employed,Graduate,Married,Central,769,397455,1,1,0
C02853,45,144370,Salaried,Not Graduate,Single,North,658,1594309,20,1,1
C02854,63,351775,Salaried,Graduate,Single,South,685,1676013,15,0,0
C02855,39,405444,Salaried,Graduate,Married,South,572,1433281,10,2,0
C02856,25,262229,Business,Graduate,Single,East,764,1511215,20,0,0
C02857,31,314820,Salaried,Graduate,Married,South,543,1713574,2,0,1
C02858,32,653617,Salaried,Graduate,Single,Central,724,142199,1,1,0
C02859,30,458242,Salaried,Graduate,Single,North,723,1263600,1,0,1
C02860,28,516861,Business,Graduate,Single,East,562,601614,10,1,0
C02861,44,376978,Self-Employed,Graduate,Single,Central,828,953704,1,0,1
C02862,48,315101,Self-Employed,Not Graduate,Married,Central,670,1129715,3,3,1
C02863,61,375756,Salaried,Graduate,Married,East,708,767463,10,2,0
C02864,56,553765,Self-Employed,Graduate,Single,Central,512,555950,1,1,0
C02865,57,226139,Self-Employed,Not Graduate,Single,Central,840,1290505,1,2,1
C02866,41,929662,Self-Employed,Graduate,Single,North,539,1434358,1,0,1
C02867,28,573025,Business,Graduate,Single,North,742,1079677,10,1,0
C02868,29,347616,Salaried,Graduate,Married,North,560,384796,2,2,0
C02869,35,637961,Salaried,Not Graduate,Married,South,594,1635801,5,0,0
C02870,60,766858,Business,Graduate,Married,East,720,1356582,20,1,0
C02871,38,381302,Self-Employed,Graduate,Married,North,742,866593,15,1,0
C02872,62,401329,Salaried,Graduate,Married,Central,535,971887,20,1,0
C02873,40,866366,Salaried,Graduate,Married,South,748,922288,1,2,0
C02874,26,1148007,Business,Not Graduate,Married,East,744,559603,20,0,0
C02875,32,448312,Salaried,Not Graduate,Married,North,565,1430763,5,1,1
C02876,22,262709,Salaried,Graduate,Married,North,793,1768671,5,1,0
C02877,27,357978,Salaried,Graduate,Single,East,518,1158495,1,0,1
C02878,36,704227,Business,Not Graduate,Married,North,593,1062753,1,0,1
C02879,23,278285,Business,Graduate,Married,East,693,1442775,15,0,0
C02880,23,402831,Salaried,Not Graduate,Married,East,573,510777,5,2,0
C02881,47,504671,Self-Employed,Graduate,Single,Central,673,1970463,2,0,1
C02882,63,292078,Salaried,Graduate,Married,East,671,1529414,5,1,0
C02883,60,724614,Salaried,Graduate,Married,West,633,350279,2,0,0
C02884,58,604577,Business,Graduate,Single,North,724,1789594,20,0,0
C02885,53,1092845,Salaried,Graduate,Married,Central,629,1969685,3,0,0
C02886,48,628855,Salaried,Not Graduate,Married,South,670,1390416,2,1,0
C02887,21,287103,Self-Employed,Graduate,Single,West,753,184845,15,0,0
C02888,28,561667,Salaried,Graduate,Married,East,721,1123532,10,1,0
C02889,57,690112,Salaried,Graduate,Single,South,720,1900827,20,1,1
C02890,52,706278,Self-Employed,Graduate,Married,South,546,313672,1,1,0
C02891,63,311894,Self-Employed,Graduate,Married,South,697,439925,3,0,1
C02892,57,295566,Salaried,Not Graduate,Married,South,570,136491,5,1,0
C02893,24,264914,Salaried,Graduate,Married,Central,534,1143164,2,2,1
C02894,50,910846,Self-Employed,Not Graduate,Married,Central,643,251657,3,0,0
C02895,26,585543,Business,Graduate,Married,South,568,1197728,20,0,1
C02896,39,305728,Salaried,Graduate,Single,West,721,702160,10,1,0
C02897,52,468473,Business,Graduate,Married,North,723,1512303,2,2,1
C02898,29,418461,Self-Employed,Not Graduate,Single,North,478,846551,15,1,1
C02899,32,285597,Business,Graduate,Single,Central,575,1436613,5,1,1
C02900,31,449676,Salaried,Not Graduate,Married,West,518,1114743,5,0,1
C02901,36,482054,Salaried,Graduate,Married,West,608,1810439,2,0,1
C02902,21,1055013,Salaried,Not Graduate,Married,East,690,1209358,10,1,0
C02903,41,329371,Salaried,Graduate,Single,Central,628,1088058,1,0,1
C02904,50,205001,Business,Graduate,Single,West,596,1579581,1,1,1
C02905,33,275948,Salaried,Graduate,Married,West,767,180775,5,2,0
C02906,54,296057,Self-Employed,Graduate,Single,North,442,1133465,20,0,0
C02907,24,365084,Salaried,Graduate,Single,West,761,357822,20,2,0
C02908,48,276253,Self-Employed,Graduate,Married,West,601,276406,10,1,0
C02909,58,640468,Salaried,Graduate,Married,South,642,1683126,5,0,0
C02910,51,267743,Salaried,Graduate,Single,North,602,185753,1,1,0
C02911,47,446416,Salaried,Graduate,Single,North,788,654579,5,3,0
C02912,25,1088255,Self-Employed,Not Graduate,Married,South,539,640296,2,2,0
C02913,45,567562,Salaried,Graduate,Married,North,651,1870411,20,0,0
C02914,23,541902,Salaried,Not Graduate,Single,East,697,279489,20,1,0
C02915,53,1020488,Salaried,Not Graduate,Married,East,505,1505482,15,1,1
C02916,24,774941,Business,Graduate,Single,Central,567,862344,2,0,0
C02917,45,570521,Self-Employed,Graduate,Married,North,636,1367193,15,0,1
C02918,40,384682,Self-Employed,Graduate,Single,North,570,1795234,10,0,0
C02919,54,437919,Self-Employed,Graduate,Married,East,576,1510461,1,0,1
C02920,46,428443,Salaried,Graduate,Married,Central,618,1984508,10,1,0
C02921,25,369297,Self-Employed,Not Graduate,Married,Central,708,1049502,10,0,0
C02922,55,486706,Salaried,Not Graduate,Married,East,619,875217,1,0,1
C02923,48,518054,Salaried,Not Graduate,Married,East,747,1723820,3,1,1
C02924,49,252689,Self-Employed,Graduate,Married,South,560,244499,3,2,0
C02925,29,922109,Self-Employed,Not Graduate,Single,Central,537,573764,5,0,1
C02926,58,532005,Salaried,Graduate,Single,Central,823,1291649,3,2,0
C02927,26,393071,Salaried,Not Graduate,Married,South,590,767084,2,1,1
C02928,39,488712,Self-Employed,Graduate,Married,East,532,431150,20,0,0
C02929,64,672438,Self-Employed,Graduate,Married,South,493,322976,15,1,0
C02930,31,228659,Salaried,Graduate,Married,South,746,972889,20,3,0
C02931,22,421983,Salaried,Graduate,Married,West,619,1587690,10,0,0
C02932,64,259461,Business,Graduate,Married,Central,627,1244356,20,0,0
C02933,64,1462491,Self-Employed,Not Graduate,Married,East,635,1550392,5,0,0
C02934,29,470797,Business,Graduate,Single,West,741,1443467,10,0,0
C02935,41,260410,Salaried,Graduate,Single,West,633,1965115,1,1,1
C02936,44,2235018,Salaried,Graduate,Married,West,860,1813998,20,3,0
C02937,54,347594,Salaried,Graduate,Single,East,662,377572,3,0,0
C02938,42,402686,Self-Employed,Graduate,Single,South,745,923275,1,0,1
C02939,23,416000,Salaried,Not Graduate,Single,East,722,1109578,5,2,0
C02940,32,302072,Salaried,Graduate,Married,Central,646,1003657,15,2,0
C02941,48,494502,Salaried,Not Graduate,Married,Central,597,989944,2,0,1
C02942,50,163597,Self-Employed,Graduate,Single,South,679,1952509,3,1,1
C02943,46,721187,Salaried,Not Graduate,Married,East,695,82556,1,0,0
C02944,41,266329,Self-Employed,Graduate,Single,South,598,642251,15,0,0
C02945,48,366995,Business,Not Graduate,Married,South,664,1592937,20,2,0
C02946,46,620439,Self-Employed,Graduate,Married,East,761,1058229,3,0,0
C02947,53,403524,Salaried,Graduate,Married,Central,836,271746,10,0,1
C02948,41,411022,Business,Graduate,Married,East,726,56563,2,0,0
C02949,55,280566,Salaried,Graduate,Single,Central,817,260995,20,0,0
C02950,54,1136020,Salaried,Not Graduate,Married,North,593,1890848,15,0,1
C02951,61,561949,Business,Graduate,Single,North,713,589442,3,0,0
C02952,38,271779,Salaried,Graduate,Single,North,770,1647058,20,1,0
C02953,31,479347,Salaried,Graduate,Married,West,569,770380,2,0,1
C02954,43,263271,Salaried,Not Graduate,Married,Central,606,752221,15,0,0
C02955,42,960382,Salaried,Graduate,Married,Central,806,1252096,10,1,0
C02956,37,483998,Self-Employed,Graduate,Married,East,562,1588252,10,1,0
C02957,25,285216,Salaried,Graduate,Married,Central,529,1908536,1,2,1
C02958,64,605564,Self-Employed,Not Graduate,Married,East,787,472618,5,0,0
C02959,31,390376,Self-Employed,Graduate,Single,West,757,316496,1,1,0
C02960,50,247780,Salaried,Graduate,Married,East,688,312328,2,0,0
C02961,35,525166,Salaried,Not Graduate,Married,North,645,977888,1,4,1
C02962,47,518543,Salaried,Graduate,Single,East,610,1375039,15,1,0
C02963,55,738207,Business,Graduate,Married,East,675,1219073,3,1,0
C02964,53,455443,Self-Employed,Not Graduate,Single,East,792,201521,15,1,0
C02965,40,464249,Business,Graduate,Married,Central,671,368477,1,0,0
C02966,36,475470,Salaried,Graduate,Married,South,845,1926213,5,1,0
C02967,54,906981,Salaried,Graduate,Single,South,569,584714,15,1,0
C02968,22,384795,Salaried,Graduate,Single,South,648,843936,15,1,0
C02969,55,546480,Salaried,Graduate,Married,Central,616,499794,15,0,0
C02970,60,583929,Salaried,Graduate,Married,North,552,1812145,5,1,0
C02971,48,517828,Business,Graduate,Married,South,636,166775,15,0,0
C02972,59,378300,Salaried,Graduate,Married,South,687,83368,2,0,0
C02973,26,467087,Business,Graduate,Single,West,697,1073612,10,2,0
C02974,29,424154,Salaried,Not Graduate,Single,West,845,816913,5,3,0
C02975,40,1068369,Business,Graduate,Married,North,691,1202417,2,1,1
C02976,21,360052,Salaried,Graduate,Married,East,753,540846,5,3,0
C02977,28,293413,Business,Graduate,Single,East,655,428888,5,1,0
C02978,43,441180,Salaried,Graduate,Married,West,801,261293,10,0,0
C02979,23,427404,Business,Not Graduate,Single,West,865,830371,3,1,0
C02980,24,483390,Salaried,Graduate,Married,North,697,58724,2,0,0
C02981,45,360104,Salaried,Graduate,Single,North,560,1496876,5,0,0
C02982,58,464942,Salaried,Graduate,Single,Central,600,1788746,20,0,0
C02983,35,468983,Salaried,Not Graduate,Single,East,675,1049781,5,2,0
C02984,41,665101,Self-Employed,Graduate,Single,Central,691,918729,1,0,1
C02985,55,461322,Business,Graduate,Single,South,712,961531,15,3,0
C02986,34,463292,Self-Employed,Not Graduate,Married,North,691,1177448,3,2,1
C02987,56,558134,Self-Employed,Graduate,Married,East,650,1046454,10,0,0
C02988,32,653726,Salaried,Graduate,Single,East,592,644621,20,1,1
C02989,37,284175,Self-Employed,Graduate,Married,Central,686,774203,2,1,1
C02990,59,251816,Salaried,Not Graduate,Married,West,816,555241,5,0,0
C02991,29,948811,Business,Graduate,Single,West,741,1327752,15,1,0
C02992,55,607333,Salaried,Graduate,Married,North,698,1625460,2,1,0
C02993,33,400823,Self-Employed,Not Graduate,Single,West,742,1902175,10,0,0
C02994,35,446353,Salaried,Graduate,Single,South,616,137844,3,0,0
C02995,38,370773,Salaried,Graduate,Married,East,604,822427,1,0,1
C02996,53,486540,Salaried,Not Graduate,Single,West,582,139751,3,0,0
C02997,26,285693,Salaried,Graduate,Married,North,638,1228393,1,2,1
C02998,47,645690,Salaried,Not Graduate,Single,South,612,1569123,2,1,1
C02999,43,478759,Salaried,Not Graduate,Married,Central,758,1703384,3,2,1
C03000,47,486616,Business,Not Graduate,Married,Central,607,108326,3,0,0
C03001,54,295884,Salaried,Graduate,Single,South,577,1700534,3,0,1
C03002,58,560127,Business,Graduate,Married,North,824,573292,10,1,0
C03003,34,298959,Salaried,Graduate,Married,Central,609,1764718,2,0,1
C03004,56,324010,Salaried,Graduate,Married,East,663,1271650,20,1,0
C03005,28,460206,Self-Employed,Graduate,Married,East,690,1841123,1,1,1
C03006,55,1367232,Salaried,Graduate,Single,North,547,74022,3,0,0
C03007,39,477901,Salaried,Graduate,Married,North,761,134458,2,0,0
C03008,50,139251,Self-Employed,Graduate,Single,East,707,198317,20,0,0
C03009,34,331331,Salaried,Graduate,Single,North,790,1706660,15,1,0
C03010,40,601798,Self-Employed,Not Graduate,Single,South,588,453243,10,1,0
C03011,45,266250,Salaried,Not Graduate,Married,North,658,1505778,10,0,0
C03012,60,643061,Salaried,Graduate,Married,East,653,1733568,15,2,0
C03013,44,475189,Business,Graduate,Single,West,673,446742,2,2,0
C03014,34,691139,Self-Employed,Graduate,Single,North,519,797157,1,1,1
C03015,46,344040,Salaried,Graduate,Single,Central,659,1405081,2,0,1
C03016,58,332184,Business,Graduate,Single,South,521,1622094,2,1,1
C03017,43,570485,Business,Graduate,Single,South,682,1923294,5,0,0
C03018,42,440917,Salaried,Not Graduate,Single,South,458,1128109,20,0,0
C03019,39,429076,Salaried,Graduate,Single,Central,483,1330609,10,2,0
C03020,23,896305,Business,Not Graduate,Married,Central,723,1247964,1,1,0
C03021,62,580626,Salaried,Graduate,Married,South,600,1238347,5,3,0
C03022,39,180689,Salaried,Graduate,Married,South,561,784851,15,1,1
C03023,29,633858,Salaried,Graduate,Married,South,764,701729,2,1,0
C03024,48,605939,Self-Employed,Graduate,Single,North,679,1982087,15,0,0
C03025,40,754047,Business,Graduate,Married,Central,728,1085670,10,0,0
C03026,27,289854,Self-Employed,Not Graduate,Single,East,635,150960,5,0,0
C03027,34,512042,Business,Graduate,Married,North,891,1681329,20,2,0
C03028,29,465205,Salaried,Graduate,Married,East,595,197745,5,0,0
C03029,39,287525,Salaried,Graduate,Married,North,807,1384115,1,0,1
C03030,34,677418,Self-Employed,Graduate,Married,North,644,1202738,20,1,0
C03031,58,396846,Business,Not Graduate,Married,East,501,1229280,2,0,1
C03032,56,743206,Salaried,Graduate,Single,South,693,1253355,1,1,1
C03033,60,316701,Salaried,Graduate,Married,East,678,527965,5,0,0
C03034,37,229288,Salaried,Graduate,Married,West,555,125937,20,0,0
C03035,50,396664,Salaried,Graduate,Single,Central,567,703935,5,1,0
C03036,29,491079,Salaried,Graduate,Married,West,647,694938,1,0,0
C03037,53,347879,Salaried,Not Graduate,Married,North,681,442888,5,2,1
C03038,45,111412,Business,Graduate,Single,East,427,792092,20,0,0
C03039,34,525782,Salaried,Not Graduate,Married,South,744,1810352,3,0,0
C03040,31,524678,Self-Employed,Graduate,Married,South,605,927944,10,1,0
C03041,55,602730,Salaried,Graduate,Single,West,530,1238406,2,1,0
C03042,61,372792,Salaried,Graduate,Married,West,734,1689873,10,2,0
C03043,34,363751,Self-Employed,Graduate,Married,North,647,456497,2,0,0
C03044,50,845890,Business,Not Graduate,Married,Central,759,309188,20,0,0
C03045,61,217742,Salaried,Graduate,Married,North,689,1343916,5,1,0
C03046,24,395852,Business,Graduate,Single,South,649,82548,20,1,0
C03047,24,471670,Business,Graduate,Single,East,636,1641235,1,3,1
C03048,48,581118,Salaried,Not Graduate,Single,West,693,1061403,1,1,1
C03049,28,477536,Salaried,Graduate,Single,South,612,1466697,5,0,0
C03050,22,292173,Self-Employed,Graduate,Married,North,573,1773580,2,0,1
C03051,61,748200,Salaried,Graduate,Married,Central,704,274731,5,0,0
C03052,42,442793,Salaried,Graduate,Married,East,636,1253522,2,0,1
C03053,61,208855,Salaried,Graduate,Single,Central,653,1580451,5,1,1
C03054,36,486080,Salaried,Graduate,Single,North,748,1637145,5,1,0
C03055,49,547914,Business,Graduate,Married,North,639,1036291,5,0,0
C03056,50,1069107,Salaried,Graduate,Married,South,651,465505,1,0,0
C03057,32,531754,Salaried,Not Graduate,Married,East,596,1349636,2,0,1
C03058,55,227087,Salaried,Not Graduate,Married,North,688,1496846,15,1,0
C03059,31,230704,Self-Employed,Graduate,Married,South,681,150020,5,0,0
C03060,41,779508,Self-Employed,Graduate,Married,North,731,681796,10,0,0
C03061,41,308272,Business,Graduate,Married,South,597,1604202,10,1,0
C03062,25,220287,Self-Employed,Graduate,Married,Central,608,116846,20,0,0
C03063,40,694001,Self-Employed,Graduate,Single,South,721,1455402,20,2,0
C03064,57,357152,Salaried,Graduate,Married,Central,672,492985,1,0,0
C03065,23,677494,Salaried,Graduate,Single,West,568,1390032,3,0,1
C03066,64,293131,Self-Employed,Graduate,Single,North,767,1588309,15,0,0
C03067,53,858734,Business,Graduate,Single,West,497,426330,1,1,1
C03068,29,655024,Business,Not Graduate,Single,East,720,840689,3,0,0
C03069,29,319589,Self-Employed,Graduate,Married,West,536,459062,1,0,1
C03070,24,209572,Salaried,Graduate,Married,South,819,1514275,20,0,0
C03071,55,1248338,Salaried,Graduate,Married,South,510,600846,10,1,0
C03072,37,402482,Salaried,Graduate,Single,East,753,617476,5,0,0
C03073,54,313881,Salaried,Not Graduate,Single,East,642,718372,2,1,0
C03074,44,825577,Salaried,Graduate,Married,North,617,607524,20,0,0
C03075,52,677111,Salaried,Graduate,Single,South,666,1596001,5,0,0
C03076,21,753329,Salaried,Not Graduate,Married,East,706,619364,10,0,0
C03077,28,423230,Self-Employed,Not Graduate,Married,West,568,360546,2,0,0
C03078,43,1031448,Salaried,Graduate,Married,South,576,406611,3,0,0
C03079,60,245296,Self-Employed,Graduate,Married,East,708,213148,3,0,0
C03080,32,345095,Salaried,Graduate,Married,North,496,1703201,10,1,1
C03081,32,527258,Salaried,Graduate,Single,Central,597,165827,2,1,0
C03082,35,748367,Business,Graduate,Married,South,900,1566956,5,2,0
C03083,61,595717,Salaried,Graduate,Married,South,562,1697128,10,2,0
C03084,39,426219,Business,Graduate,Single,South,753,853767,3,1,0
C03085,46,357247,Salaried,Graduate,Single,South,597,1876636,10,0,1
C03086,49,750188,Salaried,Graduate,Married,Central,695,618061,5,1,0
C03087,42,624045,Salaried,Not Graduate,Married,Central,708,757518,1,3,1
C03088,60,298481,Salaried,Graduate,Single,North,751,340714,15,1,0
C03089,41,294513,Salaried,Graduate,Married,South,631,137995,15,0,0
C03090,58,346116,Self-Employed,Graduate,Married,East,828,90658,20,1,0
C03091,40,326703,Salaried,Not Graduate,Married,West,596,1550976,15,0,0
C03092,49,703222,Self-Employed,Graduate,Married,South,671,1481360,1,1,1
C03093,24,538250,Salaried,Graduate,Married,Central,672,1957621,5,2,1
C03094,27,568640,Salaried,Not Graduate,Married,North,549,370338,20,0,0
C03095,48,482266,Business,Graduate,Married,South,624,1297155,2,1,0
C03096,48,492597,Business,Not Graduate,Single,North,664,424016,10,1,0
C03097,24,217114,Salaried,Graduate,Married,East,611,1001463,5,0,1
C03098,42,632466,Salaried,Graduate,Married,East,869,496288,1,0,0
C03099,32,343325,Salaried,Graduate,Married,East,574,750948,20,0,0
C03100,23,435861,Business,Not Graduate,Single,East,756,1008037,3,1,0
C03101,42,357564,Salaried,Graduate,Single,West,727,1993566,15,1,0
C03102,64,472428,Business,Graduate,Married,North,648,1350529,15,0,0
C03103,22,572571,Salaried,Not Graduate,Married,South,572,118582,5,1,0
C03104,44,280973,Business,Graduate,Single,West,580,1815679,15,2,0
C03105,54,495705,Salaried,Graduate,Single,South,603,487734,15,1,0
C03106,47,361475,Salaried,Graduate,Married,Central,489,193775,5,0,1
C03107,61,801833,Self-Employed,Graduate,Married,West,559,1672320,5,1,1
C03108,21,267913,Business,Not Graduate,Married,West,516,629779,20,1,1
C03109,28,281775,Business,Not Graduate,Married,Central,771,320187,1,0,1
C03110,43,376319,Self-Employed,Graduate,Single,West,705,415356,1,0,0
C03111,58,291693,Self-Employed,Graduate,Married,North,720,568943,15,1,0
C03112,26,399923,Self-Employed,Not Graduate,Married,East,702,1862867,20,0,0
C03113,42,348868,Self-Employed,Graduate,Married,South,665,380484,5,1,0
C03114,45,460369,Business,Graduate,Single,Central,781,1239824,5,0,0
C03115,38,696367,Salaried,Graduate,Single,East,595,447152,15,2,0
C03116,37,456834,Self-Employed,Not Graduate,Married,West,659,1654038,2,1,1
C03117,32,475945,Salaried,Graduate,Married,North,717,1443352,3,0,0
C03118,26,274911,Self-Employed,Not Graduate,Married,West,531,400912,10,2,0
C03119,46,416513,Business,Graduate,Married,Central,900,682465,10,0,0
C03120,47,365934,Salaried,Graduate,Single,West,652,600197,15,0,0
C03121,28,601233,Salaried,Graduate,Married,North,662,1142734,20,0,0
C03122,39,313622,Salaried,Graduate,Married,West,763,713726,10,1,0
C03123,62,300350,Salaried,Not Graduate,Married,West,732,266197,1,0,0
C03124,21,510345,Salaried,Graduate,Married,West,653,1808273,20,2,0
C03125,49,1078461,Business,Graduate,Single,West,661,895763,20,2,0
C03126,55,408735,Self-Employed,Graduate,Married,North,514,1884348,1,2,1
C03127,60,477201,Business,Not Graduate,Married,South,599,818278,2,0,0
C03128,34,677801,Salaried,Not Graduate,Married,East,696,777402,15,1,0
C03129,55,556519,Business,Graduate,Married,Central,689,1542716,1,1,1
C03130,40,558168,Self-Employed,Graduate,Married,South,759,1520634,15,1,0
C03131,33,423862,Salaried,Graduate,Married,North,639,722818,15,0,0
C03132,58,427589,Self-Employed,Not Graduate,Single,Central,525,1185943,20,0,0
C03133,28,314954,Business,Graduate,Single,Central,745,377526,5,1,0
C03134,63,550657,Salaried,Graduate,Married,West,779,1095144,3,0,0
C03135,40,545031,Self-Employed,Graduate,Single,East,730,1172895,3,0,0
C03136,53,610921,Business,Graduate,Single,East,635,323314,15,0,0
C03137,46,355170,Salaried,Graduate,Married,North,743,694240,3,0,0
C03138,59,642781,Self-Employed,Graduate,Married,South,900,654433,3,1,1
C03139,41,736747,Salaried,Graduate,Single,West,660,1885003,10,1,1
C03140,62,256201,Salaried,Graduate,Single,East,531,1990634,20,0,1
C03141,63,387088,Self-Employed,Graduate,Single,West,597,1318219,10,1,0
C03142,61,750699,Salaried,Graduate,Married,South,706,852640,5,2,0
C03143,29,330281,Self-Employed,Graduate,Single,Central,505,740538,2,0,1
C03144,44,561262,Salaried,Graduate,Married,South,665,260244,20,0,0
C03145,57,444124,Salaried,Graduate,Married,Central,684,714399,1,0,0
C03146,61,513443,Salaried,Graduate,Single,South,788,64990,1,1,0
C03147,37,450257,Salaried,Graduate,Single,West,767,711801,10,1,0
C03148,44,618948,Salaried,Not Graduate,Married,South,727,1041725,15,2,0
C03149,41,279376,Business,Graduate,Single,East,455,1615217,3,0,1
C03150,59,293315,Business,Graduate,Married,East,732,179327,5,1,0
C03151,61,855149,Business,Graduate,Married,North,713,915746,2,0,0
C03152,59,1138433,Salaried,Graduate,Single,East,673,1387582,10,0,0
C03153,33,441335,Business,Graduate,Single,East,494,1519065,15,1,0
C03154,31,957297,Business,Not Graduate,Married,Central,580,1978957,5,0,0
C03155,39,312606,Salaried,Graduate,Single,West,544,704511,15,2,0
C03156,31,348288,Salaried,Graduate,Single,West,468,1888964,5,0,1
C03157,33,852449,Salaried,Graduate,Single,Central,649,253161,10,1,0
C03158,21,635297,Salaried,Graduate,Married,East,578,1449509,5,1,0
C03159,60,911541,Business,Not Graduate,Married,South,886,1450171,20,0,0
C03160,64,546259,Self-Employed,Not Graduate,Single,Central,634,167782,3,0,0
C03161,39,280507,Self-Employed,Not Graduate,Married,West,766,838797,5,1,0
C03162,32,489240,Salaried,Graduate,Single,North,508,384348,2,0,0
C03163,28,759868,Salaried,Graduate,Married,West,602,448216,5,0,0
C03164,28,416761,Salaried,Graduate,Single,South,658,893504,20,0,0
C03165,32,388910,Business,Not Graduate,Single,West,568,102499,1,0,0
C03166,53,550033,Salaried,Graduate,Married,Central,612,1355599,20,2,0
C03167,46,343939,Business,Not Graduate,Single,North,630,381355,5,0,0
C03168,59,505334,Salaried,Not Graduate,Single,West,628,1242555,15,0,0
C03169,48,455238,Self-Employed,Graduate,Married,Central,816,198408,10,1,0
C03170,25,354801,Self-Employed,Graduate,Married,Central,684,1970228,1,2,1
C03171,28,687853,Business,Not Graduate,Married,Central,693,930279,10,2,0
C03172,45,591664,Salaried,Not Graduate,Married,North,698,757691,15,1,0
C03173,47,377319,Salaried,Graduate,Married,Central,705,421603,2,0,0
C03174,43,439444,Salaried,Graduate,Single,North,642,1438475,3,0,1
C03175,50,391572,Business,Graduate,Single,South,621,380927,2,0,1
C03176,43,331906,Salaried,Graduate,Single,South,665,775311,1,0,1
C03177,40,206030,Salaried,Not Graduate,Single,South,754,1806445,15,0,0
C03178,38,355854,Salaried,Not Graduate,Married,Central,751,842904,15,2,0
C03179,38,334097,Salaried,Graduate,Single,North,628,1514172,3,1,1
C03180,22,465888,Business,Not Graduate,Married,South,719,415296,5,1,1
C03181,24,539454,Business,Graduate,Single,East,632,1256928,1,1,1
C03182,50,308358,Salaried,Graduate,Single,South,653,1251507,3,3,0
C03183,53,523385,Business,Graduate,Married,Central,607,1328989,20,0,0
C03184,56,287704,Self-Employed,Not Graduate,Single,East,633,1540194,20,0,0
C03185,38,418159,Salaried,Graduate,Single,West,770,1237910,10,0,0
C03186,57,337361,Business,Graduate,Married,East,658,196626,3,0,0
C03187,39,618948,Self-Employed,Not Graduate,Married,West,662,1629872,10,0,0
C03188,48,466282,Salaried,Not Graduate,Married,East,519,1972859,20,1,0
C03189,60,421015,Self-Employed,Graduate,Married,North,622,1179375,20,1,0
C03190,40,333913,Salaried,Graduate,Married,East,628,1901246,10,0,1
C03191,53,381559,Salaried,Not Graduate,Single,South,575,285018,15,1,0
C03192,32,1007595,Self-Employed,Not Graduate,Single,West,651,1049529,3,0,0
C03193,35,353101,Business,Not Graduate,Married,West,611,1377873,15,2,0
C03194,61,548933,Self-Employed,Graduate,Single,South,657,1157929,20,1,0
C03195,59,420546,Salaried,Graduate,Single,North,660,626380,15,5,0
C03196,22,541918,Business,Graduate,Single,East,563,293907,2,0,0
C03197,49,644763,Salaried,Graduate,Single,North,614,1797088,2,2,0
C03198,61,377267,Salaried,Not Graduate,Married,South,656,1671968,15,0,0
C03199,30,608893,Salaried,Graduate,Single,East,756,205355,15,1,0
C03200,22,1529555,Salaried,Graduate,Single,South,673,1538221,10,0,0
C03201,31,571141,Salaried,Graduate,Married,West,590,1842470,15,0,1
C03202,33,914480,Self-Employed,Graduate,Married,West,685,1022461,1,1,0
C03203,30,549338,Business,Graduate,Married,West,803,78887,3,1,0
C03204,34,290865,Business,Graduate,Married,Central,732,1537964,1,1,1
C03205,38,500850,Business,Graduate,Married,Central,699,840787,2,0,0
C03206,29,381294,Salaried,Graduate,Married,West,715,1394421,1,1,1
C03207,59,338346,Self-Employed,Not Graduate,Single,Central,779,222606,5,0,0
C03208,48,428196,Business,Graduate,Single,Central,746,301420,5,0,0
C03209,23,412653,Salaried,Graduate,Married,South,701,1694306,2,2,1
C03210,40,274589,Self-Employed,Graduate,Single,East,746,1028778,1,0,1
C03211,26,1496751,Salaried,Not Graduate,Single,West,552,586567,3,0,0
C03212,47,636374,Salaried,Graduate,Single,Central,514,1797427,2,0,1
C03213,22,493844,Salaried,Graduate,Single,South,664,695026,5,0,0
C03214,49,460674,Self-Employed,Graduate,Single,South,656,1567939,2,0,1
C03215,58,759987,Self-Employed,Graduate,Single,East,601,713621,1,1,0
C03216,23,1125802,Salaried,Not Graduate,Single,South,724,709834,1,2,1
C03217,36,602165,Self-Employed,Graduate,Single,North,482,1714278,1,3,1
C03218,50,467211,Business,Not Graduate,Single,North,601,1913398,10,0,0
C03219,60,858283,Business,Graduate,Married,West,606,470141,1,1,1
C03220,22,471682,Salaried,Graduate,Married,East,502,394318,15,0,0
C03221,37,538149,Salaried,Not Graduate,Married,North,784,270079,5,1,0
C03222,61,694158,Self-Employed,Graduate,Married,East,527,1627651,20,1,0
C03223,32,371789,Salaried,Graduate,Married,West,597,1341527,5,1,0
C03224,55,173837,Salaried,Graduate,Married,South,731,254470,10,1,0
C03225,63,363747,Salaried,Graduate,Single,South,708,1812113,5,1,0
C03226,21,626466,Business,Graduate,Married,South,550,1404444,5,1,0
C03227,35,606917,Self-Employed,Graduate,Married,North,711,1633527,2,3,1
C03228,46,809523,Salaried,Graduate,Single,East,676,459336,20,1,0
C03229,57,370062,Salaried,Graduate,Married,North,859,1776676,20,0,0
C03230,41,901140,Self-Employed,Not Graduate,Married,Central,686,1593838,1,0,1
C03231,51,480835,Salaried,Graduate,Single,East,637,1231683,15,0,0
C03232,45,580697,Salaried,Graduate,Married,West,572,674559,15,1,0
C03233,43,664390,Salaried,Graduate,Single,North,583,641676,2,0,0
C03234,44,237577,Salaried,Graduate,Single,South,575,1150911,15,2,1
C03235,58,281474,Salaried,Graduate,Single,South,773,93315,2,1,0
C03236,48,277301,Self-Employed,Graduate,Married,South,651,941354,20,2,0
C03237,41,716761,Self-Employed,Not Graduate,Married,North,700,1407347,20,0,0
C03238,63,385595,Salaried,Graduate,Married,North,786,1500095,20,2,0
C03239,38,1101751,Salaried,Graduate,Married,South,437,1601446,15,1,0
C03240,56,443086,Salaried,Graduate,Single,South,765,99334,5,1,0
C03241,55,228178,Self-Employed,Not Graduate,Single,South,654,236964,20,1,0
C03242,29,326900,Salaried,Graduate,Married,Central,689,1290844,3,0,1
C03243,58,466409,Salaried,Not Graduate,Married,North,575,1950708,1,3,1
C03244,50,557844,Self-Employed,Graduate,Married,South,582,1138302,3,2,1
C03245,64,284026,Self-Employed,Graduate,Single,West,693,1592233,5,1,0
C03246,54,571383,Salaried,Graduate,Married,South,864,256823,10,1,0
C03247,52,644348,Salaried,Not Graduate,Single,North,740,1803542,2,0,1
C03248,23,331563,Business,Not Graduate,Single,West,763,822333,15,0,0
C03249,23,1073162,Business,Graduate,Married,North,632,867126,15,3,0
C03250,48,348120,Salaried,Graduate,Married,North,595,212325,5,0,0
C03251,64,282110,Business,Graduate,Single,North,579,729590,15,0,0
C03252,35,222314,Self-Employed,Graduate,Married,East,606,1283622,5,0,0
C03253,61,766268,Business,Graduate,Married,West,465,1948553,3,2,0
C03254,43,446992,Salaried,Graduate,Single,Central,584,1508717,10,0,0
C03255,60,356582,Self-Employed,Not Graduate,Married,Central,599,1891041,2,0,1
C03256,31,227894,Self-Employed,Graduate,Single,East,634,1685325,15,0,0
C03257,52,371326,Salaried,Graduate,Married,North,661,839097,10,2,0
C03258,56,1291933,Self-Employed,Graduate,Married,Central,682,339169,10,1,0
C03259,53,168548,Salaried,Not Graduate,Single,West,648,466749,10,0,0
C03260,44,332952,Salaried,Graduate,Married,South,597,1013401,1,0,1
C03261,59,991280,Salaried,Graduate,Single,West,473,1962669,10,3,1
C03262,54,776100,Business,Graduate,Single,North,598,568982,20,1,0
C03263,48,342223,Salaried,Not Graduate,Married,West,562,1381718,5,0,0
C03264,57,484861,Self-Employed,Not Graduate,Single,North,691,1086484,1,0,1
C03265,27,544880,Self-Employed,Not Graduate,Single,West,731,373392,20,0,0
C03266,24,469877,Salaried,Graduate,Married,East,734,1727357,1,2,1
C03267,57,987569,Salaried,Graduate,Married,West,718,335201,10,0,0
C03268,21,515498,Self-Employed,Not Graduate,Married,Central,637,1702108,15,0,0
C03269,21,737471,Business,Not Graduate,Married,South,603,1313256,15,0,0
C03270,40,480085,Salaried,Graduate,Married,East,582,251703,15,0,0
C03271,39,177269,Salaried,Graduate,Married,West,514,409175,15,1,0
C03272,49,258697,Salaried,Graduate,Single,North,739,949145,5,1,0
C03273,30,284021,Salaried,Not Graduate,Married,East,634,1728751,15,0,0
C03274,38,395466,Salaried,Graduate,Single,Central,537,565728,2,0,0
C03275,48,1127244,Salaried,Not Graduate,Married,South,575,117173,10,1,0
C03276,55,520781,Salaried,Graduate,Married,South,571,785566,1,0,1
C03277,63,421845,Salaried,Graduate,Married,West,653,1137310,2,1,1
C03278,51,772472,Self-Employed,Not Graduate,Married,Central,746,1684936,15,1,0
C03279,47,230188,Business,Not Graduate,Married,Central,618,507391,2,1,0
C03280,31,354916,Salaried,Graduate,Married,South,447,284046,1,1,0
C03281,58,332103,Self-Employed,Graduate,Married,South,632,244855,15,0,0
C03282,25,529198,Salaried,Graduate,Married,Central,635,406338,2,2,0
C03283,28,662069,Business,Graduate,Single,South,629,776099,5,0,0
C03284,54,546980,Self-Employed,Graduate,Married,North,593,1316702,5,0,0
C03285,32,550891,Business,Graduate,Married,South,669,494258,10,1,0
C03286,58,376058,Salaried,Graduate,Married,North,655,757717,10,0,0
C03287,21,511110,Self-Employed,Graduate,Married,South,647,1238317,20,1,0
C03288,51,303177,Salaried,Graduate,Single,East,687,1736136,2,0,1
C03289,24,599207,Salaried,Not Graduate,Married,East,611,1690766,1,0,1
C03290,25,353178,Salaried,Graduate,Single,East,606,958679,5,1,0
C03291,50,267084,Self-Employed,Graduate,Married,North,774,1510702,3,1,1
C03292,44,450007,Self-Employed,Graduate,Married,North,700,1155535,10,0,0
C03293,23,187043,Salaried,Graduate,Single,West,724,670911,20,1,0
C03294,31,858950,Self-Employed,Not Graduate,Married,West,760,705726,5,0,0
C03295,24,633296,Salaried,Not Graduate,Married,South,697,1671279,20,0,0
C03296,46,514852,Salaried,Graduate,Married,North,733,174716,15,0,0
C03297,47,213062,Self-Employed,Graduate,Married,East,507,1481929,2,1,1
C03298,63,322840,Salaried,Not Graduate,Single,East,668,59907,20,1,0
C03299,47,450562,Salaried,Not Graduate,Single,East,633,932257,5,2,0
C03300,62,393014,Salaried,Graduate,Married,South,800,1655644,5,0,1
C03301,26,206932,Self-Employed,Not Graduate,Single,North,733,501095,2,0,0
C03302,35,244655,Salaried,Graduate,Married,South,593,1052663,10,0,0
C03303,50,389495,Business,Graduate,Married,Central,683,1657949,10,2,0
C03304,62,248331,Salaried,Graduate,Married,Central,665,1557291,3,2,1
C03305,57,820053,Self-Employed,Graduate,Married,West,690,1905434,3,0,0
C03306,57,552684,Salaried,Graduate,Married,North,558,1015701,10,0,0
C03307,62,308180,Salaried,Not Graduate,Married,East,682,319629,10,1,0
C03308,57,748719,Self-Employed,Graduate,Married,North,629,1410247,20,0,0
C03309,55,683832,Salaried,Graduate,Single,West,675,1328208,10,2,0
C03310,43,503848,Salaried,Graduate,Single,East,584,830504,10,1,0
C03311,26,434602,Salaried,Not Graduate,Married,South,597,1869073,5,3,1
C03312,24,386809,Salaried,Graduate,Married,East,755,141005,3,0,0
C03313,38,346981,Salaried,Graduate,Single,Central,555,632816,2,0,0
C03314,29,242424,Self-Employed,Graduate,Married,South,562,1071983,1,1,1
C03315,49,880062,Self-Employed,Graduate,Married,East,645,1743495,2,1,0
C03316,33,350028,Salaried,Not Graduate,Married,South,580,1388519,15,0,0
C03317,37,448063,Salaried,Graduate,Single,Central,570,1876650,1,1,1
C03318,52,293721,Salaried,Graduate,Single,Central,659,1013843,5,1,0
C03319,42,393661,Salaried,Graduate,Married,North,514,1499238,15,0,1
C03320,24,1595742,Self-Employed,Graduate,Single,Central,559,231532,3,0,0
C03321,25,319113,Self-Employed,Graduate,Married,Central,834,1455537,1,2,1
C03322,57,849045,Salaried,Graduate,Married,Central,691,1418980,10,0,0
C03323,61,436912,Salaried,Graduate,Single,West,582,1244525,15,1,0
C03324,33,600772,Business,Not Graduate,Married,Central,687,309673,5,4,0
C03325,54,774568,Salaried,Graduate,Married,North,701,467939,1,0,0
C03326,42,500078,Salaried,Graduate,Single,South,739,1373663,10,0,0
C03327,43,377653,Self-Employed,Graduate,Single,West,638,453522,15,0,0
C03328,23,406874,Self-Employed,Graduate,Married,South,737,217856,5,1,0
C03329,62,413084,Salaried,Graduate,Married,South,466,1610420,15,2,0
C03330,54,1023733,Business,Not Graduate,Married,North,554,433545,1,0,0
C03331,52,226872,Salaried,Graduate,Married,West,664,1774391,10,0,0
C03332,41,199420,Self-Employed,Graduate,Married,East,679,271099,3,0,0
C03333,64,205494,Salaried,Graduate,Single,Central,567,1825384,20,0,0
C03334,41,295886,Self-Employed,Graduate,Single,South,673,1521766,5,0,1
C03335,64,606243,Business,Not Graduate,Single,South,593,1125947,1,1,1
C03336,31,623209,Salaried,Not Graduate,Married,North,625,1197322,10,0,0
C03337,59,336590,Self-Employed,Not Graduate,Single,North,742,1724112,3,0,0
C03338,24,436777,Business,Not Graduate,Married,North,731,971440,15,1,0
C03339,21,267711,Salaried,Graduate,Married,West,560,1787102,10,0,0
C03340,48,279121,Self-Employed,Graduate,Married,Central,554,337871,20,3,0
C03341,44,574318,Business,Graduate,Single,West,612,688288,3,1,0
C03342,55,708891,Self-Employed,Graduate,Married,North,647,1162545,1,1,1
C03343,33,356978,Salaried,Graduate,Married,North,590,1520160,10,0,0
C03344,54,923343,Salaried,Graduate,Married,South,743,642819,20,3,0
C03345,31,683185,Salaried,Not Graduate,Married,West,681,1661961,10,0,0
C03346,56,905530,Salaried,Not Graduate,Single,West,686,1264632,2,1,1
C03347,37,386380,Salaried,Graduate,Single,Central,536,1673723,5,0,1
C03348,55,877040,Salaried,Graduate,Married,West,755,1011795,10,0,0
C03349,38,1179727,Salaried,Graduate,Married,Central,396,1294876,20,1,0
C03350,60,367459,Salaried,Graduate,Single,East,725,535315,3,1,0
C03351,42,412760,Salaried,Graduate,Single,Central,734,727510,5,2,0
C03352,44,288810,Self-Employed,Graduate,Married,North,611,989565,1,1,1
C03353,39,264369,Self-Employed,Graduate,Married,East,764,281944,20,0,0
C03354,57,265760,Salaried,Graduate,Single,South,644,1155366,5,2,0
C03355,59,307072,Salaried,Graduate,Married,South,655,1950704,2,0,1
C03356,41,500634,Salaried,Graduate,Married,South,680,852080,1,0,0
C03357,28,312969,Salaried,Graduate,Married,North,900,1160355,10,1,0
C03358,48,493793,Salaried,Graduate,Married,South,770,156371,20,1,0
C03359,25,498411,Self-Employed,Not Graduate,Married,Central,713,348816,15,2,0
C03360,37,358055,Salaried,Graduate,Single,North,567,1429829,1,1,1
C03361,57,430117,Business,Graduate,Married,West,662,84593,20,0,0
C03362,56,348864,Salaried,Graduate,Married,North,576,457002,1,0,1
C03363,39,384680,Salaried,Graduate,Married,North,723,1585828,2,1,1
C03364,47,307432,Self-Employed,Graduate,Married,West,662,1894823,3,1,1
C03365,54,459478,Self-Employed,Not Graduate,Single,Central,548,981298,1,0,1
C03366,31,337646,Self-Employed,Not Graduate,Single,East,657,1785359,20,1,0
C03367,32,261782,Business,Graduate,Married,West,573,1591272,3,1,1
C03368,41,577834,Salaried,Not Graduate,Single,North,663,857734,5,1,0
C03369,31,586707,Business,Not Graduate,Single,South,572,1290712,15,0,0
C03370,59,729609,Salaried,Not Graduate,Married,West,652,267872,2,1,0
C03371,48,279015,Business,Graduate,Married,West,717,397284,10,1,0
C03372,25,356319,Salaried,Not Graduate,Married,East,645,1781771,20,0,1
C03373,37,490766,Salaried,Graduate,Married,North,614,385500,20,0,0
C03374,40,352950,Self-Employed,Graduate,Married,South,668,623570,20,1,0
C03375,61,572009,Salaried,Not Graduate,Married,South,712,702739,1,0,0
C03376,32,553529,Salaried,Graduate,Married,East,550,957779,15,0,0
C03377,26,548906,Salaried,Graduate,Single,South,673,758074,15,0,0
C03378,37,853286,Self-Employed,Not Graduate,Married,Central,768,1820971,3,1,0
C03379,39,591155,Business,Not Graduate,Married,West,701,73814,1,2,0
C03380,46,474136,Self-Employed,Not Graduate,Married,West,655,205161,20,0,1
C03381,64,405513,Business,Not Graduate,Married,South,707,499047,15,0,0
C03382,64,418428,Salaried,Graduate,Married,South,690,1180249,20,1,0
C03383,52,274060,Salaried,Graduate,Married,South,717,1674804,20,0,0
C03384,26,199871,Salaried,Not Graduate,Married,West,467,136796,20,0,1
C03385,56,545081,Self-Employed,Graduate,Single,South,510,1135052,2,1,1
C03386,58,767301,Salaried,Not Graduate,Single,Central,740,707129,10,2,0
C03387,31,381340,Salaried,Graduate,Single,Central,514,354422,5,1,0
C03388,53,903645,Salaried,Not Graduate,Married,West,686,1276642,5,1,0
C03389,44,408631,Self-Employed,Graduate,Married,North,618,1900642,3,0,1
C03390,43,183652,Salaried,Graduate,Married,North,560,810395,15,0,0
C03391,35,668781,Business,Not Graduate,Married,North,681,176259,5,1,0
C03392,47,356582,Self-Employed,Graduate,Married,Central,668,1502757,3,0,1
C03393,31,696588,Self-Employed,Graduate,Married,East,839,888628,10,1,0
C03394,37,248976,Business,Graduate,Single,North,593,1459399,20,2,1
C03395,34,532543,Salaried,Graduate,Married,East,779,1277933,1,0,1
C03396,47,308597,Self-Employed,Graduate,Married,West,681,967293,2,2,1
C03397,38,484383,Business,Not Graduate,Single,Central,590,1285147,10,0,0
C03398,48,624666,Self-Employed,Graduate,Single,North,721,593708,10,0,0
C03399,24,562687,Self-Employed,Graduate,Married,Central,700,1254884,5,1,0
C03400,27,456441,Salaried,Graduate,Married,West,653,842650,5,3,0
C03401,55,237920,Self-Employed,Graduate,Married,Central,673,174283,2,0,0
C03402,29,614555,Salaried,Graduate,Married,South,596,493108,1,0,1
C03403,28,703725,Business,Graduate,Married,North,575,779391,10,1,0
C03404,37,276689,Business,Graduate,Single,Central,718,280461,15,0,0
C03405,37,295607,Business,Graduate,Married,Central,629,1686921,5,1,0
C03406,53,717193,Self-Employed,Not Graduate,Single,Central,642,1963617,10,1,0
C03407,52,402802,Salaried,Graduate,Married,West,675,1830843,1,0,1
C03408,28,299074,Salaried,Not Graduate,Single,North,673,264202,3,0,0
C03409,39,500143,Business,Graduate,Married,North,521,192298,1,2,0
C03410,58,331924,Salaried,Graduate,Married,South,765,697396,10,0,0
C03411,23,475664,Salaried,Graduate,Married,South,660,1019775,10,1,0
C03412,25,367345,Self-Employed,Graduate,Single,Central,631,846478,2,0,0
C03413,33,381787,Salaried,Graduate,Single,North,688,296027,10,0,0
C03414,51,729182,Self-Employed,Graduate,Single,North,671,953894,5,1,0
C03415,36,145679,Salaried,Not Graduate,Single,Central,719,1994353,15,0,1
C03416,52,567864,Self-Employed,Graduate,Married,East,698,87117,2,1,0
C03417,42,677017,Business,Not Graduate,Married,North,714,1228556,10,1,1
C03418,49,334403,Salaried,Not Graduate,Married,Central,771,972469,1,0,1
C03419,42,674680,Salaried,Not Graduate,Married,Central,729,1079300,10,0,0
C03420,63,287345,Salaried,Graduate,Single,East,635,1308520,1,1,1
C03421,23,328735,Business,Graduate,Married,South,548,238349,1,0,0
C03422,30,312129,Salaried,Graduate,Married,Central,800,1839315,10,1,0
C03423,62,678799,Salaried,Not Graduate,Married,North,628,1551405,1,0,1
C03424,41,201747,Self-Employed,Graduate,Married,South,607,591661,15,0,0
C03425,36,925478,Salaried,Graduate,Married,South,493,95452,3,0,0
C03426,32,385685,Business,Graduate,Married,South,680,1279737,2,1,1
C03427,22,583447,Business,Graduate,Married,Central,663,1105230,10,2,0
C03428,61,561248,Salaried,Graduate,Married,North,513,998784,20,0,1
C03429,44,473569,Self-Employed,Graduate,Married,East,690,1285789,3,0,0
C03430,55,337625,Salaried,Not Graduate,Single,West,605,173319,1,1,0
C03431,50,773799,Self-Employed,Graduate,Married,West,892,942078,1,0,0
C03432,50,350921,Self-Employed,Graduate,Single,South,598,269015,2,0,0
C03433,55,318360,Salaried,Graduate,Married,West,610,1559686,3,1,1
C03434,39,656691,Salaried,Graduate,Married,West,571,1911591,3,0,1
C03435,28,472402,Business,Graduate,Married,Central,765,1871969,10,1,0
C03436,46,815062,Salaried,Graduate,Married,East,616,1717106,1,1,1
C03437,60,430111,Self-Employed,Not Graduate,Married,West,584,973864,20,1,0
C03438,27,330085,Salaried,Graduate,Single,East,713,628256,5,3,0
C03439,50,500635,Salaried,Graduate,Married,West,525,709103,20,0,0
C03440,27,361700,Business,Not Graduate,Married,South,706,1498951,10,3,0
C03441,23,334413,Salaried,Graduate,Married,South,810,213223,10,0,0
C03442,21,643289,Self-Employed,Graduate,Single,East,700,181590,10,1,0
C03443,56,1008727,Salaried,Graduate,Married,East,707,328796,2,1,0
C03444,45,395969,Salaried,Not Graduate,Married,East,728,1570253,2,0,1
C03445,57,285319,Business,Graduate,Single,East,803,1735978,10,4,0
C03446,21,412893,Self-Employed,Not Graduate,Married,North,758,295615,15,1,0
C03447,35,557746,Business,Graduate,Single,South,689,825492,5,4,1
C03448,57,496761,Business,Graduate,Married,West,731,1038515,3,0,0
C03449,33,757216,Business,Graduate,Married,North,570,1463209,3,1,1
C03450,60,596772,Business,Graduate,Married,East,719,284537,1,1,0
C03451,28,269268,Salaried,Graduate,Married,West,559,1271996,3,1,1
C03452,25,354338,Business,Graduate,Single,South,616,780782,20,1,0
C03453,29,237666,Salaried,Graduate,Married,East,372,1175577,3,0,1
C03454,21,740518,Salaried,Not Graduate,Single,Central,686,1610345,5,2,0
C03455,56,180529,Salaried,Graduate,Married,East,592,126757,3,0,1
C03456,55,248326,Salaried,Graduate,Single,West,750,1647259,20,0,0
C03457,22,351402,Self-Employed,Not Graduate,Married,South,685,183407,5,3,1
C03458,60,570211,Salaried,Graduate,Married,East,751,1724842,2,0,1
C03459,43,349848,Salaried,Graduate,Married,South,552,1561904,5,1,0
C03460,29,375362,Salaried,Graduate,Married,North,743,294348,2,0,0
C03461,54,378704,Salaried,Graduate,Single,Central,839,705860,5,0,0
C03462,34,478184,Self-Employed,Not Graduate,Married,North,718,1747405,10,0,0
C03463,24,255446,Salaried,Graduate,Married,Central,721,1321859,20,0,0
C03464,50,288881,Salaried,Graduate,Single,North,665,1893091,15,0,0
C03465,51,942617,Salaried,Graduate,Married,South,602,418742,2,0,0
C03466,58,530237,Salaried,Graduate,Married,South,718,262328,2,0,0
C03467,31,623031,Self-Employed,Graduate,Single,North,514,448759,3,1,0
C03468,55,454118,Salaried,Graduate,Single,West,612,1084938,2,0,1
C03469,28,415348,Salaried,Graduate,Single,North,490,757597,5,0,1
C03470,23,543458,Salaried,Graduate,Single,East,586,1456891,10,1,1
C03471,34,613801,Salaried,Not Graduate,Single,West,707,1743287,10,2,0
C03472,33,647409,Business,Not Graduate,Married,South,695,795076,3,0,0
C03473,52,417921,Salaried,Graduate,Single,North,654,580901,5,0,0
C03474,54,680048,Business,Graduate,Single,West,665,946465,5,2,0
C03475,39,145830,Self-Employed,Graduate,Single,East,480,1296511,1,0,1
C03476,58,661013,Salaried,Graduate,Married,Central,616,1008044,2,0,0
C03477,36,365087,Business,Graduate,Married,South,588,912634,3,0,0
C03478,22,567514,Self-Employed,Not Graduate,Married,West,590,1620925,10,1,1
C03479,60,330315,Self-Employed,Not Graduate,Married,West,703,135666,20,1,0
C03480,37,243528,Salaried,Graduate,Married,West,572,596356,15,0,0
C03481,54,515486,Self-Employed,Graduate,Single,North,595,885489,1,1,1
C03482,62,225102,Salaried,Not Graduate,Single,South,462,855378,5,0,1
C03483,36,369588,Salaried,Graduate,Single,South,623,725907,2,1,1
C03484,58,306939,Business,Graduate,Single,North,552,659525,10,0,0
C03485,22,408903,Business,Graduate,Single,North,657,1084628,20,1,0
C03486,22,633328,Salaried,Graduate,Married,North,564,317913,1,1,0
C03487,46,354892,Self-Employed,Not Graduate,Single,East,659,1778819,5,1,0
C03488,33,509690,Self-Employed,Graduate,Married,West,636,1684204,10,0,0
C03489,51,617050,Salaried,Not Graduate,Married,East,800,1177775,10,1,0
C03490,54,336628,Salaried,Graduate,Married,South,694,1202798,5,1,0
C03491,59,338832,Salaried,Not Graduate,Single,North,484,1083281,5,1,1
C03492,23,819293,Self-Employed,Graduate,Married,West,536,283931,3,0,0
C03493,28,426887,Business,Not Graduate,Married,Central,654,216234,10,0,0
C03494,43,556327,Salaried,Not Graduate,Married,West,566,531604,5,0,0
C03495,34,554433,Self-Employed,Graduate,Married,Central,382,83434,15,0,0
C03496,47,258049,Self-Employed,Graduate,Married,West,771,858534,20,0,0
C03497,49,314143,Self-Employed,Not Graduate,Single,North,714,1120112,20,4,0
C03498,59,523821,Salaried,Graduate,Single,Central,696,1831827,15,0,0
C03499,59,174504,Salaried,Graduate,Single,Central,595,773130,20,1,0
C03500,21,402285,Business,Not Graduate,Married,South,688,1203215,1,0,1
C03501,37,299725,Salaried,Graduate,Single,West,586,493604,20,1,0
C03502,61,729217,Salaried,Not Graduate,Single,East,668,1673639,2,0,0
C03503,50,516976,Business,Graduate,Married,East,567,605435,20,0,0
C03504,33,756199,Salaried,Graduate,Single,South,786,1411246,15,0,0
C03505,41,434692,Business,Graduate,Married,South,508,1253307,3,1,1
C03506,39,420310,Salaried,Not Graduate,Married,South,760,1863743,5,1,1
C03507,39,385687,Salaried,Graduate,Single,North,653,154663,2,2,0
C03508,45,352786,Salaried,Not Graduate,Single,North,605,1836032,3,0,1
C03509,42,1480803,Salaried,Graduate,Married,North,665,1997188,10,2,0
C03510,51,636173,Salaried,Not Graduate,Married,North,716,1484953,2,0,0
C03511,37,273816,Self-Employed,Graduate,Married,South,773,73088,15,0,0
C03512,43,1450891,Salaried,Graduate,Single,South,678,1167040,3,0,0
C03513,52,368707,Business,Graduate,Single,North,569,1990929,5,0,0
C03514,30,511201,Salaried,Graduate,Single,North,655,896430,5,1,1
C03515,30,675236,Salaried,Graduate,Married,Central,813,1925390,20,2,0
C03516,56,221443,Salaried,Not Graduate,Single,West,771,1388904,3,0,1
C03517,28,304888,Self-Employed,Not Graduate,Single,Central,731,201171,10,1,0
C03518,40,928823,Salaried,Graduate,Married,West,721,1037314,20,0,0
C03519,52,399842,Salaried,Graduate,Married,North,712,1844442,15,0,0
C03520,34,693427,Business,Graduate,Single,North,754,1845216,3,2,0
C03521,48,360749,Salaried,Not Graduate,Married,North,608,1136315,1,0,1
C03522,44,423887,Salaried,Graduate,Married,Central,528,1238037,3,0,0
C03523,35,987928,Salaried,Graduate,Married,South,656,67352,3,2,0
C03524,42,538681,Self-Employed,Graduate,Married,West,576,176788,15,0,0
C03525,50,378820,Salaried,Graduate,Married,Central,555,464364,5,1,0
C03526,24,325294,Business,Graduate,Married,North,585,1654692,20,0,0
C03527,33,338966,Self-Employed,Graduate,Married,South,873,642328,10,1,0
C03528,43,773516,Self-Employed,Not Graduate,Married,Central,662,1026124,20,1,0
C03529,28,624354,Salaried,Not Graduate,Married,West,682,1454999,3,1,0
C03530,38,263839,Business,Not Graduate,Married,North,539,1193006,2,1,1
C03531,32,460114,Salaried,Graduate,Married,West,484,1850467,5,0,1
C03532,51,429309,Self-Employed,Not Graduate,Single,North,576,500330,5,0,0
C03533,34,510038,Salaried,Not Graduate,Single,North,779,1008215,3,0,0
C03534,54,337187,Self-Employed,Graduate,Married,East,680,690245,15,0,0
C03535,38,725062,Salaried,Not Graduate,Married,West,703,592036,2,0,0
C03536,54,442146,Salaried,Not Graduate,Married,South,716,1711500,3,1,1
C03537,31,523371,Business,Not Graduate,Married,North,596,1787627,2,0,1
C03538,61,310795,Salaried,Not Graduate,Single,South,774,165158,5,2,0
C03539,32,317921,Salaried,Not Graduate,Married,Central,593,1318165,2,0,1
C03540,35,1462824,Self-Employed,Not Graduate,Married,North,776,1294930,20,0,0
C03541,51,994540,Self-Employed,Graduate,Single,North,689,1852180,3,0,0
C03542,49,428756,Salaried,Not Graduate,Single,North,488,765720,1,1,0
C03543,46,881915,Salaried,Not Graduate,Single,South,582,1370966,1,2,1
C03544,38,763548,Business,Graduate,Single,East,489,291851,2,0,0
C03545,52,333919,Self-Employed,Graduate,Single,West,754,109395,15,2,0
C03546,42,319266,Salaried,Graduate,Married,North,647,1786422,3,1,1
C03547,58,597736,Business,Not Graduate,Married,West,449,1522132,10,2,0
C03548,37,497339,Salaried,Graduate,Married,West,683,1052378,1,1,1
C03549,43,369201,Salaried,Graduate,Married,West,601,1411020,5,2,0
C03550,44,612039,Salaried,Graduate,Married,South,516,1494878,20,2,0
C03551,28,231163,Salaried,Not Graduate,Single,West,801,272143,3,1,0
C03552,61,465911,Business,Not Graduate,Single,Central,659,836401,3,0,0
C03553,26,253339,Salaried,Graduate,Single,South,623,851292,20,2,0
C03554,25,257121,Salaried,Graduate,Married,South,614,591301,1,1,1
C03555,64,321887,Business,Not Graduate,Married,Central,513,450623,20,1,0
C03556,49,520986,Salaried,Graduate,Single,East,532,1656406,20,0,0
C03557,48,326486,Self-Employed,Graduate,Married,East,765,1123511,10,2,0
C03558,31,255723,Salaried,Not Graduate,Married,North,607,550229,20,1,0
C03559,21,548401,Self-Employed,Graduate,Married,East,651,623367,5,2,0
C03560,63,866083,Salaried,Graduate,Married,North,466,84111,10,3,0
C03561,39,589766,Salaried,Not Graduate,Single,West,531,892982,5,1,0
C03562,29,995309,Self-Employed,Graduate,Single,North,704,256769,1,0,0
C03563,47,834118,Self-Employed,Graduate,Married,East,683,532333,3,1,0
C03564,54,355278,Self-Employed,Graduate,Married,North,807,1589605,5,0,0
C03565,64,587993,Self-Employed,Not Graduate,Married,South,770,268008,3,2,0
C03566,24,424541,Salaried,Graduate,Single,East,629,1961963,2,0,1
C03567,56,713505,Salaried,Graduate,Married,North,692,90565,2,0,0
C03568,38,424507,Self-Employed,Graduate,Married,East,621,1117859,1,1,1
C03569,35,310235,Self-Employed,Graduate,Single,Central,834,1951478,1,1,1
C03570,33,820798,Self-Employed,Not Graduate,Single,East,753,1329938,15,1,0
C03571,39,510429,Self-Employed,Not Graduate,Married,Central,665,661204,1,0,1
C03572,26,328210,Salaried,Not Graduate,Single,North,668,1178128,2,0,1
C03573,32,353476,Salaried,Graduate,Single,Central,780,1088734,5,1,0
C03574,57,327268,Salaried,Graduate,Single,East,702,88233,20,0,0
C03575,37,281873,Business,Not Graduate,Married,South,790,1619986,20,0,1
C03576,43,356866,Self-Employed,Graduate,Married,Central,452,334839,20,0,0
C03577,46,523273,Self-Employed,Graduate,Single,East,691,1057992,10,1,0
C03578,49,455352,Salaried,Graduate,Married,South,603,1749304,20,0,0
C03579,53,363233,Salaried,Not Graduate,Married,West,808,223806,1,1,0
C03580,47,867159,Business,Not Graduate,Single,Central,789,393401,20,1,0
C03581,45,179013,Business,Graduate,Married,Central,652,837937,10,1,0
C03582,30,507758,Salaried,Not Graduate,Married,North,788,1016212,10,0,0
C03583,43,414885,Self-Employed,Not Graduate,Married,West,810,355758,2,1,0
C03584,41,285906,Salaried,Graduate,Married,North,656,1099586,15,1,0
C03585,41,521260,Salaried,Graduate,Married,North,872,294300,5,0,0
C03586,63,400758,Self-Employed,Graduate,Single,East,647,1603578,2,2,1
C03587,33,775437,Self-Employed,Not Graduate,Single,North,630,1753424,1,1,1
C03588,57,653847,Self-Employed,Graduate,Married,Central,727,200933,2,0,0
C03589,53,1043153,Salaried,Graduate,Married,North,618,1515917,2,1,1
C03590,44,355936,Salaried,Not Graduate,Married,South,657,829470,2,0,0
C03591,64,829393,Salaried,Graduate,Single,Central,776,714729,1,0,0
C03592,31,261807,Salaried,Graduate,Single,East,651,1954401,1,1,1
C03593,37,420926,Salaried,Not Graduate,Married,North,497,732031,2,1,0
C03594,24,358842,Salaried,Graduate,Single,South,683,1042904,2,0,1
C03595,45,580183,Salaried,Graduate,Single,South,587,1163088,10,1,0
C03596,50,573907,Salaried,Graduate,Married,Central,727,1196602,5,0,0
C03597,29,294997,Self-Employed,Not Graduate,Married,North,712,1174232,10,0,0
C03598,41,594922,Self-Employed,Graduate,Married,South,782,1839695,15,1,0
C03599,40,372793,Self-Employed,Graduate,Single,North,731,409830,5,2,0
C03600,39,306337,Salaried,Graduate,Single,Central,748,1273786,15,2,0
C03601,39,440074,Salaried,Graduate,Married,West,589,1283068,5,0,1
C03602,32,227617,Salaried,Graduate,Married,South,722,1035593,2,0,1
C03603,57,672722,Salaried,Graduate,Married,East,827,327633,10,0,0
C03604,62,431477,Salaried,Graduate,Married,North,588,109789,5,1,1
C03605,37,435745,Salaried,Graduate,Married,Central,811,1692789,15,2,0
C03606,57,425395,Self-Employed,Not Graduate,Single,Central,600,1410423,5,1,0
C03607,59,928274,Business,Not Graduate,Single,East,573,1579278,1,0,1
C03608,48,876327,Salaried,Graduate,Single,West,676,1175201,5,1,1
C03609,61,812476,Business,Graduate,Married,North,714,1992543,20,1,0
C03610,55,425802,Salaried,Graduate,Single,West,732,1874382,2,0,1
C03611,38,267792,Self-Employed,Not Graduate,Single,Central,563,1812164,3,1,1
C03612,34,439243,Self-Employed,Not Graduate,Married,South,689,571564,1,1,0
C03613,55,509650,Business,Not Graduate,Single,West,588,577339,3,0,0
C03614,64,637732,Salaried,Graduate,Single,South,515,219162,2,0,0
C03615,61,508912,Salaried,Graduate,Married,East,566,1651669,20,0,0
C03616,27,278751,Salaried,Graduate,Married,Central,582,1717842,3,1,1
C03617,61,347688,Salaried,Graduate,Married,South,696,880989,5,1,0
C03618,33,333780,Business,Graduate,Married,North,753,445771,3,1,0
C03619,38,563867,Self-Employed,Graduate,Single,Central,517,1673105,10,1,0
C03620,57,570129,Self-Employed,Not Graduate,Married,East,681,1045807,2,0,0
C03621,33,604758,Salaried,Not Graduate,Married,North,544,1226414,10,0,0
C03622,56,506594,Business,Graduate,Single,Central,706,640282,3,0,0
C03623,51,175143,Salaried,Not Graduate,Married,West,593,426149,20,0,1
C03624,22,203488,Salaried,Not Graduate,Single,Central,555,852498,10,0,0
C03625,36,415366,Business,Graduate,Single,North,721,710081,1,0,1
C03626,29,462376,Salaried,Not Graduate,Married,South,597,1962990,3,0,1
C03627,29,777741,Salaried,Graduate,Single,South,621,842736,15,0,0
C03628,58,458175,Salaried,Graduate,Single,Central,450,1341517,10,0,0
C03629,31,285164,Self-Employed,Not Graduate,Single,Central,735,1665831,5,0,1
C03630,42,595987,Self-Employed,Not Graduate,Single,East,723,805584,3,0,1
C03631,53,438992,Salaried,Not Graduate,Married,West,650,390907,20,1,0
C03632,56,369193,Self-Employed,Graduate,Married,East,512,1925470,15,1,0
C03633,43,213935,Self-Employed,Graduate,Married,East,758,1694698,20,0,1
C03634,54,459702,Business,Graduate,Married,South,590,423167,1,0,0
C03635,29,490395,Self-Employed,Graduate,Married,South,609,692059,5,1,0
C03636,44,282584,Self-Employed,Graduate,Single,North,858,125842,3,0,0
C03637,28,618443,Self-Employed,Graduate,Single,East,586,52589,20,3,1
C03638,27,594014,Salaried,Graduate,Single,North,716,437167,5,0,0
C03639,56,452259,Salaried,Not Graduate,Married,Central,700,1528870,3,0,0
C03640,38,444753,Salaried,Graduate,Married,North,685,1330193,3,0,0
C03641,23,677196,Salaried,Graduate,Married,South,675,104918,2,1,0
C03642,48,521982,Salaried,Graduate,Married,East,683,57711,10,1,0
C03643,26,322540,Salaried,Not Graduate,Married,South,674,1316548,3,0,1
C03644,64,404763,Salaried,Graduate,Single,Central,645,371574,1,0,0
C03645,64,568400,Salaried,Graduate,Married,West,786,768687,15,0,0
C03646,41,177274,Salaried,Graduate,Married,East,531,1328890,10,2,1
C03647,48,290922,Self-Employed,Graduate,Married,South,741,800506,2,1,1
C03648,60,601367,Business,Graduate,Single,West,724,939037,10,1,0
C03649,21,762223,Salaried,Graduate,Married,Central,712,1626834,10,1,0
C03650,56,700445,Salaried,Graduate,Married,West,750,308989,3,0,0
C03651,41,661312,Salaried,Not Graduate,Single,South,641,1430255,1,0,1
C03652,63,469012,Salaried,Graduate,Married,South,481,923002,3,1,0
C03653,55,278449,Salaried,Graduate,Single,Central,643,171315,20,0,0
C03654,33,404950,Self-Employed,Graduate,Single,Central,560,1003680,1,0,1
C03655,30,180417,Salaried,Graduate,Married,West,584,1472831,20,1,1
C03656,64,794362,Self-Employed,Not Graduate,Single,West,538,353874,1,3,1
C03657,30,306293,Self-Employed,Graduate,Married,South,607,1573960,5,1,1
C03658,33,348012,Salaried,Graduate,Married,Central,596,1767321,3,1,1
C03659,57,712388,Salaried,Graduate,Married,North,436,1221828,20,1,0
C03660,58,213932,Salaried,Graduate,Married,Central,713,1235598,2,1,1
C03661,44,259048,Salaried,Not Graduate,Single,East,849,1855166,15,1,0
C03662,22,499112,Salaried,Not Graduate,Married,East,704,1303159,10,0,0
C03663,42,559148,Business,Graduate,Married,Central,631,1020513,5,0,0
C03664,37,428366,Business,Not Graduate,Married,West,645,1054354,20,1,1
C03665,56,434700,Business,Graduate,Married,East,612,992781,2,1,0
C03666,34,782907,Salaried,Graduate,Married,South,658,732121,15,2,0
C03667,30,589095,Salaried,Graduate,Married,South,646,245507,15,1,0
C03668,55,554336,Salaried,Graduate,Married,South,574,113944,3,1,0
C03669,45,627212,Salaried,Graduate,Married,Central,801,515718,1,0,0
C03670,23,386440,Salaried,Graduate,Married,East,516,1206013,20,1,0
C03671,58,1176347,Self-Employed,Not Graduate,Single,West,714,1225370,3,0,0
C03672,37,156625,Salaried,Graduate,Married,South,640,384267,15,0,0
C03673,32,852615,Business,Graduate,Married,West,821,335024,3,0,0
C03674,44,663940,Business,Not Graduate,Married,South,680,1038131,5,0,1
C03675,49,494711,Salaried,Not Graduate,Single,Central,617,1533545,20,2,0
C03676,63,458636,Business,Graduate,Married,South,627,1064170,2,0,0
C03677,45,412503,Salaried,Graduate,Married,Central,653,924261,15,1,0
C03678,56,726903,Salaried,Graduate,Single,East,547,706921,20,1,0
C03679,46,434547,Self-Employed,Graduate,Married,East,580,103205,5,0,0
C03680,58,318842,Salaried,Graduate,Married,West,489,156948,2,1,0
C03681,21,663903,Business,Graduate,Married,South,566,1420530,5,1,0
C03682,40,902699,Self-Employed,Graduate,Single,East,658,425233,10,0,0
C03683,48,185864,Business,Not Graduate,Married,North,677,1687346,1,2,1
C03684,36,1277852,Business,Graduate,Single,North,471,1429912,1,1,1
C03685,37,277470,Salaried,Graduate,Married,West,637,661442,1,1,1
C03686,60,287180,Salaried,Graduate,Single,East,700,1708930,10,1,0
C03687,48,252659,Salaried,Graduate,Married,Central,635,268480,15,1,0
C03688,32,442582,Salaried,Graduate,Single,North,592,565985,15,1,0
C03689,47,248730,Salaried,Graduate,Married,East,612,1782266,10,0,1
C03690,62,262703,Business,Graduate,Married,Central,601,1507931,1,0,1
C03691,50,324536,Salaried,Not Graduate,Married,South,592,178514,1,0,0
C03692,61,470854,Business,Not Graduate,Single,East,665,869409,2,0,1
C03693,54,491729,Self-Employed,Graduate,Single,South,857,54983,2,0,0
C03694,57,773390,Salaried,Graduate,Married,North,583,745269,3,2,0
C03695,26,765410,Salaried,Graduate,Single,South,621,1075926,20,0,0
C03696,27,701569,Salaried,Graduate,Single,North,645,1294128,20,0,0
C03697,52,393278,Salaried,Graduate,Married,West,588,1409749,20,0,0
C03698,52,193197,Salaried,Graduate,Married,West,748,1775265,5,1,1
C03699,45,191282,Salaried,Graduate,Single,North,436,1745532,2,1,1
C03700,53,699400,Self-Employed,Not Graduate,Married,Central,602,217806,2,1,0
C03701,27,646733,Salaried,Not Graduate,Married,West,723,1927845,2,0,1
C03702,32,335200,Self-Employed,Not Graduate,Single,Central,623,779714,2,2,0
C03703,36,231345,Business,Graduate,Married,Central,576,1306102,10,0,1
C03704,36,276172,Salaried,Graduate,Single,Central,689,1337602,3,1,1
C03705,63,478596,Salaried,Not Graduate,Single,East,731,691800,2,0,0
C03706,56,478998,Self-Employed,Not Graduate,Single,East,668,116786,15,0,0
C03707,33,707249,Business,Graduate,Single,Central,577,316902,5,4,0
C03708,27,361255,Salaried,Not Graduate,Married,North,691,1463387,20,1,0
C03709,56,396401,Salaried,Not Graduate,Single,West,613,1559491,2,3,0
C03710,29,734095,Salaried,Graduate,Married,South,717,1730983,10,0,0
C03711,52,170026,Salaried,Graduate,Married,East,783,1460877,15,0,0
C03712,31,510350,Salaried,Graduate,Married,East,415,132673,20,1,0
C03713,28,380635,Salaried,Not Graduate,Married,South,659,1458359,1,1,1
C03714,53,609711,Self-Employed,Graduate,Married,Central,493,202904,1,0,1
C03715,43,557196,Salaried,Graduate,Single,South,869,969372,20,1,0
C03716,45,323404,Salaried,Not Graduate,Married,Central,607,309111,3,0,0
C03717,28,352110,Salaried,Not Graduate,Married,East,717,689157,1,1,1
C03718,42,157017,Business,Graduate,Single,South,646,1542457,2,0,1
C03719,24,620013,Salaried,Graduate,Married,North,577,1343520,20,0,0
C03720,60,492819,Business,Graduate,Married,West,567,485078,10,1,0
C03721,23,830124,Salaried,Not Graduate,Single,West,792,331872,3,1,0
C03722,49,369634,Salaried,Not Graduate,Married,West,736,1988550,15,0,0
C03723,61,667604,Salaried,Not Graduate,Single,South,824,1978573,2,0,0
C03724,49,273356,Self-Employed,Graduate,Single,Central,654,483073,1,0,1
C03725,54,130985,Salaried,Graduate,Married,East,675,1519975,5,1,1
C03726,54,423991,Self-Employed,Not Graduate,Married,West,625,531537,2,1,0
C03727,48,342831,Self-Employed,Not Graduate,Single,South,624,1882418,5,0,1
C03728,33,275717,Self-Employed,Graduate,Married,West,556,1510732,15,0,0
C03729,35,662746,Salaried,Not Graduate,Married,Central,657,699307,5,0,0
C03730,43,762006,Business,Graduate,Married,North,578,1497072,15,0,0
C03731,64,463907,Salaried,Graduate,Single,North,689,1201124,3,2,1
C03732,46,407528,Salaried,Graduate,Married,East,665,445380,10,0,0
C03733,24,455075,Salaried,Not Graduate,Married,North,675,1482009,1,0,1
C03734,46,329780,Self-Employed,Not Graduate,Married,North,800,535940,1,0,1
C03735,60,569872,Salaried,Graduate,Married,South,646,1867389,2,0,1
C03736,29,221301,Salaried,Graduate,Married,South,718,1489788,20,1,0
C03737,25,272969,Salaried,Graduate,Single,East,834,391768,1,2,1
C03738,52,309877,Salaried,Graduate,Married,East,767,1772341,3,1,1
C03739,40,564451,Salaried,Graduate,Single,South,753,1625685,1,0,1
C03740,31,386110,Salaried,Not Graduate,Single,North,622,367234,2,1,0
C03741,35,816004,Salaried,Not Graduate,Single,Central,670,1514308,1,1,1
C03742,52,635069,Salaried,Graduate,Married,North,531,1931462,10,0,0
C03743,48,308509,Business,Graduate,Single,North,694,1272178,15,0,0
C03744,42,588339,Salaried,Not Graduate,Single,Central,674,1202849,5,1,0
C03745,61,368172,Salaried,Graduate,Single,East,652,306196,5,0,0
C03746,37,547397,Salaried,Not Graduate,Single,South,742,1989480,15,0,0
C03747,46,649071,Self-Employed,Not Graduate,Married,East,541,273626,5,0,0
C03748,64,730600,Salaried,Graduate,Married,East,797,260704,10,2,0
C03749,27,484517,Salaried,Not Graduate,Single,East,731,286579,3,3,0
C03750,62,908959,Salaried,Graduate,Single,South,643,992302,2,0,0
C03751,46,539604,Business,Graduate,Married,East,636,444079,10,2,0
C03752,45,470134,Self-Employed,Graduate,Married,East,693,590436,2,1,0
C03753,30,386106,Salaried,Not Graduate,Married,West,786,136545,3,2,0
C03754,39,333004,Salaried,Graduate,Single,North,659,1153035,10,0,0
C03755,31,534425,Salaried,Not Graduate,Married,West,662,788705,1,0,1
C03756,33,462934,Salaried,Not Graduate,Married,South,651,1969232,20,3,1
C03757,28,497510,Self-Employed,Not Graduate,Married,Central,810,378333,3,1,0
C03758,60,549264,Salaried,Graduate,Single,Central,616,1615831,5,0,0
C03759,24,496565,Self-Employed,Graduate,Single,West,647,451345,10,0,1
C03760,51,1094691,Salaried,Not Graduate,Married,West,781,141954,3,1,0
C03761,48,348856,Self-Employed,Not Graduate,Single,West,663,1908126,3,0,1
C03762,31,537418,Salaried,Not Graduate,Single,North,752,1754379,10,0,0
C03763,63,399327,Salaried,Graduate,Married,South,567,994545,5,0,0
C03764,21,146142,Self-Employed,Graduate,Married,East,631,663667,15,1,1
C03765,58,405524,Salaried,Not Graduate,Married,West,783,333197,5,2,0
C03766,44,290272,Self-Employed,Not Graduate,Married,North,589,932816,3,1,1
C03767,51,429308,Business,Graduate,Married,Central,636,546626,2,1,0
C03768,61,437188,Salaried,Graduate,Married,Central,673,1266852,15,1,0
C03769,46,526186,Business,Graduate,Married,Central,560,1796176,15,0,0
C03770,25,348508,Salaried,Not Graduate,Married,West,612,282415,3,0,0
C03771,40,368688,Salaried,Not Graduate,Married,Central,660,963107,10,0,0
C03772,61,606410,Self-Employed,Graduate,Single,Central,654,1454469,10,0,0
C03773,31,307405,Self-Employed,Not Graduate,Married,Central,765,504318,10,2,0
C03774,53,193434,Salaried,Not Graduate,Single,East,788,1237939,5,1,0
C03775,58,474807,Self-Employed,Graduate,Married,Central,572,1862518,1,0,1
C03776,47,716319,Business,Graduate,Single,North,660,328429,10,2,0
C03777,54,603276,Salaried,Graduate,Married,West,710,1059926,10,0,0
C03778,35,478766,Business,Not Graduate,Single,East,786,373733,15,1,0
C03779,52,776685,Self-Employed,Not Graduate,Married,East,714,63944,2,1,0
C03780,41,719928,Business,Graduate,Single,West,676,675329,2,1,0
C03781,25,381203,Salaried,Graduate,Married,Central,709,1973884,3,1,1
C03782,26,494540,Self-Employed,Graduate,Married,Central,710,931993,3,0,1
C03783,58,504189,Salaried,Not Graduate,Single,South,566,1677255,3,1,1
C03784,42,425475,Business,Not Graduate,Single,Central,667,51607,10,0,0
C03785,38,737050,Self-Employed,Graduate,Married,North,781,1358890,2,0,1
C03786,34,413137,Salaried,Not Graduate,Married,Central,631,1101529,3,1,0
C03787,30,353229,Salaried,Not Graduate,Single,West,661,1667805,2,0,1
C03788,33,137834,Business,Graduate,Single,Central,628,1825405,10,0,1
C03789,51,308897,Self-Employed,Graduate,Married,West,441,1044426,15,1,0
C03790,50,244766,Salaried,Graduate,Single,East,651,898115,10,1,1
C03791,23,434443,Salaried,Graduate,Married,South,677,1605317,3,1,1
C03792,50,251661,Business,Graduate,Married,East,603,1824154,10,1,0
C03793,26,581815,Salaried,Graduate,Single,West,546,1080661,10,0,0
C03794,49,728539,Salaried,Graduate,Married,South,570,946020,2,2,1
C03795,28,436253,Business,Graduate,Married,East,718,1088525,1,1,1
C03796,64,284131,Salaried,Graduate,Married,Central,827,1371874,5,0,0
C03797,63,503269,Salaried,Graduate,Married,Central,774,961974,3,0,0
C03798,64,1037229,Salaried,Not Graduate,Married,South,529,1762983,20,3,0
C03799,53,901771,Business,Graduate,Married,East,726,1711393,1,0,1
C03800,37,234982,Salaried,Graduate,Married,North,590,1305522,15,0,0
C03801,31,231091,Self-Employed,Graduate,Single,North,597,1637187,20,1,0
C03802,33,205912,Business,Graduate,Single,North,608,1398413,3,0,1
C03803,31,265231,Salaried,Graduate,Married,East,713,764090,1,2,1
C03804,51,495447,Business,Graduate,Married,East,736,1359668,10,0,0
C03805,48,344375,Salaried,Graduate,Single,East,641,401314,3,0,0
C03806,64,303336,Self-Employed,Graduate,Married,West,642,1518084,1,2,1
C03807,26,706161,Salaried,Not Graduate,Married,North,691,1595879,5,1,0
C03808,61,561598,Self-Employed,Graduate,Single,North,701,619399,10,0,0
C03809,36,205434,Salaried,Graduate,Single,North,755,1042957,3,0,1
C03810,24,688159,Salaried,Graduate,Single,West,534,518897,15,0,0
C03811,55,555550,Business,Not Graduate,Married,West,651,1324901,15,1,0
C03812,46,561135,Salaried,Graduate,Married,East,553,351635,3,0,0
C03813,32,342246,Business,Not Graduate,Single,North,645,1672200,1,2,1
C03814,31,406652,Salaried,Graduate,Married,North,629,1115481,3,1,0
C03815,57,182093,Salaried,Not Graduate,Married,Central,645,1128849,20,2,0
C03816,45,653530,Business,Graduate,Married,Central,578,1223767,10,0,0
C03817,38,282231,Salaried,Graduate,Single,Central,516,1476656,2,2,1
C03818,39,299005,Business,Not Graduate,Married,West,461,1255882,15,0,0
C03819,43,297192,Salaried,Graduate,Single,East,638,1308533,1,1,1
C03820,58,994684,Salaried,Graduate,Single,South,611,116538,5,0,0
C03821,38,327447,Self-Employed,Graduate,Single,North,589,1203146,3,0,1
C03822,46,676046,Salaried,Not Graduate,Single,Central,769,737933,10,0,0
C03823,26,437662,Salaried,Graduate,Married,North,572,1978347,3,0,1
C03824,24,304644,Self-Employed,Graduate,Married,North,777,312025,5,1,0
C03825,64,280778,Salaried,Graduate,Married,North,796,1481852,10,4,0
C03826,49,333372,Salaried,Not Graduate,Single,East,474,245392,5,0,0
C03827,54,427834,Business,Not Graduate,Married,North,658,1227569,10,0,0
C03828,37,579999,Business,Graduate,Married,East,614,847762,2,0,0
C03829,63,357916,Salaried,Graduate,Single,South,387,1321688,15,0,0
C03830,63,351939,Salaried,Graduate,Single,South,519,1310164,10,2,1
C03831,36,297592,Self-Employed,Not Graduate,Married,West,719,1957561,5,1,1
C03832,22,258507,Salaried,Graduate,Single,North,831,1795289,1,0,1
C03833,54,248957,Salaried,Graduate,Married,Central,731,197083,15,1,0
C03834,28,690114,Business,Graduate,Married,West,679,1182113,20,0,0
C03835,33,348719,Salaried,Graduate,Single,West,648,635273,2,2,0
C03836,62,362897,Self-Employed,Graduate,Married,South,801,1639908,3,1,1
C03837,28,327755,Business,Graduate,Single,Central,843,481508,2,0,0
C03838,50,383622,Self-Employed,Graduate,Single,North,597,696592,2,2,0
C03839,52,522815,Business,Not Graduate,Single,North,470,186322,3,2,0
C03840,56,355366,Salaried,Graduate,Married,South,461,308116,10,2,1
C03841,50,479899,Salaried,Graduate,Single,East,768,1908297,2,1,1
C03842,21,837514,Business,Graduate,Married,South,645,83087,15,0,0
C03843,63,305942,Salaried,Graduate,Single,Central,666,1174528,2,1,1
C03844,59,363029,Self-Employed,Graduate,Single,East,488,1844631,1,1,1
C03845,37,590353,Salaried,Not Graduate,Single,Central,582,86368,15,1,0
C03846,40,867857,Self-Employed,Graduate,Married,North,623,1743512,1,3,1
C03847,44,252953,Salaried,Graduate,Married,East,668,907247,15,1,0
C03848,42,205795,Salaried,Not Graduate,Married,Central,614,1189269,5,0,1
C03849,49,442292,Salaried,Graduate,Single,North,556,1552832,3,0,0
C03850,42,422208,Self-Employed,Not Graduate,Single,Central,579,633188,15,1,0
C03851,64,606267,Salaried,Not Graduate,Married,East,758,1900502,15,0,0
C03852,29,566029,Self-Employed,Not Graduate,Single,North,672,1477206,10,0,0
C03853,57,435703,Salaried,Graduate,Single,Central,705,750526,10,2,0
C03854,30,709380,Salaried,Not Graduate,Single,West,569,272182,5,1,0
C03855,56,325638,Self-Employed,Graduate,Married,East,384,206405,10,0,0
C03856,57,486606,Salaried,Not Graduate,Married,East,602,1918058,20,0,0
C03857,48,255999,Salaried,Graduate,Single,East,572,1720663,20,0,0
C03858,48,434105,Salaried,Not Graduate,Married,North,681,181016,10,1,0
C03859,62,229232,Self-Employed,Graduate,Married,East,900,1327723,20,2,0
C03860,63,267766,Business,Graduate,Single,Central,712,1711121,1,0,1
C03861,41,954796,Salaried,Not Graduate,Single,West,896,98070,20,1,0
C03862,44,194649,Salaried,Graduate,Married,Central,701,1890174,10,0,1
C03863,62,401316,Salaried,Graduate,Married,Central,593,450337,10,0,0
C03864,60,641937,Self-Employed,Graduate,Single,East,681,720037,20,2,0
C03865,22,1202135,Salaried,Graduate,Married,West,810,761921,5,0,0
C03866,28,479109,Self-Employed,Graduate,Married,West,814,1064281,5,0,1
C03867,47,491589,Salaried,Graduate,Married,West,598,1573701,2,0,1
C03868,42,450385,Business,Graduate,Single,West,672,923841,10,0,1
C03869,57,711944,Salaried,Graduate,Single,South,521,1136240,10,1,0
C03870,47,537275,Business,Graduate,Married,West,724,966358,15,0,0
C03871,49,341536,Salaried,Not Graduate,Married,East,789,1606610,10,0,0
C03872,23,730862,Salaried,Not Graduate,Single,West,653,1886301,1,0,1
C03873,64,359336,Self-Employed,Not Graduate,Married,Central,589,989947,20,1,0
C03874,33,215491,Self-Employed,Not Graduate,Married,South,682,1597053,15,0,0
C03875,30,215799,Salaried,Not Graduate,Married,Central,687,361356,10,0,0
C03876,56,404141,Business,Graduate,Single,East,657,1051635,1,0,1
C03877,29,463410,Salaried,Not Graduate,Married,East,666,1173852,2,1,1
C03878,47,680125,Salaried,Not Graduate,Married,West,634,1897567,15,0,0
C03879,54,590288,Salaried,Graduate,Single,East,739,115231,20,0,0
C03880,21,458599,Salaried,Graduate,Single,South,716,1731141,20,1,0
C03881,52,697445,Self-Employed,Graduate,Single,Central,561,1268692,3,1,0
C03882,45,444956,Salaried,Graduate,Married,East,559,1382467,10,1,0
C03883,49,247528,Salaried,Not Graduate,Single,East,627,811816,15,1,0
C03884,27,224402,Salaried,Not Graduate,Married,South,716,1565301,20,1,0
C03885,23,786548,Salaried,Graduate,Married,North,663,1521921,5,0,0
C03886,40,161078,Business,Graduate,Married,North,592,1360757,15,0,0
C03887,40,404200,Business,Graduate,Married,South,673,1989302,5,0,0
C03888,50,1692651,Salaried,Graduate,Married,East,620,147847,10,1,0
C03889,55,543973,Salaried,Graduate,Single,South,729,1726606,1,2,1
C03890,55,402784,Business,Not Graduate,Married,South,679,827725,5,0,0
C03891,59,207314,Salaried,Not Graduate,Single,North,621,98503,15,2,0
C03892,47,916041,Salaried,Not Graduate,Single,West,670,864639,15,0,0
C03893,46,763923,Salaried,Not Graduate,Single,East,768,552376,20,1,0
C03894,34,602087,Salaried,Graduate,Married,Central,598,1393961,5,1,1
C03895,37,442301,Business,Graduate,Single,South,686,1456891,2,1,1
C03896,38,572292,Self-Employed,Graduate,Married,North,643,1768770,20,2,1
C03897,49,413792,Business,Graduate,Married,West,688,1572905,2,1,1
C03898,40,285510,Salaried,Graduate,Single,East,591,309966,2,0,0
C03899,47,680341,Salaried,Graduate,Married,South,659,953734,5,1,0
C03900,38,432442,Business,Graduate,Married,North,749,1781126,5,0,0
C03901,24,559542,Business,Graduate,Single,South,565,122832,15,0,0
C03902,21,418944,Self-Employed,Graduate,Married,Central,530,1382103,10,0,0
C03903,21,544606,Salaried,Graduate,Married,East,533,1864910,10,1,1
C03904,46,439537,Self-Employed,Graduate,Single,East,544,436435,1,0,0
C03905,40,424366,Salaried,Graduate,Single,East,703,813389,5,0,1
C03906,43,448424,Salaried,Graduate,Married,East,523,839106,20,1,1
C03907,30,1676789,Self-Employed,Not Graduate,Married,North,623,1474820,20,1,0
C03908,31,634811,Self-Employed,Graduate,Married,Central,705,1470089,10,0,0
C03909,61,1416537,Self-Employed,Graduate,Single,South,687,1645684,10,1,0
C03910,61,440803,Self-Employed,Not Graduate,Married,North,615,1838976,2,0,1
C03911,25,384971,Salaried,Graduate,Single,West,667,1517458,2,1,1
C03912,21,272831,Salaried,Graduate,Married,East,659,1142370,20,0,0
C03913,37,910231,Self-Employed,Not Graduate,Married,East,629,969580,20,0,1
C03914,42,294391,Salaried,Graduate,Married,South,631,1227120,2,1,1
C03915,54,998792,Salaried,Graduate,Single,East,851,87555,3,1,0
C03916,61,280047,Salaried,Graduate,Married,East,722,1809144,10,2,0
C03917,49,659341,Salaried,Graduate,Single,South,873,868838,2,1,0
C03918,24,216218,Business,Graduate,Single,Central,605,1553364,2,0,1
C03919,25,362623,Salaried,Graduate,Married,North,642,90262,5,1,0
C03920,31,446831,Salaried,Not Graduate,Married,Central,530,1976328,20,2,1
C03921,41,338110,Self-Employed,Graduate,Married,South,577,792021,15,0,0
C03922,55,409955,Salaried,Graduate,Married,East,821,1515008,2,1,0
C03923,32,410838,Business,Graduate,Single,East,603,511333,5,1,0
C03924,46,636105,Salaried,Graduate,Married,Central,822,1835072,1,1,1
C03925,39,172985,Business,Graduate,Married,West,538,342428,2,0,1
C03926,27,343411,Salaried,Graduate,Single,North,555,725531,15,1,1
C03927,27,778081,Salaried,Not Graduate,Married,East,619,1975635,5,1,0
C03928,46,569842,Salaried,Graduate,Married,South,644,473751,15,0,0
C03929,60,783932,Salaried,Graduate,Married,Central,733,139023,2,1,0
C03930,25,622472,Business,Graduate,Married,North,690,257012,1,0,0
C03931,41,271690,Salaried,Not Graduate,Single,West,612,214772,2,1,0
C03932,34,595647,Self-Employed,Graduate,Single,East,638,1575375,5,0,0
C03933,24,462816,Salaried,Not Graduate,Single,Central,621,1140092,1,0,1
C03934,43,1227668,Business,Graduate,Single,East,567,1376297,1,1,1
C03935,62,634742,Self-Employed,Graduate,Married,Central,570,1057338,1,0,1
C03936,40,559901,Salaried,Graduate,Single,West,742,305623,3,0,0
C03937,35,597937,Salaried,Graduate,Married,South,485,589303,5,1,0
C03938,49,546331,Self-Employed,Graduate,Single,South,795,141104,3,0,0
C03939,28,539722,Salaried,Graduate,Married,North,619,1475132,15,4,0
C03940,61,392451,Salaried,Graduate,Single,East,580,403884,1,0,1
C03941,39,562959,Self-Employed,Graduate,Married,East,716,1851220,3,0,1
C03942,59,677937,Business,Graduate,Single,East,783,1513028,2,0,0
C03943,48,712936,Business,Graduate,Single,South,750,378784,3,2,0
C03944,47,675090,Self-Employed,Graduate,Married,North,695,1706054,10,0,0
C03945,24,872073,Salaried,Not Graduate,Married,South,747,1228092,15,1,1
C03946,35,733293,Business,Graduate,Married,Central,495,1013208,1,0,1
C03947,55,587031,Salaried,Not Graduate,Married,East,603,1272017,1,0,1
C03948,57,264435,Salaried,Graduate,Married,Central,567,1757582,20,1,0
C03949,21,264482,Business,Not Graduate,Married,West,760,1185583,15,1,0
C03950,23,395671,Salaried,Graduate,Married,Central,615,1779842,15,1,0
C03951,44,451820,Salaried,Graduate,Single,Central,726,792003,5,0,0
C03952,47,829933,Self-Employed,Graduate,Married,Central,698,97728,2,0,0
C03953,60,126643,Salaried,Graduate,Married,South,572,851310,20,0,0
C03954,56,277911,Salaried,Not Graduate,Married,Central,597,559958,15,1,0
C03955,54,405388,Salaried,Graduate,Married,East,766,965357,20,1,0
C03956,49,282494,Salaried,Graduate,Single,North,580,1107721,15,0,0
C03957,44,308924,Business,Graduate,Married,West,661,1711442,20,1,0
C03958,44,353407,Salaried,Graduate,Married,East,579,68226,5,0,0
C03959,62,289056,Salaried,Graduate,Married,North,621,1363522,15,0,1
C03960,24,312515,Salaried,Graduate,Married,East,645,598407,3,2,1
C03961,23,817049,Self-Employed,Graduate,Single,Central,579,1162136,10,1,0
C03962,54,583292,Self-Employed,Graduate,Single,West,563,107353,10,1,0
C03963,43,623918,Salaried,Graduate,Married,East,675,1344317,10,1,0
C03964,43,435671,Salaried,Not Graduate,Single,West,573,1846657,15,0,0
C03965,25,697318,Self-Employed,Graduate,Married,South,577,435145,20,0,0
C03966,51,647911,Salaried,Not Graduate,Married,South,565,1553918,10,1,0
C03967,61,579164,Salaried,Graduate,Single,Central,642,645929,2,1,1
C03968,26,329597,Salaried,Graduate,Single,Central,734,101712,3,1,0
C03969,57,362610,Salaried,Graduate,Married,South,785,495405,10,0,0
C03970,30,712231,Business,Graduate,Single,East,584,1025288,1,0,1
C03971,60,350624,Business,Graduate,Single,North,843,1752949,15,0,0
C03972,27,247747,Self-Employed,Not Graduate,Married,North,559,380429,3,0,0
C03973,59,347594,Business,Not Graduate,Married,South,747,165278,2,1,0
C03974,58,892456,Self-Employed,Graduate,Married,North,585,559272,10,1,0
C03975,41,347748,Business,Not Graduate,Married,East,571,1796885,2,1,1
C03976,40,512699,Salaried,Graduate,Married,North,582,215201,15,1,0
C03977,23,335353,Salaried,Graduate,Married,North,645,860944,10,1,0
C03978,42,623772,Self-Employed,Not Graduate,Married,South,702,1724941,1,1,1
C03979,24,563295,Self-Employed,Graduate,Married,West,710,784391,3,0,1
C03980,48,226152,Salaried,Graduate,Married,West,565,506770,20,0,0
C03981,32,499126,Salaried,Not Graduate,Single,East,560,1362784,1,0,1
C03982,58,207489,Salaried,Not Graduate,Married,West,567,669902,10,2,0
C03983,56,344782,Salaried,Graduate,Single,Central,639,1281215,5,2,1
C03984,61,440142,Salaried,Graduate,Single,South,631,167639,3,0,0
C03985,25,1015701,Salaried,Not Graduate,Married,West,564,1390731,2,2,1
C03986,33,510456,Business,Not Graduate,Single,North,674,1431872,10,0,0
C03987,43,313267,Self-Employed,Not Graduate,Single,West,853,778871,1,0,1
C03988,50,383561,Business,Not Graduate,Single,South,604,60960,15,1,0
C03989,57,670573,Business,Not Graduate,Married,North,610,536744,20,0,0
C03990,45,315185,Salaried,Graduate,Married,North,700,1220365,5,2,0
C03991,47,724792,Salaried,Not Graduate,Married,South,599,371064,20,0,0
C03992,34,349628,Salaried,Graduate,Married,East,710,857819,15,0,0
C03993,56,293052,Business,Not Graduate,Married,East,585,458540,10,2,0
C03994,59,354707,Salaried,Graduate,Married,South,814,638248,2,2,0
C03995,36,213773,Self-Employed,Not Graduate,Single,South,681,172994,1,0,1
C03996,42,166431,Salaried,Not Graduate,Married,South,594,1393348,3,1,1
C03997,41,426283,Business,Graduate,Single,North,597,957701,5,0,1
C03998,41,429216,Salaried,Not Graduate,Single,North,603,780456,10,1,0
C03999,28,496534,Business,Not Graduate,Married,South,773,1932460,10,1,0
C04000,36,425336,Salaried,Graduate,Married,North,535,877530,10,1,0
C04001,51,1261943,Salaried,Not Graduate,Married,Central,589,1562251,10,0,0
C04002,62,477244,Self-Employed,Graduate,Single,South,599,744595,1,1,1
C04003,30,238134,Business,Graduate,Single,North,648,1447581,3,4,1
C04004,52,267276,Salaried,Not Graduate,Single,East,625,77949,2,0,0
C04005,54,442474,Business,Not Graduate,Married,South,515,1252469,5,0,0
C04006,29,363690,Self-Employed,Graduate,Married,South,614,1301260,20,1,1
C04007,37,254532,Self-Employed,Not Graduate,Married,South,641,989536,10,1,1
C04008,31,430851,Salaried,Graduate,Married,West,593,385681,15,0,0
C04009,52,433695,Salaried,Graduate,Married,South,711,1507095,10,0,0
C04010,30,907149,Salaried,Graduate,Single,East,732,428147,3,0,0
C04011,42,292950,Business,Graduate,Married,North,642,1311641,3,1,1
C04012,37,366598,Business,Not Graduate,Married,South,670,1880662,1,1,1
C04013,24,905893,Self-Employed,Not Graduate,Married,Central,455,1074483,1,1,1
C04014,45,512914,Salaried,Not Graduate,Single,North,612,1504095,15,0,0
C04015,41,292178,Salaried,Graduate,Married,East,740,624989,15,1,0
C04016,57,320735,Business,Graduate,Single,West,611,886943,1,0,1
C04017,58,256178,Salaried,Graduate,Married,East,583,130664,5,0,0
C04018,21,458067,Business,Not Graduate,Married,West,854,461496,15,2,0
C04019,45,703639,Salaried,Graduate,Single,North,813,1138003,1,1,1
C04020,56,921635,Salaried,Graduate,Single,West,692,147180,10,0,0
C04021,37,226652,Business,Not Graduate,Married,North,752,677838,1,0,1
C04022,61,654157,Salaried,Graduate,Married,East,449,1176528,20,1,0
C04023,44,476365,Salaried,Graduate,Married,East,579,116046,5,1,0
C04024,22,393222,Business,Graduate,Married,West,607,156918,1,2,0
C04025,60,366662,Self-Employed,Graduate,Married,Central,628,1920208,1,1,1
C04026,35,186387,Self-Employed,Graduate,Single,East,605,1428162,10,0,1
C04027,52,589540,Self-Employed,Not Graduate,Married,West,420,1553463,15,0,0
C04028,59,244388,Salaried,Not Graduate,Married,South,684,665358,10,1,0
C04029,26,315941,Salaried,Graduate,Single,North,698,1681032,20,0,0
C04030,21,533969,Salaried,Graduate,Single,South,794,884754,20,1,0
C04031,43,195343,Salaried,Graduate,Single,South,579,1049488,10,0,0
C04032,59,244175,Salaried,Graduate,Single,South,571,1005200,1,1,1
C04033,37,765587,Self-Employed,Graduate,Married,West,408,1168822,10,0,0
C04034,54,467393,Salaried,Graduate,Single,East,623,1077348,3,1,0
C04035,61,328407,Self-Employed,Graduate,Married,South,731,1792828,2,0,1
C04036,49,468222,Salaried,Graduate,Married,West,594,589871,2,0,0
C04037,29,597951,Salaried,Graduate,Single,East,842,1443440,10,1,0
C04038,33,733912,Salaried,Not Graduate,Single,North,626,498431,15,0,0
C04039,26,268177,Business,Graduate,Married,East,663,1778789,5,0,0
C04040,26,278959,Salaried,Graduate,Single,East,527,449325,20,0,0
C04041,40,581725,Self-Employed,Not Graduate,Single,South,675,1337861,10,1,0
C04042,23,590181,Self-Employed,Graduate,Single,West,471,371901,15,1,0
C04043,37,241642,Salaried,Not Graduate,Single,Central,712,843091,10,0,1
C04044,32,283710,Salaried,Graduate,Single,North,715,1361958,1,0,1
C04045,21,405474,Business,Graduate,Single,West,772,695558,20,0,0
C04046,37,447132,Salaried,Graduate,Married,South,558,955643,20,0,0
C04047,23,452873,Salaried,Graduate,Single,West,664,65064,15,1,0
C04048,46,239978,Self-Employed,Graduate,Married,Central,700,1260763,20,0,0
C04049,35,450819,Self-Employed,Not Graduate,Single,North,689,1785888,5,2,0
C04050,56,320354,Salaried,Graduate,Single,East,572,1759556,10,0,0
C04051,52,261753,Salaried,Graduate,Married,North,434,1722654,3,1,1
C04052,52,440229,Salaried,Graduate,Single,Central,681,939417,15,2,0
C04053,24,420480,Salaried,Not Graduate,Single,North,636,1142834,2,1,0
C04054,38,634607,Salaried,Not Graduate,Married,North,598,709830,15,0,0
C04055,39,300308,Salaried,Not Graduate,Single,South,718,989507,3,0,0
C04056,63,491799,Salaried,Graduate,Married,East,645,861100,20,0,0
C04057,55,218402,Business,Graduate,Single,Central,531,1437979,3,1,1
C04058,60,390942,Self-Employed,Not Graduate,Single,South,476,686480,20,1,0
C04059,34,545062,Business,Not Graduate,Single,North,548,1457296,3,0,0
C04060,53,566147,Salaried,Graduate,Married,North,865,679769,5,0,0
C04061,34,567885,Salaried,Not Graduate,Married,West,715,1996513,5,0,1
C04062,54,635374,Salaried,Graduate,Married,South,666,1261694,15,0,0
C04063,24,361998,Business,Graduate,Married,Central,633,1300625,5,1,0
C04064,44,552979,Salaried,Not Graduate,Married,Central,627,1870464,2,1,1
C04065,49,1025750,Salaried,Not Graduate,Married,Central,755,520471,20,1,0
C04066,39,358538,Salaried,Graduate,Married,Central,605,55397,1,0,1
C04067,26,823310,Salaried,Not Graduate,Married,North,701,936357,15,1,1
C04068,53,656325,Salaried,Graduate,Single,North,618,657769,10,2,0
C04069,60,392446,Salaried,Graduate,Married,South,824,203305,10,2,0
C04070,39,407463,Salaried,Graduate,Married,East,716,1575128,15,0,0
C04071,21,466624,Self-Employed,Graduate,Single,Central,762,1421028,1,1,1
C04072,25,639904,Salaried,Graduate,Married,North,597,1299374,10,1,0
C04073,47,530293,Self-Employed,Graduate,Married,South,745,506435,15,1,0
C04074,36,357271,Salaried,Not Graduate,Single,Central,621,1595150,15,1,0
C04075,26,173351,Salaried,Graduate,Married,East,659,575418,3,0,0
C04076,60,598677,Salaried,Graduate,Married,Central,797,1747157,2,1,1
C04077,33,185419,Salaried,Not Graduate,Married,West,556,588359,10,1,0
C04078,55,239260,Salaried,Not Graduate,Single,Central,668,1970525,2,0,1
C04079,39,369123,Salaried,Graduate,Single,West,689,422384,20,1,0
C04080,32,256187,Self-Employed,Not Graduate,Single,East,696,576406,15,0,0
C04081,36,510368,Salaried,Graduate,Single,West,609,1754599,1,0,1
C04082,63,387207,Salaried,Graduate,Married,East,837,1160984,15,0,0
C04083,30,629923,Salaried,Graduate,Married,South,533,1150362,10,0,0
C04084,45,214599,Salaried,Graduate,Married,West,781,655559,2,0,0
C04085,40,328452,Salaried,Not Graduate,Single,Central,759,69158,3,2,0
C04086,51,443250,Business,Graduate,Single,Central,821,1916095,3,0,0
C04087,24,451002,Salaried,Not Graduate,Married,South,507,138114,15,2,0
C04088,64,604596,Salaried,Graduate,Married,North,571,758481,1,0,0
C04089,43,293148,Self-Employed,Graduate,Married,East,784,571358,20,0,0
C04090,22,358396,Self-Employed,Graduate,Married,North,481,594162,5,0,0
C04091,42,555879,Business,Not Graduate,Married,North,505,289139,10,2,0
C04092,57,164497,Business,Graduate,Single,South,606,919875,15,1,0
C04093,28,526086,Self-Employed,Graduate,Married,South,667,1663685,3,1,1
C04094,27,623919,Business,Graduate,Single,West,793,1738539,3,0,0
C04095,34,242765,Salaried,Graduate,Married,West,633,1421302,1,1,1
C04096,23,383939,Self-Employed,Graduate,Married,West,595,172603,3,0,0
C04097,36,866049,Business,Graduate,Married,West,678,1032207,10,1,0
C04098,39,595360,Self-Employed,Graduate,Single,West,692,1513497,1,1,1
C04099,38,540979,Business,Not Graduate,Married,Central,689,1692245,2,1,1
C04100,36,691025,Salaried,Graduate,Single,South,633,1996808,1,1,1
C04101,28,996540,Salaried,Graduate,Single,East,474,547821,20,1,0
C04102,53,446118,Business,Graduate,Married,East,567,1491525,10,0,0
C04103,32,368341,Salaried,Graduate,Married,East,777,1274301,20,0,1
C04104,31,690272,Self-Employed,Graduate,Married,East,666,918450,10,0,0
C04105,25,406624,Salaried,Graduate,Married,East,620,937024,2,1,0
C04106,47,291382,Self-Employed,Graduate,Single,Central,750,928058,15,0,0
C04107,32,346961,Business,Graduate,Single,South,548,1709081,1,2,1
C04108,37,509175,Salaried,Not Graduate,Single,West,629,828873,10,0,0
C04109,26,361378,Salaried,Graduate,Married,West,662,999756,10,1,0
C04110,53,373719,Salaried,Graduate,Single,West,610,516548,2,0,0
C04111,25,278648,Business,Graduate,Married,South,659,384943,5,0,0
C04112,48,844006,Self-Employed,Not Graduate,Married,South,633,374329,1,0,0
C04113,34,379199,Salaried,Graduate,Married,Central,524,1570105,10,1,0
C04114,25,321200,Salaried,Graduate,Married,Central,666,353682,3,0,0
C04115,53,336951,Business,Not Graduate,Single,West,530,1905351,2,0,1
C04116,61,634845,Business,Graduate,Married,South,664,548905,5,0,0
C04117,39,572598,Salaried,Not Graduate,Married,West,773,1310046,5,1,1
C04118,42,352979,Salaried,Not Graduate,Married,Central,624,1533024,2,1,1
C04119,25,448893,Self-Employed,Not Graduate,Single,West,544,170026,5,2,0
C04120,22,501077,Salaried,Graduate,Single,Central,638,284257,10,2,0
C04121,50,322276,Business,Graduate,Married,North,575,1151682,5,0,0
C04122,59,221177,Salaried,Graduate,Single,East,703,1999330,1,0,1
C04123,24,557806,Self-Employed,Graduate,Married,North,636,1179803,3,3,1
C04124,53,330403,Salaried,Graduate,Single,West,803,496295,10,1,0
C04125,33,539369,Business,Graduate,Married,West,754,730388,2,1,0
C04126,40,511172,Salaried,Graduate,Married,South,636,1664999,3,2,0
C04127,27,453661,Salaried,Graduate,Married,East,714,736426,15,0,0
C04128,35,365215,Salaried,Graduate,Married,Central,614,693887,10,1,0
C04129,43,332612,Business,Not Graduate,Married,West,653,804077,3,2,0
C04130,34,265060,Salaried,Not Graduate,Married,Central,617,1182046,5,1,1
C04131,43,335495,Salaried,Graduate,Married,Central,718,1905918,15,1,0
C04132,39,571469,Salaried,Graduate,Single,Central,778,818378,2,1,0
C04133,49,829867,Salaried,Not Graduate,Single,North,721,1236789,2,0,0
C04134,40,776843,Salaried,Graduate,Single,Central,732,1144526,1,2,1
C04135,49,472333,Salaried,Graduate,Single,South,733,1809659,5,1,0
C04136,44,829669,Self-Employed,Graduate,Married,North,699,328369,1,1,0
C04137,38,385359,Self-Employed,Graduate,Married,North,547,543466,1,1,1
C04138,30,247466,Business,Graduate,Married,West,803,1054627,5,0,0
C04139,61,1050097,Business,Not Graduate,Single,East,812,1393679,10,0,0
C04140,28,562284,Salaried,Graduate,Single,East,628,885624,15,0,0
C04141,46,221774,Self-Employed,Not Graduate,Married,West,616,129711,20,1,0
C04142,49,892312,Salaried,Graduate,Married,East,705,191123,1,1,0
C04143,30,316620,Salaried,Not Graduate,Married,Central,699,252500,3,1,0
C04144,37,349183,Salaried,Graduate,Married,South,631,1878148,15,0,0
C04145,22,700550,Salaried,Graduate,Married,Central,537,315593,10,0,0
C04146,26,816488,Salaried,Graduate,Married,East,677,1008599,5,0,0
C04147,25,282001,Salaried,Not Graduate,Married,East,699,1464933,2,0,1
C04148,48,857645,Self-Employed,Not Graduate,Married,South,715,1783126,10,0,0
C04149,61,655665,Salaried,Graduate,Single,North,681,674533,1,0,1
C04150,25,308696,Self-Employed,Graduate,Married,North,625,1195645,3,0,1
C04151,38,396068,Salaried,Not Graduate,Married,South,739,1780077,15,1,0
C04152,46,875246,Salaried,Not Graduate,Single,North,655,283597,5,2,0
C04153,40,219201,Salaried,Graduate,Single,East,608,598196,2,0,0
C04154,61,823502,Salaried,Graduate,Married,North,633,416991,15,0,0
C04155,47,647505,Salaried,Graduate,Married,East,492,957342,3,0,0
C04156,32,556328,Self-Employed,Graduate,Married,West,633,828628,20,1,0
C04157,27,469424,Self-Employed,Graduate,Single,Central,711,999826,2,0,1
C04158,23,1073636,Salaried,Graduate,Married,North,680,850444,5,0,0
C04159,30,1147464,Salaried,Graduate,Single,West,786,67412,15,2,0
C04160,54,335422,Business,Graduate,Married,North,626,1063654,10,1,0
C04161,45,582737,Salaried,Not Graduate,Married,West,693,1470750,1,0,1
C04162,55,1028353,Salaried,Not Graduate,Married,South,721,1909665,5,0,0
C04163,36,310745,Salaried,Graduate,Single,West,860,317800,3,1,0
C04164,22,493566,Self-Employed,Graduate,Single,East,663,1238615,10,0,1
C04165,44,695053,Self-Employed,Graduate,Single,South,556,528174,15,0,0
C04166,30,178670,Self-Employed,Not Graduate,Married,South,726,1507556,2,0,1
C04167,58,642325,Salaried,Graduate,Single,East,817,852305,10,2,0
C04168,42,271089,Salaried,Graduate,Single,North,620,1717349,10,0,0
C04169,46,482409,Salaried,Graduate,Married,South,725,1994391,3,0,1
C04170,63,740406,Self-Employed,Graduate,Married,North,760,1542822,1,2,1
C04171,59,150974,Business,Graduate,Single,Central,741,1297455,20,0,0
C04172,47,630101,Salaried,Graduate,Single,West,661,1624471,10,0,0
C04173,49,1107092,Salaried,Graduate,Married,West,587,200595,10,1,0
C04174,58,348019,Salaried,Graduate,Married,East,642,622735,1,1,1
C04175,40,573498,Salaried,Graduate,Married,East,691,99757,1,0,0
C04176,47,806838,Salaried,Graduate,Single,West,731,834402,2,1,0
C04177,61,216030,Salaried,Graduate,Married,Central,680,1349071,15,0,0
C04178,40,622075,Business,Graduate,Married,East,615,1847462,2,2,1
C04179,64,701302,Salaried,Graduate,Married,Central,699,1954209,1,2,1
C04180,39,589705,Salaried,Graduate,Single,East,727,1489485,20,2,0
C04181,40,459999,Salaried,Not Graduate,Single,South,684,1311492,5,1,0
C04182,55,282042,Salaried,Graduate,Married,North,574,1038892,1,1,1
C04183,22,827480,Salaried,Graduate,Married,West,633,841894,2,2,0
C04184,50,449336,Self-Employed,Not Graduate,Married,North,735,428976,3,1,0
C04185,54,294564,Salaried,Graduate,Single,West,525,1261443,3,0,1
C04186,42,383420,Business,Not Graduate,Married,East,461,775166,15,2,0
C04187,23,522183,Salaried,Graduate,Single,North,785,360609,10,1,0
C04188,26,219140,Salaried,Graduate,Single,Central,696,504325,20,3,0
C04189,35,445997,Salaried,Graduate,Married,East,704,140027,3,1,0
C04190,47,366738,Self-Employed,Not Graduate,Single,South,553,100528,2,0,0
C04191,30,807107,Salaried,Graduate,Single,North,716,1396950,3,0,0
C04192,29,190288,Salaried,Graduate,Married,North,674,98242,20,1,0
C04193,53,674981,Salaried,Not Graduate,Single,South,507,509099,20,0,0
C04194,52,837094,Business,Not Graduate,Married,West,778,1213264,5,3,0
C04195,26,193553,Salaried,Not Graduate,Married,East,664,1590158,1,0,1
C04196,61,204284,Salaried,Not Graduate,Married,South,614,576071,1,0,1
C04197,56,988214,Salaried,Graduate,Married,Central,615,78390,2,0,0
C04198,22,294499,Salaried,Graduate,Married,East,468,1762353,10,0,1
C04199,49,1780977,Salaried,Graduate,Single,South,703,1170678,20,0,0
C04200,24,196294,Salaried,Graduate,Married,South,673,1378146,1,0,1
C04201,21,477596,Self-Employed,Graduate,Married,North,632,1129326,3,1,0
C04202,39,437780,Salaried,Graduate,Single,North,765,632476,20,0,0
C04203,46,402846,Self-Employed,Graduate,Married,North,525,323016,5,2,0
C04204,45,544886,Self-Employed,Graduate,Single,East,596,1717095,10,0,0
C04205,30,559215,Salaried,Not Graduate,Single,West,573,1490580,10,2,0
C04206,35,410262,Self-Employed,Not Graduate,Single,East,624,753446,10,0,0
C04207,42,280301,Self-Employed,Graduate,Single,North,656,1689634,1,0,1
C04208,41,708915,Self-Employed,Graduate,Married,North,688,281360,15,1,0
C04209,42,586908,Self-Employed,Not Graduate,Married,East,618,1324016,10,3,0
C04210,56,465823,Self-Employed,Graduate,Married,South,571,919946,2,1,1
C04211,54,578599,Salaried,Graduate,Married,South,801,793537,3,0,0
C04212,50,625323,Self-Employed,Not Graduate,Married,North,867,142663,15,2,0
C04213,45,314022,Salaried,Graduate,Married,North,662,1788656,5,1,1
C04214,48,569381,Self-Employed,Not Graduate,Married,West,581,723439,3,0,0
C04215,21,344942,Salaried,Graduate,Single,South,782,1757227,2,1,1
C04216,24,634704,Business,Not Graduate,Married,West,519,1303732,2,1,1
C04217,27,405720,Salaried,Graduate,Married,North,619,1211384,20,0,0
C04218,29,582610,Self-Employed,Graduate,Married,North,587,160091,15,2,1
C04219,56,363957,Self-Employed,Graduate,Married,West,545,935704,3,0,1
C04220,39,596399,Business,Graduate,Married,West,624,623681,1,2,1
C04221,21,284803,Self-Employed,Graduate,Married,North,572,1716422,20,0,0
C04222,30,449673,Salaried,Graduate,Married,Central,651,1168346,2,0,1
C04223,56,687821,Business,Graduate,Married,North,652,1911728,10,1,1
C04224,29,545927,Self-Employed,Not Graduate,Single,South,594,1074146,5,1,1
C04225,62,482344,Self-Employed,Graduate,Single,North,616,1073157,5,2,0
C04226,52,996099,Business,Graduate,Married,East,629,849800,2,2,0
C04227,52,701261,Salaried,Not Graduate,Single,North,722,235385,10,0,0
C04228,26,650172,Salaried,Graduate,Single,Central,636,1932977,3,1,1
C04229,58,594878,Salaried,Graduate,Married,South,724,98838,5,0,0
C04230,37,629205,Self-Employed,Graduate,Married,North,702,583022,10,1,0
C04231,30,932566,Salaried,Graduate,Married,West,701,681475,10,1,0
C04232,47,366608,Self-Employed,Graduate,Married,South,774,149329,1,3,0
C04233,55,696784,Salaried,Graduate,Married,South,549,570146,2,0,0
C04234,41,519394,Self-Employed,Not Graduate,Married,Central,607,1503989,10,1,1
C04235,45,372352,Business,Not Graduate,Married,West,808,905327,20,1,0
C04236,48,422998,Salaried,Not Graduate,Married,East,626,808921,3,3,1
C04237,35,488267,Self-Employed,Not Graduate,Single,North,396,1219000,5,1,1
C04238,24,300447,Self-Employed,Graduate,Married,East,631,1024335,20,2,0
C04239,49,652656,Salaried,Graduate,Married,West,662,1986263,1,1,1
C04240,29,422403,Salaried,Not Graduate,Single,South,414,370217,3,1,0
C04241,47,459648,Salaried,Graduate,Married,Central,770,1826861,5,0,0
C04242,46,814835,Self-Employed,Not Graduate,Married,Central,585,294042,2,1,1
C04243,39,469013,Salaried,Not Graduate,Single,South,679,1834424,3,1,1
C04244,48,889754,Salaried,Graduate,Married,Central,629,275683,5,1,0
C04245,37,349351,Salaried,Graduate,Single,East,534,1314123,1,0,1
C04246,63,270038,Salaried,Graduate,Single,South,553,1342179,20,1,0
C04247,61,388288,Self-Employed,Graduate,Married,North,565,1804238,5,0,0
C04248,62,124664,Self-Employed,Graduate,Married,North,747,852056,10,0,0
C04249,40,665033,Salaried,Not Graduate,Single,West,636,1296919,1,1,1
C04250,60,277200,Self-Employed,Graduate,Married,South,603,1385035,3,0,1
C04251,59,335050,Self-Employed,Graduate,Single,East,565,1378142,15,1,0
C04252,43,610678,Salaried,Not Graduate,Single,South,757,744497,2,0,0
C04253,52,466775,Salaried,Graduate,Single,South,781,122663,20,0,0
C04254,53,362853,Business,Not Graduate,Single,East,756,151216,1,0,0
C04255,25,176938,Self-Employed,Not Graduate,Single,Central,694,824888,20,0,0
C04256,63,794416,Self-Employed,Graduate,Married,East,676,1355068,1,0,1
C04257,54,612550,Salaried,Graduate,Single,South,540,1569934,1,0,1
C04258,60,1115791,Business,Graduate,Single,South,627,344887,5,0,0
C04259,31,338279,Self-Employed,Not Graduate,Married,South,588,1591338,10,0,0
C04260,23,229922,Business,Not Graduate,Single,South,485,1507428,15,1,0
C04261,53,692206,Business,Graduate,Married,West,745,1582676,2,0,0
C04262,31,406513,Business,Graduate,Married,Central,587,584396,20,3,1
C04263,36,586939,Business,Not Graduate,Single,South,757,1303282,2,1,0
C04264,38,917090,Salaried,Graduate,Married,West,729,1659044,10,1,0
C04265,50,526848,Business,Graduate,Single,South,700,331027,5,0,0
C04266,30,477006,Salaried,Graduate,Single,Central,705,618688,5,0,0
C04267,38,490657,Business,Graduate,Single,Central,594,1275647,10,1,0
C04268,58,211766,Salaried,Graduate,Married,East,817,622239,20,0,0
C04269,39,728408,Self-Employed,Graduate,Married,West,653,1498952,10,0,0
C04270,56,749707,Salaried,Not Graduate,Married,Central,677,1940270,3,2,0
C04271,33,561718,Self-Employed,Graduate,Married,North,591,1511721,5,1,0
C04272,23,223701,Salaried,Graduate,Married,South,566,1968141,20,0,1
C04273,30,418940,Salaried,Graduate,Single,Central,692,716483,1,0,1
C04274,58,845206,Business,Graduate,Married,West,669,1475826,2,0,0
C04275,21,342974,Self-Employed,Graduate,Married,West,578,1782293,5,1,0
C04276,47,753823,Salaried,Graduate,Married,West,520,1955504,10,0,0
C04277,28,453519,Salaried,Not Graduate,Single,East,535,1787492,1,0,1
C04278,62,609641,Salaried,Not Graduate,Married,South,757,374078,3,0,0
C04279,37,367521,Self-Employed,Not Graduate,Single,North,594,1963894,15,1,0
C04280,29,459535,Business,Graduate,Married,West,619,80881,3,0,0
C04281,26,538488,Self-Employed,Not Graduate,Single,South,780,1903417,1,1,1
C04282,63,271724,Salaried,Graduate,Married,West,549,1022920,20,0,0
C04283,45,500448,Salaried,Graduate,Single,West,584,1196747,20,1,0
C04284,59,131948,Business,Not Graduate,Married,North,580,1351765,1,1,1
C04285,48,337501,Salaried,Graduate,Single,South,795,998161,20,0,0
C04286,53,565093,Self-Employed,Graduate,Married,West,829,267815,10,0,0
C04287,57,732426,Salaried,Not Graduate,Married,East,717,361095,20,1,0
C04288,29,547292,Self-Employed,Graduate,Single,West,720,320896,15,1,0
C04289,38,236654,Business,Graduate,Married,South,597,691627,10,1,0
C04290,41,704177,Salaried,Not Graduate,Single,Central,825,1505232,2,1,0
C04291,22,264972,Self-Employed,Graduate,Married,West,674,1143440,20,0,0
C04292,63,583260,Salaried,Graduate,Married,East,726,755051,15,0,0
C04293,58,268975,Salaried,Graduate,Single,East,640,1694899,15,1,0
C04294,60,312405,Salaried,Graduate,Married,West,625,136675,2,1,0
C04295,56,287691,Salaried,Not Graduate,Single,South,799,1047807,3,0,1
C04296,63,470961,Salaried,Graduate,Single,West,698,334487,1,0,0
C04297,57,405148,Business,Graduate,Single,East,780,274320,3,2,0
C04298,35,556270,Salaried,Graduate,Single,West,672,593961,20,1,0
C04299,48,438718,Salaried,Graduate,Married,East,573,1289602,20,2,0
C04300,38,223453,Salaried,Graduate,Married,Central,597,1284346,10,0,0
C04301,54,500876,Salaried,Graduate,Married,West,659,1455744,5,0,0
C04302,42,200190,Salaried,Graduate,Single,North,593,1649384,20,0,0
C04303,31,297231,Salaried,Graduate,Married,West,550,552857,20,3,0
C04304,33,375584,Self-Employed,Not Graduate,Single,East,758,819483,10,0,0
C04305,24,364054,Business,Not Graduate,Single,South,600,1900792,5,0,1
C04306,42,210799,Self-Employed,Graduate,Married,East,662,1478166,1,1,1
C04307,27,819968,Salaried,Graduate,Married,Central,676,88079,1,2,0
C04308,63,928755,Business,Not Graduate,Married,South,597,1142796,15,0,0
C04309,44,1218155,Salaried,Graduate,Married,North,780,201563,1,1,0
C04310,24,741509,Salaried,Graduate,Single,North,549,162878,2,1,0
C04311,48,370292,Salaried,Graduate,Single,Central,673,1215159,2,0,1
C04312,35,367432,Salaried,Not Graduate,Married,Central,672,98720,5,0,0
C04313,21,358415,Business,Graduate,Married,Central,645,1330452,3,1,1
C04314,23,1081151,Salaried,Graduate,Single,Central,533,1637582,15,0,0
C04315,34,419998,Self-Employed,Not Graduate,Married,West,728,1527389,3,0,1
C04316,58,783208,Salaried,Not Graduate,Married,East,716,1946225,5,1,0
C04317,21,756263,Self-Employed,Graduate,Married,West,589,541567,2,0,0
C04318,58,481805,Self-Employed,Graduate,Single,South,713,412812,10,0,0
C04319,58,230213,Salaried,Not Graduate,Married,North,683,732192,20,0,0
C04320,41,424105,Self-Employed,Graduate,Single,North,534,1022322,15,1,0
C04321,49,472661,Self-Employed,Not Graduate,Single,South,573,1851334,5,0,0
C04322,25,786277,Self-Employed,Graduate,Married,North,752,456080,3,0,0
C04323,30,446304,Self-Employed,Not Graduate,Married,Central,677,662666,5,0,0
C04324,48,256819,Self-Employed,Graduate,Married,Central,599,1091137,5,1,0
C04325,41,690077,Salaried,Graduate,Single,Central,572,58177,1,1,0
C04326,27,399355,Self-Employed,Graduate,Married,South,603,751475,2,2,0
C04327,23,140735,Salaried,Graduate,Single,East,609,1483038,15,1,0
C04328,40,512083,Salaried,Graduate,Married,South,573,1860171,1,0,1
C04329,39,554236,Business,Not Graduate,Single,East,493,1548002,2,0,1
C04330,55,302754,Salaried,Not Graduate,Single,North,752,495170,5,0,0
C04331,24,405785,Salaried,Graduate,Single,North,737,1734009,2,0,1
C04332,25,594795,Salaried,Graduate,Single,North,535,1828066,3,0,1
C04333,21,513652,Salaried,Not Graduate,Married,East,662,1636282,15,0,0
C04334,24,218995,Salaried,Not Graduate,Married,North,568,1264502,1,1,1
C04335,32,777701,Business,Graduate,Single,South,626,1056148,15,0,0
C04336,47,953456,Salaried,Graduate,Married,East,618,1043459,5,0,0
C04337,62,351659,Self-Employed,Graduate,Married,Central,611,662363,3,0,0
C04338,43,187317,Salaried,Graduate,Married,East,830,1601698,2,0,1
C04339,45,625934,Self-Employed,Graduate,Single,South,610,1011454,20,0,0
C04340,41,326801,Business,Graduate,Married,South,577,377371,2,1,1
C04341,44,562953,Salaried,Graduate,Single,South,581,456051,3,1,0
C04342,45,1191801,Business,Graduate,Married,North,743,1378253,20,0,0
C04343,52,220612,Business,Not Graduate,Married,Central,501,1606542,2,0,1
C04344,52,309131,Self-Employed,Not Graduate,Single,Central,581,1586843,1,2,1
C04345,25,405341,Salaried,Not Graduate,Married,West,780,937889,10,0,0
C04346,56,791159,Self-Employed,Graduate,Single,South,671,1468224,2,0,0
C04347,62,2191348,Business,Graduate,Single,North,667,268930,5,0,0
C04348,62,494443,Salaried,Not Graduate,Single,East,841,1502015,2,1,1
C04349,59,212245,Salaried,Graduate,Married,North,672,1747066,15,0,1
C04350,36,378705,Salaried,Not Graduate,Married,South,586,584561,5,0,0
C04351,53,312172,Salaried,Graduate,Single,North,624,1656383,2,1,1
C04352,41,612138,Business,Not Graduate,Single,South,547,729520,2,1,1
C04353,29,524184,Salaried,Graduate,Single,East,763,963456,5,1,0
C04354,26,276836,Salaried,Graduate,Married,East,701,517601,1,0,1
C04355,55,304045,Self-Employed,Graduate,Married,Central,751,558604,20,2,0
C04356,59,376236,Salaried,Graduate,Married,West,759,1582984,20,2,0
C04357,42,397237,Salaried,Graduate,Married,North,612,1278636,10,1,0
C04358,61,434093,Salaried,Graduate,Married,West,564,1502140,10,1,0
C04359,25,452251,Salaried,Not Graduate,Single,North,645,657748,20,0,0
C04360,62,771184,Salaried,Graduate,Single,Central,571,298792,1,1,0
C04361,43,370165,Salaried,Not Graduate,Married,Central,664,678759,2,0,0
C04362,37,346415,Salaried,Not Graduate,Married,East,751,678956,10,2,0
C04363,32,242207,Business,Graduate,Married,East,634,1952527,1,0,1
C04364,43,400017,Business,Graduate,Single,East,663,1451146,1,1,1
C04365,36,496474,Salaried,Graduate,Single,North,641,1113205,10,0,0
C04366,23,203649,Self-Employed,Graduate,Married,West,722,885488,20,0,0
C04367,50,379233,Business,Not Graduate,Married,West,589,1896281,5,1,1
C04368,42,745740,Salaried,Graduate,Married,East,452,1219060,3,1,1
C04369,29,592281,Business,Graduate,Single,Central,692,1195851,20,0,0
C04370,49,523370,Business,Graduate,Married,West,738,1532208,5,0,0
C04371,57,585104,Salaried,Graduate,Married,Central,690,188966,20,0,0
C04372,43,341749,Salaried,Graduate,Single,East,592,1144649,2,0,1
C04373,33,321864,Salaried,Not Graduate,Single,North,547,1668557,5,0,0
C04374,52,784152,Salaried,Graduate,Married,South,694,1805402,15,1,0
C04375,43,642349,Business,Not Graduate,Married,West,662,1909351,3,2,1
C04376,37,316214,Business,Graduate,Married,East,638,617383,20,0,0
C04377,60,189961,Salaried,Graduate,Married,East,814,1260822,3,3,1
C04378,41,319182,Self-Employed,Graduate,Single,West,564,1018305,1,1,1
C04379,22,565005,Self-Employed,Not Graduate,Single,South,809,172388,15,0,0
C04380,57,328990,Salaried,Graduate,Married,North,652,1339363,2,0,1
C04381,26,513256,Self-Employed,Graduate,Married,West,484,253508,1,0,0
C04382,64,838103,Business,Not Graduate,Married,North,633,1213017,5,1,0
C04383,38,424275,Salaried,Graduate,Single,East,736,675070,5,1,0
C04384,50,491531,Salaried,Graduate,Single,West,617,1880883,10,1,0
C04385,42,602116,Salaried,Graduate,Single,North,517,1337919,1,1,1
C04386,53,271865,Salaried,Graduate,Single,Central,635,1534718,15,1,0
C04387,50,312427,Salaried,Not Graduate,Married,Central,572,1957598,1,0,1
C04388,37,613399,Salaried,Graduate,Married,Central,694,482043,1,0,0
C04389,63,449834,Salaried,Graduate,Single,North,719,682551,1,1,1
C04390,52,467330,Self-Employed,Graduate,Married,Central,554,1536567,3,0,1
C04391,62,449090,Salaried,Graduate,Married,East,586,1532993,10,0,0
C04392,34,687098,Salaried,Not Graduate,Single,North,718,865805,20,0,0
C04393,30,538245,Business,Graduate,Married,East,572,1388245,2,1,1
C04394,56,541429,Business,Graduate,Single,South,552,439860,2,1,1
C04395,54,766806,Salaried,Not Graduate,Married,North,543,1465233,2,2,1
C04396,29,911601,Salaried,Graduate,Single,Central,681,703689,3,0,0
C04397,62,1214224,Business,Graduate,Single,Central,677,1195219,10,0,0
C04398,48,340933,Salaried,Graduate,Married,South,588,735846,15,0,0
C04399,31,1344097,Salaried,Not Graduate,Single,West,650,1570396,10,0,0
C04400,34,270074,Salaried,Not Graduate,Single,South,787,199712,3,2,0
C04401,59,1056911,Salaried,Graduate,Single,Central,562,409838,15,0,1
C04402,39,332607,Salaried,Graduate,Married,Central,474,242527,1,0,0
C04403,35,428899,Salaried,Graduate,Married,West,690,1659000,5,2,0
C04404,48,446127,Self-Employed,Graduate,Single,South,640,1029929,1,1,1
C04405,44,299498,Business,Graduate,Single,East,586,106539,2,0,1
C04406,28,460019,Business,Graduate,Married,South,708,262736,1,0,0
C04407,63,306538,Salaried,Graduate,Single,East,725,468158,3,1,0
C04408,29,253793,Salaried,Not Graduate,Married,Central,451,1166939,2,0,1
C04409,53,434770,Self-Employed,Graduate,Single,Central,591,239668,5,0,0
C04410,53,904777,Salaried,Graduate,Married,South,858,655814,15,0,0
C04411,39,394624,Salaried,Graduate,Married,Central,702,1395975,15,1,0
C04412,23,675669,Salaried,Graduate,Single,West,710,1291777,2,1,1
C04413,30,302383,Salaried,Graduate,Married,North,755,528739,20,0,0
C04414,60,248310,Salaried,Not Graduate,Married,East,651,1741073,20,0,0
C04415,62,542659,Salaried,Graduate,Single,Central,721,292723,1,0,0
C04416,21,974837,Business,Graduate,Single,East,714,660725,20,0,0
C04417,49,486031,Salaried,Graduate,Single,South,698,1245925,10,0,0
C04418,54,641773,Business,Graduate,Married,West,621,707003,10,3,0
C04419,33,867010,Business,Graduate,Single,East,665,860161,15,0,0
C04420,21,435200,Salaried,Not Graduate,Married,Central,597,1054127,10,0,0
C04421,54,413152,Self-Employed,Graduate,Married,North,651,858250,2,3,0
C04422,49,547128,Self-Employed,Graduate,Married,West,544,1164131,10,0,0
C04423,33,592738,Salaried,Graduate,Married,South,578,1721843,3,0,1
C04424,49,235734,Salaried,Not Graduate,Married,Central,624,1152205,15,0,0
C04425,59,505385,Salaried,Graduate,Married,West,565,1738160,5,0,0
C04426,44,442277,Self-Employed,Graduate,Married,Central,604,1416158,10,0,1
C04427,46,310120,Salaried,Graduate,Single,South,635,1868685,3,0,1
C04428,37,428731,Salaried,Graduate,Single,South,686,321601,3,0,1
C04429,27,261870,Salaried,Graduate,Single,North,735,240701,2,0,0
C04430,33,224152,Salaried,Graduate,Married,West,608,1394642,15,1,0
C04431,25,455924,Salaried,Graduate,Single,North,770,1501612,2,0,1
C04432,46,663931,Salaried,Graduate,Single,North,734,1524542,5,1,1
C04433,23,378404,Business,Graduate,Married,North,695,1468842,5,0,0
C04434,27,287124,Self-Employed,Not Graduate,Married,East,663,152020,1,1,0
C04435,59,307926,Self-Employed,Not Graduate,Married,South,678,284618,5,0,0
C04436,21,566382,Self-Employed,Not Graduate,Married,North,756,1612039,15,0,0
C04437,37,936892,Self-Employed,Graduate,Single,East,760,1791726,20,0,0
C04438,63,625749,Self-Employed,Not Graduate,Married,East,770,1973413,20,1,0
C04439,45,794411,Salaried,Graduate,Married,East,653,952562,15,0,0
C04440,23,276114,Business,Graduate,Married,North,699,215493,2,1,0
C04441,35,427937,Salaried,Graduate,Married,East,770,1953046,3,1,1
C04442,49,699702,Salaried,Graduate,Single,North,593,823317,1,0,1
C04443,63,235712,Salaried,Not Graduate,Single,West,621,263273,20,0,0
C04444,52,328973,Salaried,Graduate,Married,South,651,1685189,20,2,0
C04445,46,675973,Self-Employed,Graduate,Single,Central,730,337744,5,0,0
C04446,36,496973,Salaried,Not Graduate,Single,North,732,260694,3,2,0
C04447,45,286559,Business,Graduate,Married,South,629,312051,2,0,0
C04448,48,212379,Salaried,Graduate,Single,North,514,1527963,10,1,0
C04449,29,807575,Salaried,Graduate,Married,West,672,1853475,1,1,1
C04450,21,175602,Salaried,Graduate,Single,South,567,1422246,15,1,1
C04451,49,588056,Self-Employed,Not Graduate,Single,South,515,1873384,3,1,1
C04452,42,348059,Business,Graduate,Married,East,536,1111725,2,3,1
C04453,36,708695,Salaried,Graduate,Single,North,679,211466,2,0,0
C04454,61,276795,Salaried,Graduate,Married,North,772,1244044,1,0,1
C04455,64,1434977,Business,Graduate,Married,Central,653,1515116,1,2,0
C04456,61,530213,Salaried,Not Graduate,Married,East,669,1276846,5,1,0
C04457,27,571020,Salaried,Graduate,Single,East,756,1050209,5,0,0
C04458,34,312427,Salaried,Graduate,Married,Central,510,162168,15,1,0
C04459,49,416640,Salaried,Graduate,Single,East,696,1605602,15,2,0
C04460,39,421530,Salaried,Graduate,Married,East,648,684101,1,0,0
C04461,39,992746,Salaried,Not Graduate,Single,West,700,1452499,1,1,1
C04462,22,529802,Business,Graduate,Single,South,606,306960,3,0,0
C04463,61,565080,Self-Employed,Graduate,Married,Central,576,998520,5,2,0
C04464,35,562244,Business,Not Graduate,Married,West,662,708554,2,1,1
C04465,23,587055,Salaried,Graduate,Married,West,798,1393118,20,0,0
C04466,31,236746,Self-Employed,Graduate,Married,West,727,1365509,20,2,0
C04467,50,1112556,Self-Employed,Graduate,Single,East,604,528911,20,1,0
C04468,60,298083,Business,Not Graduate,Single,Central,529,1425687,5,0,1
C04469,38,434833,Salaried,Graduate,Married,East,498,1862878,5,1,1
C04470,22,881312,Salaried,Graduate,Single,East,768,242206,1,0,0
C04471,52,1056615,Self-Employed,Graduate,Single,West,564,311041,20,1,0
C04472,28,635825,Business,Not Graduate,Married,North,620,1300534,1,0,1
C04473,42,352528,Business,Not Graduate,Single,Central,768,410981,5,2,0
C04474,26,468588,Self-Employed,Graduate,Married,Central,504,1254625,10,0,0
C04475,32,476934,Salaried,Not Graduate,Married,West,784,151967,10,0,0
C04476,60,484598,Salaried,Graduate,Married,West,627,443345,15,1,0
C04477,56,254352,Business,Graduate,Single,South,546,1420403,5,0,0
C04478,35,780000,Salaried,Graduate,Single,West,627,1406051,20,0,0
C04479,48,470036,Salaried,Graduate,Married,East,584,298719,10,0,0
C04480,38,319656,Business,Graduate,Single,West,689,1919634,15,0,0
C04481,22,353529,Salaried,Not Graduate,Married,Central,591,491719,15,0,0
C04482,33,499534,Self-Employed,Graduate,Married,North,477,208621,5,2,1
C04483,35,235317,Self-Employed,Not Graduate,Married,North,630,1635206,15,2,1
C04484,40,656905,Salaried,Graduate,Married,East,527,1921425,1,0,1
C04485,49,491702,Salaried,Not Graduate,Single,North,668,781874,1,0,1
C04486,62,894983,Salaried,Graduate,Married,West,543,757609,1,1,1
C04487,49,458132,Self-Employed,Graduate,Single,North,606,889096,2,4,1
C04488,23,271476,Salaried,Graduate,Married,West,666,1070668,1,0,1
C04489,39,258070,Salaried,Graduate,Single,South,630,1861652,20,0,0
C04490,23,371083,Business,Not Graduate,Married,Central,672,845265,1,1,1
C04491,34,389178,Salaried,Graduate,Married,East,711,897090,5,0,0
C04492,60,342741,Salaried,Graduate,Single,South,545,555655,10,2,0
C04493,24,468745,Salaried,Graduate,Married,North,644,280099,20,0,0
C04494,31,338849,Salaried,Not Graduate,Single,East,350,968241,10,1,0
C04495,51,496030,Business,Graduate,Single,West,672,1979973,1,0,1
C04496,63,350006,Salaried,Graduate,Single,South,622,1949062,1,2,1
C04497,52,587873,Salaried,Not Graduate,Married,Central,561,575587,1,1,0
C04498,47,384790,Business,Not Graduate,Single,Central,678,1347816,15,1,0
C04499,50,775135,Self-Employed,Not Graduate,Married,South,755,1426595,5,0,0
C04500,63,593345,Salaried,Graduate,Single,South,607,738280,5,0,0
C04501,22,482682,Business,Graduate,Married,South,564,498052,5,1,0
C04502,29,402940,Self-Employed,Not Graduate,Married,North,664,223453,10,0,0
C04503,48,223338,Salaried,Not Graduate,Married,Central,529,1603851,20,0,0
C04504,51,835760,Self-Employed,Not Graduate,Single,Central,590,426430,20,0,0
C04505,54,325673,Business,Graduate,Married,North,760,1052475,2,1,1
C04506,35,460850,Salaried,Graduate,Single,East,655,935162,10,1,0
C04507,45,516438,Self-Employed,Not Graduate,Single,Central,480,368442,5,1,1
C04508,56,407346,Business,Not Graduate,Married,East,488,1880374,3,0,1
C04509,28,813881,Self-Employed,Graduate,Single,East,664,1743899,2,1,1
C04510,29,255348,Salaried,Graduate,Single,East,727,1271743,1,2,1
C04511,57,965373,Salaried,Graduate,Single,Central,504,494740,15,1,0
C04512,59,598511,Self-Employed,Not Graduate,Single,West,690,566030,10,0,0
C04513,52,395976,Salaried,Graduate,Single,East,769,1470545,15,0,0
C04514,37,397975,Business,Not Graduate,Married,West,819,1214213,2,2,1
C04515,55,163150,Salaried,Graduate,Single,North,679,311046,20,0,1
C04516,57,302034,Salaried,Graduate,Married,West,695,1034413,3,0,0
C04517,39,377280,Self-Employed,Graduate,Married,West,458,1620798,2,0,1
C04518,64,478900,Salaried,Not Graduate,Married,South,838,1957626,10,0,0
C04519,49,779814,Salaried,Graduate,Married,East,598,75532,5,2,0
C04520,27,1106702,Salaried,Graduate,Married,Central,565,158197,1,1,1
C04521,48,500078,Self-Employed,Graduate,Married,South,627,1229436,5,1,1
C04522,29,485300,Business,Graduate,Single,West,786,110285,5,0,0
C04523,48,354811,Self-Employed,Graduate,Married,North,848,855298,10,0,0
C04524,26,204475,Salaried,Graduate,Married,Central,661,1761529,5,2,1
C04525,49,336851,Salaried,Graduate,Married,North,739,321639,5,1,0
C04526,37,403335,Business,Graduate,Single,West,653,296130,10,2,0
C04527,36,686202,Business,Graduate,Married,North,556,1368557,10,2,1
C04528,43,558931,Salaried,Not Graduate,Married,South,782,1830644,3,0,0
C04529,51,488793,Self-Employed,Graduate,Married,North,594,564938,5,2,0
C04530,23,340659,Salaried,Graduate,Married,South,788,1022980,2,1,0
C04531,41,181325,Salaried,Not Graduate,Married,East,766,308750,20,0,0
C04532,46,186317,Business,Graduate,Married,Central,705,1613622,1,0,1
C04533,56,209257,Salaried,Graduate,Single,North,814,342490,15,0,0
C04534,62,387936,Salaried,Graduate,Married,South,850,158621,1,0,0
C04535,57,691985,Salaried,Not Graduate,Single,West,634,1093350,10,0,0
C04536,42,683635,Salaried,Graduate,Married,West,577,1384132,15,0,0
C04537,62,632333,Self-Employed,Graduate,Single,South,482,531615,10,0,0
C04538,32,350882,Salaried,Not Graduate,Single,Central,852,168833,20,1,0
C04539,62,740379,Self-Employed,Graduate,Single,East,610,1522596,20,1,0
C04540,33,290982,Salaried,Graduate,Married,East,752,115206,3,3,1
C04541,31,649544,Self-Employed,Graduate,Married,Central,583,60934,5,2,1
C04542,36,208238,Salaried,Not Graduate,Single,North,788,342867,10,0,0
C04543,28,260484,Self-Employed,Graduate,Married,South,586,1512197,20,1,0
C04544,60,930685,Self-Employed,Graduate,Married,East,542,1772684,10,0,1
C04545,60,403638,Business,Not Graduate,Married,Central,631,1824702,1,1,1
C04546,22,325645,Business,Graduate,Married,East,602,751773,5,2,0
C04547,50,726679,Salaried,Graduate,Single,East,703,989858,3,0,0
C04548,50,765142,Salaried,Graduate,Single,North,645,1041994,20,1,0
C04549,32,364041,Self-Employed,Not Graduate,Single,East,706,958420,10,1,1
C04550,30,501474,Self-Employed,Graduate,Married,South,623,531891,10,0,0
C04551,64,470526,Salaried,Not Graduate,Single,Central,590,291630,10,0,0
C04552,31,123971,Salaried,Graduate,Married,North,597,1597153,1,2,1
C04553,35,236065,Self-Employed,Graduate,Single,North,834,1659387,20,0,0
C04554,36,676044,Business,Graduate,Single,Central,670,1986158,10,2,0
C04555,37,304165,Business,Graduate,Married,South,471,433094,10,0,0
C04556,46,561533,Salaried,Graduate,Married,East,603,1025197,1,0,1
C04557,22,498006,Salaried,Graduate,Single,East,658,216804,10,1,0
C04558,32,764475,Salaried,Graduate,Married,South,816,1664510,5,0,0
C04559,46,239496,Salaried,Graduate,Married,West,742,1774957,5,0,0
C04560,43,528285,Self-Employed,Graduate,Married,Central,567,274310,1,3,0
C04561,38,429580,Self-Employed,Not Graduate,Single,South,867,1340600,5,1,0
C04562,52,310084,Salaried,Graduate,Single,East,647,307476,15,1,0
C04563,58,309106,Salaried,Not Graduate,Married,Central,762,1937784,15,3,1
C04564,23,490100,Salaried,Graduate,Married,Central,546,331260,15,2,0
C04565,58,587335,Business,Not Graduate,Married,East,434,1211434,3,1,0
C04566,23,455257,Salaried,Graduate,Married,South,523,1842207,10,1,0
C04567,50,461677,Salaried,Graduate,Married,West,357,1591789,3,0,1
C04568,21,353513,Self-Employed,Graduate,Single,Central,840,126620,5,1,0
C04569,50,364221,Self-Employed,Graduate,Single,Central,669,1012275,1,0,1
C04570,52,309708,Business,Graduate,Single,Central,566,471972,15,1,1
C04571,48,350329,Salaried,Graduate,Married,South,690,132604,1,0,0
C04572,41,578158,Salaried,Graduate,Married,Central,667,668740,3,2,0
C04573,33,607971,Salaried,Graduate,Married,East,705,1908558,5,1,0
C04574,47,249161,Business,Graduate,Married,East,758,1266172,20,0,0
C04575,56,295553,Self-Employed,Graduate,Married,North,623,1546398,10,0,0
C04576,27,321361,Business,Not Graduate,Single,Central,570,774179,20,0,0
C04577,42,429846,Salaried,Graduate,Single,West,724,1693091,5,0,0
C04578,30,207436,Self-Employed,Not Graduate,Married,North,722,335356,15,0,0
C04579,59,297893,Salaried,Not Graduate,Married,Central,659,352262,5,1,0
C04580,35,237159,Salaried,Graduate,Married,Central,845,1913610,1,1,1
C04581,35,529779,Salaried,Graduate,Single,South,610,1640404,2,0,1
C04582,24,436544,Self-Employed,Not Graduate,Married,South,569,216901,15,1,0
C04583,52,359278,Salaried,Graduate,Married,East,687,237381,20,1,0
C04584,43,274175,Business,Not Graduate,Single,North,589,1819339,10,0,1
C04585,26,361785,Self-Employed,Graduate,Married,North,694,1956463,15,0,0
C04586,44,343138,Salaried,Graduate,Single,North,575,1645141,15,0,0
C04587,40,923198,Self-Employed,Graduate,Married,East,613,1741997,10,0,0
C04588,57,692912,Salaried,Graduate,Married,West,820,502889,20,0,0
C04589,40,324221,Salaried,Graduate,Single,West,613,1350772,15,0,0
C04590,32,476554,Self-Employed,Graduate,Married,West,578,486060,1,1,1
C04591,53,676639,Business,Graduate,Single,North,755,1032212,5,1,0
C04592,48,324176,Salaried,Graduate,Single,Central,555,846184,1,0,1
C04593,28,233818,Business,Graduate,Married,North,587,1311196,5,0,0
C04594,21,197089,Self-Employed,Graduate,Married,Central,701,1566503,2,0,1
C04595,57,784279,Salaried,Not Graduate,Single,South,734,483886,15,0,0
C04596,42,405964,Salaried,Not Graduate,Single,East,759,1297251,2,0,0
C04597,26,504385,Self-Employed,Not Graduate,Married,West,582,736838,3,0,0
C04598,41,341667,Salaried,Graduate,Single,North,703,469655,20,0,0
C04599,52,250057,Business,Graduate,Single,North,608,1002251,5,2,1
C04600,55,271961,Self-Employed,Not Graduate,Single,South,595,821784,1,0,1
C04601,35,241961,Salaried,Graduate,Married,Central,758,1521602,1,2,1
C04602,25,648552,Business,Graduate,Married,West,600,1903310,15,0,0
C04603,26,866010,Salaried,Graduate,Single,East,675,1426956,1,0,1
C04604,45,449890,Business,Not Graduate,Married,Central,664,114467,3,2,0
C04605,60,223460,Salaried,Graduate,Single,Central,553,1463070,10,1,0
C04606,49,553193,Self-Employed,Graduate,Married,West,736,1002345,1,0,1
C04607,27,781713,Salaried,Not Graduate,Single,East,700,1086853,15,0,0
C04608,60,685052,Self-Employed,Graduate,Single,West,471,1012217,2,0,0
C04609,33,436651,Salaried,Not Graduate,Married,West,674,1541338,20,2,0
C04610,58,398109,Salaried,Graduate,Single,North,580,830196,1,0,1
C04611,38,435075,Salaried,Not Graduate,Single,East,748,839480,1,0,1
C04612,22,767859,Business,Graduate,Married,Central,519,1872076,1,0,1
C04613,28,622914,Salaried,Graduate,Married,West,617,1681770,15,0,0
C04614,31,371910,Self-Employed,Graduate,Single,South,682,388781,20,1,0
C04615,53,367724,Business,Graduate,Married,East,654,341922,10,1,0
C04616,58,356196,Business,Graduate,Married,South,718,1257073,1,0,1
C04617,47,274008,Salaried,Graduate,Married,Central,513,812405,10,1,0
C04618,40,812870,Business,Graduate,Married,East,798,788748,10,2,0
C04619,32,310357,Salaried,Not Graduate,Married,North,697,170918,20,0,0
C04620,63,551625,Self-Employed,Graduate,Married,East,772,1975044,20,1,0
C04621,51,328521,Self-Employed,Not Graduate,Single,Central,728,1549968,3,1,1
C04622,47,356913,Salaried,Graduate,Married,North,648,1504466,2,1,1
C04623,52,420312,Salaried,Not Graduate,Married,Central,534,505618,1,1,1
C04624,30,565439,Salaried,Graduate,Single,East,599,1607901,1,0,1
C04625,23,393701,Salaried,Graduate,Single,Central,793,1319555,1,0,1
C04626,47,264966,Business,Not Graduate,Single,East,774,822793,10,1,0
C04627,55,446228,Salaried,Not Graduate,Single,North,594,61957,20,0,0
C04628,51,313325,Business,Graduate,Single,East,396,1957652,5,1,1
C04629,35,886225,Salaried,Graduate,Single,Central,630,1021120,2,1,0
C04630,36,393574,Business,Not Graduate,Single,Central,624,1998302,15,1,0
C04631,33,327555,Self-Employed,Graduate,Married,Central,627,67829,1,0,0
C04632,55,1075891,Business,Graduate,Married,South,697,1366557,5,1,0
C04633,31,616923,Salaried,Not Graduate,Single,South,728,1555933,5,1,0
C04634,41,295508,Self-Employed,Not Graduate,Married,South,739,196104,20,0,0
C04635,31,309925,Salaried,Graduate,Married,West,690,1198346,5,1,0
C04636,50,547644,Salaried,Graduate,Married,East,487,1649216,2,2,1
C04637,55,451154,Self-Employed,Graduate,Married,South,619,80215,5,0,0
C04638,42,660385,Self-Employed,Graduate,Single,Central,857,1548111,15,1,0
C04639,58,328336,Salaried,Graduate,Married,Central,683,1618327,1,1,1
C04640,51,606523,Salaried,Graduate,Married,South,683,780002,15,0,0
C04641,34,161582,Self-Employed,Not Graduate,Single,South,682,1401967,1,0,1
C04642,44,412710,Salaried,Not Graduate,Single,Central,687,1061806,3,0,0
C04643,52,335128,Salaried,Graduate,Married,South,435,703980,10,0,0
C04644,56,360493,Self-Employed,Not Graduate,Single,West,628,748408,5,1,0
C04645,52,422399,Salaried,Graduate,Married,West,646,824474,15,1,0
C04646,35,738463,Self-Employed,Not Graduate,Married,West,765,1071740,10,0,0
C04647,63,263203,Self-Employed,Graduate,Married,North,654,256604,10,0,0
C04648,55,165277,Business,Graduate,Single,West,501,641002,10,0,0
C04649,23,277305,Salaried,Graduate,Married,Central,688,347463,10,0,0
C04650,36,700882,Business,Graduate,Single,North,577,693346,10,1,0
C04651,25,211029,Salaried,Not Graduate,Single,Central,540,328169,1,1,0
C04652,41,342019,Salaried,Graduate,Married,Central,574,59780,2,1,0
C04653,30,645518,Salaried,Graduate,Single,South,698,859138,5,1,0
C04654,39,430932,Business,Graduate,Married,East,763,748276,5,0,0
C04655,45,735214,Self-Employed,Not Graduate,Married,West,693,125503,1,1,0
C04656,24,177069,Salaried,Graduate,Single,East,706,211928,15,0,0
C04657,49,382803,Salaried,Graduate,Married,East,692,1988174,1,0,1
C04658,39,807525,Salaried,Graduate,Married,South,659,1107755,20,1,0
C04659,63,266439,Salaried,Graduate,Married,East,712,743983,10,0,0
C04660,22,704796,Self-Employed,Graduate,Married,West,432,722947,2,1,0
C04661,30,397893,Self-Employed,Graduate,Married,North,659,729093,5,0,0
C04662,63,537862,Business,Not Graduate,Married,Central,555,831570,15,1,0
C04663,45,781597,Business,Graduate,Married,West,754,531522,3,0,0
C04664,40,536824,Self-Employed,Graduate,Married,South,636,1722287,1,1,1
C04665,39,339061,Salaried,Not Graduate,Married,North,652,1221652,3,0,0
C04666,43,569735,Salaried,Not Graduate,Married,South,514,185047,5,0,0
C04667,44,328466,Salaried,Graduate,Single,West,741,1353053,1,1,1
C04668,31,500325,Salaried,Not Graduate,Single,Central,706,1832391,5,3,0
C04669,54,251870,Self-Employed,Not Graduate,Married,East,700,387282,1,1,1
C04670,48,448243,Business,Graduate,Single,East,576,750823,15,0,0
C04671,25,755535,Business,Graduate,Married,South,580,223226,5,0,0
C04672,25,386757,Salaried,Graduate,Married,North,670,1305324,20,0,0
C04673,41,723720,Salaried,Not Graduate,Single,Central,587,561559,3,0,0
C04674,32,1779856,Business,Graduate,Married,South,689,1709570,2,2,0
C04675,24,436687,Business,Graduate,Single,Central,455,166905,15,1,1
C04676,62,583258,Salaried,Graduate,Married,South,606,1127406,20,1,1
C04677,40,548305,Self-Employed,Graduate,Single,North,811,1995084,15,0,1
C04678,58,489576,Self-Employed,Graduate,Married,West,689,1563918,1,0,1
C04679,45,630679,Salaried,Not Graduate,Married,East,665,342753,3,1,0
C04680,34,395678,Salaried,Graduate,Married,Central,828,591689,5,0,0
C04681,31,328356,Business,Not Graduate,Single,Central,439,470945,3,4,1
C04682,52,222605,Self-Employed,Not Graduate,Married,North,576,939912,15,1,0
C04683,31,379177,Salaried,Graduate,Single,Central,613,1216854,1,2,1
C04684,38,663739,Self-Employed,Not Graduate,Single,West,727,750527,3,0,0
C04685,47,289842,Self-Employed,Graduate,Married,West,728,275253,20,0,0
C04686,38,494352,Business,Not Graduate,Single,North,572,1942399,5,3,1
C04687,43,418570,Salaried,Not Graduate,Married,South,739,1749407,10,0,0
C04688,31,334595,Business,Not Graduate,Married,South,613,1717447,15,1,0
C04689,41,192169,Salaried,Graduate,Married,Central,759,239243,2,0,0
C04690,64,816910,Self-Employed,Not Graduate,Married,Central,557,531312,2,1,0
C04691,25,558346,Self-Employed,Graduate,Single,North,638,187719,15,1,0
C04692,43,1467953,Salaried,Graduate,Married,West,605,1366735,10,1,0
C04693,61,719085,Salaried,Not Graduate,Married,North,745,333650,1,1,0
C04694,45,808749,Business,Not Graduate,Married,South,602,295221,3,1,0
C04695,61,201348,Self-Employed,Graduate,Married,West,646,1122643,3,0,1
C04696,30,199770,Salaried,Graduate,Married,Central,695,1096371,10,1,0
C04697,42,450917,Salaried,Graduate,Married,South,699,442963,20,1,0
C04698,39,263905,Salaried,Graduate,Married,East,729,1608569,10,2,1
C04699,21,325598,Salaried,Not Graduate,Married,South,669,1624920,5,0,0
C04700,27,1378930,Business,Graduate,Married,West,612,304770,5,1,0
C04701,24,755733,Self-Employed,Graduate,Married,West,618,603616,2,0,0
C04702,21,290382,Business,Graduate,Single,North,652,914144,1,0,1
C04703,35,152549,Salaried,Graduate,Married,West,672,102832,1,0,0
C04704,60,279575,Self-Employed,Graduate,Single,East,636,1141347,20,1,0
C04705,32,344297,Salaried,Graduate,Married,East,651,147421,10,0,0
C04706,42,382862,Self-Employed,Graduate,Married,West,513,1276163,2,3,1
C04707,42,248806,Salaried,Graduate,Married,Central,710,638826,2,0,1
C04708,37,735593,Salaried,Graduate,Married,West,666,1570770,5,0,0
C04709,49,321207,Self-Employed,Graduate,Married,Central,740,1400871,3,0,0
C04710,34,592354,Salaried,Graduate,Single,West,650,1755565,20,0,0
C04711,40,453272,Self-Employed,Not Graduate,Single,South,493,1444183,1,4,1
C04712,53,674896,Self-Employed,Graduate,Married,West,617,1719717,20,2,0
C04713,63,397494,Self-Employed,Graduate,Married,South,632,1712296,2,0,1
C04714,35,291780,Business,Graduate,Single,Central,716,340299,5,0,0
C04715,32,337944,Salaried,Graduate,Married,West,463,825817,5,1,0
C04716,60,340095,Salaried,Graduate,Single,Central,653,199360,5,2,0
C04717,40,1120233,Business,Not Graduate,Married,East,696,1411308,20,0,0
C04718,50,457909,Self-Employed,Graduate,Single,North,590,268023,3,1,0
C04719,58,443336,Salaried,Not Graduate,Married,Central,656,741445,2,1,0
C04720,23,657968,Business,Not Graduate,Single,South,593,1093904,10,2,0
C04721,48,442399,Salaried,Graduate,Single,North,584,585539,10,2,0
C04722,46,732892,Salaried,Not Graduate,Married,West,613,1200996,5,1,0
C04723,50,374207,Salaried,Graduate,Married,South,586,1779510,5,0,1
C04724,33,357489,Salaried,Graduate,Married,North,711,321767,3,0,0
C04725,33,284610,Salaried,Graduate,Married,North,583,267544,5,1,0
C04726,22,1017156,Salaried,Not Graduate,Married,Central,568,1415435,15,1,0
C04727,57,428728,Salaried,Graduate,Married,West,809,318267,2,1,0
C04728,58,260844,Salaried,Graduate,Married,West,736,1363781,5,1,1
C04729,22,483386,Salaried,Graduate,Married,West,482,1204969,5,0,0
C04730,56,330207,Self-Employed,Graduate,Single,Central,581,828504,2,1,0
C04731,46,371267,Salaried,Graduate,Single,Central,671,938467,1,1,1
C04732,31,508814,Salaried,Graduate,Married,West,679,1399815,15,0,0
C04733,28,877158,Salaried,Graduate,Married,North,515,240690,15,0,0
C04734,64,463107,Salaried,Graduate,Single,West,754,995955,10,1,0
C04735,60,321268,Salaried,Not Graduate,Single,Central,724,918329,5,0,0
C04736,63,352493,Salaried,Not Graduate,Single,West,693,1704307,2,1,1
C04737,42,594455,Self-Employed,Graduate,Married,Central,772,430149,10,2,0
C04738,40,183275,Self-Employed,Not Graduate,Single,West,690,1919822,20,2,0
C04739,28,276728,Business,Graduate,Married,North,690,1609624,20,2,0
C04740,49,486839,Salaried,Graduate,Married,North,790,135141,3,1,0
C04741,60,205253,Salaried,Graduate,Married,Central,749,541008,20,0,0
C04742,46,384372,Salaried,Not Graduate,Single,Central,574,782228,20,2,0
C04743,50,356746,Self-Employed,Graduate,Married,South,706,1791768,1,0,1
C04744,37,656614,Salaried,Graduate,Married,East,590,1062516,5,0,0
C04745,40,395289,Salaried,Not Graduate,Single,South,695,1763381,1,0,1
C04746,36,754651,Salaried,Not Graduate,Married,Central,692,1263138,5,1,0
C04747,63,458397,Self-Employed,Graduate,Married,Central,525,1652631,5,0,1
C04748,27,984021,Business,Not Graduate,Married,West,639,1144633,5,0,0
C04749,36,236956,Business,Graduate,Single,South,673,261818,1,0,0
C04750,47,915940,Salaried,Graduate,Single,East,610,1319343,15,2,0
C04751,43,367689,Salaried,Graduate,Married,South,678,1040604,3,0,0
C04752,44,858787,Business,Graduate,Married,North,722,746403,15,0,0
C04753,29,754156,Salaried,Graduate,Married,North,647,1447475,2,0,0
C04754,55,122594,Salaried,Graduate,Single,South,670,1912954,2,1,1
C04755,40,548874,Self-Employed,Graduate,Single,South,774,217659,20,0,0
C04756,57,693099,Self-Employed,Graduate,Married,Central,692,1364084,15,4,0
C04757,62,804411,Business,Graduate,Married,West,668,563993,3,2,0
C04758,37,260540,Self-Employed,Graduate,Married,North,563,1037358,20,1,0
C04759,51,577032,Salaried,Not Graduate,Married,East,710,1810024,3,0,1
C04760,28,483005,Salaried,Graduate,Single,West,679,560684,5,0,0
C04761,35,537204,Business,Not Graduate,Married,South,765,651303,5,2,0
C04762,51,693510,Self-Employed,Graduate,Single,North,654,1237046,2,0,0
C04763,50,744538,Self-Employed,Graduate,Married,South,486,1494244,5,0,0
C04764,40,329362,Business,Graduate,Married,North,496,1447928,20,1,0
C04765,59,498539,Self-Employed,Not Graduate,Married,East,716,1000697,5,0,0
C04766,32,450679,Salaried,Graduate,Married,West,598,599633,3,1,0
C04767,37,397238,Self-Employed,Not Graduate,Single,East,689,1603603,1,0,1
C04768,62,414696,Self-Employed,Graduate,Single,East,660,1446615,15,0,0
C04769,50,483204,Salaried,Not Graduate,Married,West,634,779695,10,0,0
C04770,49,337428,Salaried,Not Graduate,Married,West,641,1026700,10,1,0
C04771,39,658267,Self-Employed,Not Graduate,Married,East,572,1252701,5,0,0
C04772,31,783235,Salaried,Graduate,Married,South,648,830912,5,0,0
C04773,54,305816,Self-Employed,Graduate,Married,West,597,1067932,15,1,0
C04774,27,800705,Salaried,Graduate,Single,East,616,1751886,10,0,0
C04775,64,306075,Business,Graduate,Single,East,620,448231,3,0,1
C04776,54,662651,Salaried,Graduate,Single,East,629,1326849,10,0,0
C04777,40,800038,Salaried,Graduate,Married,South,732,363260,10,0,0
C04778,58,423992,Salaried,Not Graduate,Married,Central,638,203023,20,2,0
C04779,44,307206,Salaried,Graduate,Single,Central,742,1458319,10,1,0
C04780,30,339453,Salaried,Graduate,Married,West,788,279351,5,1,0
C04781,52,520651,Salaried,Graduate,Single,Central,726,1911529,20,1,0
C04782,35,1070990,Self-Employed,Not Graduate,Single,North,698,366575,5,2,0
C04783,57,206544,Salaried,Graduate,Married,West,679,847163,15,0,1
C04784,40,462827,Self-Employed,Not Graduate,Married,West,727,724104,10,1,0
C04785,23,425222,Self-Employed,Not Graduate,Married,East,658,1423814,5,1,0
C04786,57,360254,Self-Employed,Graduate,Married,North,738,1903431,15,0,0
C04787,60,426619,Salaried,Graduate,Single,Central,705,426756,10,1,0
C04788,28,346629,Self-Employed,Graduate,Married,West,617,578222,3,0,0
C04789,60,774071,Salaried,Not Graduate,Married,North,730,1175521,5,1,0
C04790,64,809459,Business,Graduate,Married,South,658,825842,1,1,0
C04791,43,460312,Business,Graduate,Single,South,640,966875,15,0,0
C04792,60,415187,Salaried,Graduate,Single,East,607,671234,5,0,0
C04793,31,354382,Salaried,Graduate,Single,North,664,1719208,3,0,0
C04794,28,460757,Salaried,Graduate,Single,West,739,189244,3,1,0
C04795,49,1016142,Salaried,Graduate,Married,South,730,1650222,5,0,1
C04796,50,422235,Self-Employed,Graduate,Single,South,681,771673,2,3,1
C04797,30,303232,Self-Employed,Graduate,Married,Central,703,1228350,15,1,0
C04798,59,369907,Salaried,Not Graduate,Married,Central,764,1380483,10,1,0
C04799,48,620984,Self-Employed,Graduate,Married,North,636,543938,10,0,0
C04800,56,320301,Business,Not Graduate,Single,Central,549,539922,3,0,0
C04801,33,435753,Self-Employed,Graduate,Married,North,767,1184573,5,0,0
C04802,52,547324,Salaried,Graduate,Single,West,602,291830,2,2,0
C04803,56,331426,Self-Employed,Graduate,Single,West,587,1952983,15,0,0
C04804,57,199988,Salaried,Not Graduate,Single,West,488,188876,1,1,1
C04805,46,273177,Business,Graduate,Married,Central,701,1078831,10,0,0
C04806,42,300605,Salaried,Not Graduate,Single,Central,504,1015098,20,0,0
C04807,24,399124,Salaried,Not Graduate,Married,East,582,259820,15,0,0
C04808,51,451321,Self-Employed,Graduate,Single,South,702,661477,15,0,0
C04809,38,640923,Salaried,Graduate,Married,West,714,1710371,2,0,1
C04810,58,254672,Self-Employed,Graduate,Married,Central,591,379669,15,2,0
C04811,44,600326,Salaried,Not Graduate,Married,South,637,673536,10,0,0
C04812,43,374401,Self-Employed,Graduate,Single,West,571,598892,5,0,0
C04813,42,198095,Salaried,Graduate,Married,West,600,743278,10,0,0
C04814,22,445123,Salaried,Not Graduate,Married,South,673,179716,1,0,0
C04815,51,799962,Self-Employed,Graduate,Single,South,604,1804785,5,0,0
C04816,31,658290,Salaried,Graduate,Married,Central,628,211919,3,1,0
C04817,48,427486,Salaried,Graduate,Married,South,518,1552501,2,0,1
C04818,52,734244,Self-Employed,Not Graduate,Married,South,751,584968,10,2,0
C04819,25,482386,Self-Employed,Graduate,Married,Central,695,1736372,5,0,0
C04820,58,687993,Salaried,Graduate,Single,West,721,145619,15,2,0
C04821,30,209458,Self-Employed,Graduate,Single,South,766,105037,5,1,0
C04822,60,252116,Salaried,Not Graduate,Married,East,575,674257,10,1,0
C04823,44,614194,Salaried,Graduate,Single,North,617,1209691,3,0,1
C04824,55,884410,Salaried,Graduate,Married,South,479,108914,10,1,1
C04825,64,533803,Salaried,Not Graduate,Married,South,900,1780245,3,0,1
C04826,43,353697,Business,Graduate,Married,North,636,1205831,15,0,1
C04827,37,301723,Salaried,Not Graduate,Married,East,743,584637,10,0,0
C04828,21,383888,Self-Employed,Graduate,Married,West,538,1566871,5,0,1
C04829,51,763857,Business,Graduate,Single,East,739,1552612,1,0,0
C04830,51,379216,Business,Graduate,Single,North,817,256068,1,1,0
C04831,62,708916,Salaried,Not Graduate,Married,South,644,1002057,15,2,0
C04832,62,593420,Business,Graduate,Married,West,559,602813,20,2,0
C04833,54,956720,Business,Graduate,Married,East,637,1366668,20,2,0
C04834,29,484134,Salaried,Not Graduate,Married,East,449,588786,5,0,0
C04835,42,432648,Salaried,Not Graduate,Married,West,646,986495,1,1,1
C04836,33,725018,Salaried,Graduate,Married,East,723,1844446,15,2,0
C04837,45,290434,Self-Employed,Graduate,Single,North,646,109790,3,0,0
C04838,38,362287,Self-Employed,Graduate,Married,West,624,76245,5,0,0
C04839,32,207730,Salaried,Not Graduate,Married,North,697,1229886,20,0,1
C04840,60,251589,Self-Employed,Graduate,Married,West,704,987424,3,1,0
C04841,37,1051278,Salaried,Not Graduate,Single,North,500,96659,5,0,0
C04842,35,604128,Business,Graduate,Married,South,657,1610341,3,0,0
C04843,62,238752,Salaried,Graduate,Married,South,869,649162,3,1,0
C04844,35,757419,Self-Employed,Graduate,Single,East,529,354661,1,3,1
C04845,35,322331,Salaried,Graduate,Married,West,642,700906,5,0,0
C04846,59,590324,Salaried,Graduate,Married,West,824,650173,10,0,0
C04847,33,586369,Self-Employed,Not Graduate,Married,North,749,620638,1,0,0
C04848,37,935883,Salaried,Graduate,Married,East,603,1962187,3,1,0
C04849,52,347326,Salaried,Graduate,Single,East,668,828539,3,0,0
C04850,29,317076,Business,Not Graduate,Married,West,649,995778,20,1,0
C04851,60,131917,Salaried,Graduate,Single,South,582,357157,10,0,0
C04852,40,418822,Business,Graduate,Married,West,643,811563,20,0,0
C04853,46,613170,Salaried,Not Graduate,Single,West,624,89913,10,1,0
C04854,47,652057,Salaried,Graduate,Single,Central,660,1333813,3,1,0
C04855,41,777298,Salaried,Graduate,Single,North,582,1406539,10,0,0
C04856,38,504040,Business,Not Graduate,Single,North,535,132168,2,2,0
C04857,33,555237,Salaried,Graduate,Married,Central,646,1453400,20,1,0
C04858,36,456185,Business,Not Graduate,Married,East,804,1070131,20,2,0
C04859,29,608258,Business,Graduate,Married,North,657,1455512,1,1,1
C04860,32,290567,Salaried,Graduate,Single,East,620,770270,5,2,0
C04861,64,234729,Self-Employed,Not Graduate,Married,South,717,1777421,20,0,0
C04862,58,304695,Self-Employed,Graduate,Married,East,635,446076,10,1,1
C04863,39,487054,Salaried,Not Graduate,Married,North,818,99875,10,1,0
C04864,27,246423,Salaried,Graduate,Married,East,649,195991,2,1,0
C04865,55,332714,Salaried,Not Graduate,Single,South,713,1590665,5,0,0
C04866,38,337532,Self-Employed,Not Graduate,Single,Central,582,1958955,2,2,1
C04867,36,628957,Self-Employed,Graduate,Married,North,695,1108162,5,0,0
C04868,59,595432,Salaried,Not Graduate,Married,South,674,101986,20,2,0
C04869,24,456671,Salaried,Graduate,Married,West,644,1974856,20,1,0
C04870,45,541977,Business,Not Graduate,Single,Central,604,1383775,1,2,1
C04871,52,546809,Salaried,Graduate,Married,Central,592,478106,10,1,0
C04872,60,375634,Self-Employed,Not Graduate,Married,North,675,506297,1,3,1
C04873,33,346582,Salaried,Graduate,Married,South,706,603095,5,2,0
C04874,37,883378,Business,Graduate,Married,West,638,1315568,10,0,0
C04875,57,144335,Business,Graduate,Single,South,675,1932185,20,2,1
C04876,26,316922,Salaried,Graduate,Single,East,646,1586253,2,0,1
C04877,39,403647,Salaried,Graduate,Married,North,658,1167201,20,0,0
C04878,33,569194,Salaried,Graduate,Married,East,631,368461,20,0,0
C04879,46,737467,Salaried,Graduate,Single,East,651,483194,3,0,0
C04880,34,1020220,Salaried,Graduate,Single,Central,892,1377153,2,2,0
C04881,51,424526,Self-Employed,Not Graduate,Married,Central,678,1131858,3,0,0
C04882,24,437516,Salaried,Graduate,Single,East,708,1699383,2,2,1
C04883,59,520827,Salaried,Graduate,Married,South,689,814634,5,0,0
C04884,28,348361,Self-Employed,Not Graduate,Married,North,626,1928586,1,2,1
C04885,45,259650,Self-Employed,Graduate,Married,North,766,180843,3,0,0
C04886,33,423660,Salaried,Graduate,Married,South,623,682621,5,1,0
C04887,52,618725,Self-Employed,Not Graduate,Single,East,744,205205,1,2,0
C04888,58,396600,Self-Employed,Graduate,Married,North,619,573566,1,0,1
C04889,58,532877,Self-Employed,Graduate,Single,Central,563,624605,10,0,0
C04890,48,190809,Salaried,Graduate,Married,West,682,1226454,20,0,0
C04891,50,446092,Salaried,Graduate,Married,Central,550,1207321,10,0,0
C04892,23,368962,Business,Graduate,Single,South,698,441374,20,1,0
C04893,48,249245,Business,Graduate,Single,West,542,640238,10,1,0
C04894,23,594660,Self-Employed,Not Graduate,Single,North,621,633900,3,2,1
C04895,54,1015143,Salaried,Not Graduate,Married,North,521,114873,3,1,0
C04896,36,690714,Self-Employed,Graduate,Single,West,900,1867333,20,0,0
C04897,42,710828,Business,Graduate,Married,North,501,1738656,1,1,1
C04898,52,609634,Salaried,Graduate,Married,West,650,792138,3,1,0
C04899,58,591787,Salaried,Graduate,Married,East,752,243074,1,0,0
C04900,28,196861,Self-Employed,Not Graduate,Married,South,743,1020012,5,1,1
C04901,28,417659,Business,Graduate,Single,Central,726,543936,2,0,0
C04902,26,556210,Salaried,Not Graduate,Married,West,621,743739,1,0,1
C04903,34,561929,Self-Employed,Graduate,Single,West,771,1638095,1,1,1
C04904,52,784081,Self-Employed,Not Graduate,Single,East,732,1448105,5,1,0
C04905,55,278012,Self-Employed,Not Graduate,Married,Central,669,1664027,20,2,0
C04906,30,581445,Self-Employed,Graduate,Married,East,671,958312,10,2,0
C04907,23,273958,Self-Employed,Graduate,Single,East,622,999180,15,0,0
C04908,32,402212,Salaried,Graduate,Married,South,568,924024,20,2,1
C04909,51,430247,Salaried,Graduate,Single,North,761,418708,10,1,0
C04910,49,652232,Self-Employed,Graduate,Married,Central,768,1877331,10,0,0
C04911,25,618609,Salaried,Graduate,Married,East,570,1052987,20,0,0
C04912,45,467029,Self-Employed,Not Graduate,Married,North,636,1678399,20,1,1
C04913,61,167977,Self-Employed,Graduate,Married,North,637,1471672,1,0,1
C04914,51,540459,Salaried,Graduate,Married,North,647,227182,1,1,0
C04915,41,392207,Self-Employed,Not Graduate,Married,North,655,1800914,3,0,0
C04916,40,827622,Salaried,Graduate,Married,South,735,1844754,3,2,1
C04917,59,743461,Salaried,Not Graduate,Married,South,582,1059241,2,2,1
C04918,42,290073,Salaried,Graduate,Single,East,573,1826305,2,0,1
C04919,24,574915,Business,Graduate,Single,North,761,447968,15,0,0
C04920,33,580044,Salaried,Graduate,Single,East,608,1647371,20,1,0
C04921,62,561368,Self-Employed,Graduate,Married,West,536,528921,3,1,0
C04922,40,529565,Salaried,Graduate,Single,South,606,1747089,20,0,0
C04923,33,587463,Salaried,Graduate,Single,South,620,1352871,1,0,1
C04924,37,869495,Salaried,Graduate,Single,Central,789,160282,5,0,0
C04925,56,345199,Self-Employed,Graduate,Married,West,733,1008999,3,0,0
C04926,53,294309,Salaried,Graduate,Married,South,753,271538,1,1,0
C04927,21,629210,Salaried,Graduate,Married,North,723,241958,20,0,0
C04928,35,189564,Self-Employed,Graduate,Single,North,735,382703,3,0,0
C04929,33,593807,Salaried,Not Graduate,Married,North,588,1623846,10,0,0
C04930,37,548324,Salaried,Graduate,Married,East,632,1309489,3,2,1
C04931,44,153971,Salaried,Not Graduate,Married,South,560,1751992,20,0,0
C04932,28,332251,Salaried,Graduate,Married,East,631,1507938,20,0,0
C04933,47,899135,Self-Employed,Graduate,Married,South,711,821393,15,0,0
C04934,43,229640,Salaried,Graduate,Married,Central,662,1284491,20,2,0
C04935,28,486828,Salaried,Graduate,Married,East,768,1350338,10,1,0
C04936,28,281473,Business,Graduate,Married,South,547,651025,1,0,1
C04937,46,321571,Business,Graduate,Single,Central,695,1181022,10,0,0
C04938,33,1047946,Business,Graduate,Single,South,537,1187143,3,1,0
C04939,59,467684,Business,Graduate,Married,West,658,860068,10,0,0
C04940,57,558286,Self-Employed,Graduate,Married,East,716,1443570,15,2,0
C04941,48,420580,Self-Employed,Not Graduate,Married,North,630,232506,5,0,0
C04942,45,223728,Self-Employed,Graduate,Married,Central,699,1182442,10,0,0
C04943,36,259570,Self-Employed,Graduate,Married,Central,563,1815207,20,1,0
C04944,22,751851,Self-Employed,Graduate,Single,North,500,112726,15,3,1
C04945,38,473923,Salaried,Graduate,Single,Central,700,917333,10,0,0
C04946,37,312815,Business,Graduate,Married,North,806,1600829,2,0,1
C04947,50,438044,Self-Employed,Not Graduate,Married,North,560,715468,5,1,0
C04948,59,595835,Business,Graduate,Married,South,759,643184,1,2,0
C04949,33,542812,Salaried,Graduate,Married,East,653,223625,20,1,1
C04950,52,312886,Salaried,Graduate,Married,West,529,1663744,15,2,0
C04951,49,217752,Salaried,Graduate,Married,Central,548,819680,10,0,1
C04952,50,368364,Salaried,Graduate,Single,South,651,1412797,5,0,0
C04953,38,728739,Salaried,Graduate,Married,West,613,53625,1,1,0
C04954,33,649832,Salaried,Graduate,Single,West,531,1136813,5,1,0
C04955,63,532150,Salaried,Graduate,Married,Central,497,51223,15,2,0
C04956,41,409668,Salaried,Not Graduate,Married,Central,573,240375,2,0,0
C04957,50,350621,Self-Employed,Graduate,Married,South,667,115197,15,1,0
C04958,41,413102,Business,Graduate,Married,Central,649,1335062,15,0,0
C04959,37,628943,Salaried,Graduate,Married,West,604,1435413,1,0,1
C04960,60,697031,Self-Employed,Graduate,Married,Central,668,1734419,1,0,1
C04961,39,393248,Salaried,Not Graduate,Single,South,743,1398480,10,1,0
C04962,35,1385129,Salaried,Graduate,Married,South,685,1570974,3,1,0
C04963,29,461197,Self-Employed,Graduate,Single,South,639,1995182,15,0,1
C04964,30,378461,Self-Employed,Graduate,Married,Central,733,1487912,1,0,1
C04965,64,859452,Business,Graduate,Married,East,563,1549758,15,0,0
C04966,51,176798,Salaried,Graduate,Married,South,629,1389744,15,0,0
C04967,43,549088,Business,Graduate,Married,East,631,1562115,1,2,1
C04968,50,428155,Salaried,Graduate,Single,North,538,859634,2,0,1
C04969,53,848888,Salaried,Graduate,Single,South,612,955846,2,0,0
C04970,29,580831,Salaried,Graduate,Married,East,463,1150100,15,2,0
C04971,21,470991,Self-Employed,Not Graduate,Married,East,822,1797844,2,0,0
C04972,64,596112,Salaried,Graduate,Single,West,565,1527859,15,0,0
C04973,55,275126,Salaried,Not Graduate,Single,East,792,452576,10,0,0
C04974,31,683559,Self-Employed,Graduate,Married,West,653,410372,1,1,1
C04975,54,241575,Salaried,Not Graduate,Single,East,700,1203331,15,1,0
C04976,36,519864,Salaried,Not Graduate,Single,East,606,1766877,2,1,1
C04977,29,449560,Salaried,Graduate,Married,North,668,328137,2,1,0
C04978,52,200110,Salaried,Not Graduate,Married,East,708,1637484,5,1,1
C04979,35,456353,Self-Employed,Not Graduate,Married,Central,709,1643057,5,0,0
C04980,32,502270,Self-Employed,Graduate,Married,Central,719,887991,20,0,0
C04981,53,329491,Salaried,Not Graduate,Married,Central,616,333392,2,1,0
C04982,34,280522,Salaried,Graduate,Married,North,606,1537644,20,0,0
C04983,28,552097,Business,Graduate,Single,East,506,972531,20,0,0
C04984,28,520758,Salaried,Not Graduate,Single,North,697,1948418,20,0,0
C04985,47,489954,Self-Employed,Not Graduate,Single,East,747,1364980,10,1,0
C04986,32,444177,Salaried,Graduate,Single,West,795,1922604,3,2,1
C04987,21,342849,Salaried,Graduate,Married,North,677,1861012,15,0,0
C04988,63,1229947,Business,Graduate,Married,Central,581,59012,5,0,0
C04989,60,386834,Self-Employed,Graduate,Married,Central,497,1124399,15,2,0
C04990,62,299748,Salaried,Graduate,Married,Central,743,1958859,5,1,0
C04991,31,453382,Salaried,Graduate,Married,East,488,1145603,1,0,1
C04992,59,407818,Salaried,Not Graduate,Married,East,619,1307815,1,1,1
C04993,63,382819,Salaried,Graduate,Single,North,629,395938,2,0,0
C04994,51,1028306,Business,Graduate,Married,South,643,861531,1,0,0
C04995,37,266096,Business,Graduate,Married,East,653,1986435,1,0,1
C04996,53,449929,Salaried,Not Graduate,Single,South,662,873424,3,0,0
C04997,52,274250,Salaried,Graduate,Single,South,432,956374,20,2,0
C04998,49,346812,Self-Employed,Graduate,Single,East,651,1064416,10,1,0
C04999,41,966321,Salaried,Graduate,Married,North,449,1240625,2,0,0
C05000,41,502148,Self-Employed,Not Graduate,Single,South,715,1023738,3,1,0
